document_id,query_name,ground_truth,prediction,correct,raw_response
0,hoc_activating_invasion_and_metastasis,No,No,1,No
1,hoc_activating_invasion_and_metastasis,No,No,1,No
2,hoc_activating_invasion_and_metastasis,No,No,1,No
3,hoc_activating_invasion_and_metastasis,No,No,1,No
4,hoc_activating_invasion_and_metastasis,No,No,1,No
5,hoc_activating_invasion_and_metastasis,Yes,Yes,1,Yes
6,hoc_activating_invasion_and_metastasis,No,No,1,No
7,hoc_activating_invasion_and_metastasis,No,No,1,No
8,hoc_activating_invasion_and_metastasis,No,No,1,No
9,hoc_activating_invasion_and_metastasis,Yes,No,0,No
10,hoc_activating_invasion_and_metastasis,No,No,1,No
11,hoc_activating_invasion_and_metastasis,Yes,No,0,No
12,hoc_activating_invasion_and_metastasis,Yes,No,0,No
13,hoc_activating_invasion_and_metastasis,No,No,1,No
14,hoc_activating_invasion_and_metastasis,No,No,1,No
15,hoc_activating_invasion_and_metastasis,No,No,1,No
16,hoc_activating_invasion_and_metastasis,No,No,1,No
17,hoc_activating_invasion_and_metastasis,No,No,1,No
18,hoc_activating_invasion_and_metastasis,No,No,1,No
19,hoc_activating_invasion_and_metastasis,Yes,Yes,1,Yes
20,hoc_activating_invasion_and_metastasis,Yes,No,0,No
21,hoc_activating_invasion_and_metastasis,No,No,1,No
22,hoc_activating_invasion_and_metastasis,No,No,1,No
23,hoc_activating_invasion_and_metastasis,No,No,1,No
24,hoc_activating_invasion_and_metastasis,No,No,1,No
25,hoc_activating_invasion_and_metastasis,No,No,1,No
26,hoc_activating_invasion_and_metastasis,No,No,1,No
27,hoc_activating_invasion_and_metastasis,No,No,1,No
28,hoc_activating_invasion_and_metastasis,No,No,1,No
29,hoc_activating_invasion_and_metastasis,No,No,1,No
30,hoc_activating_invasion_and_metastasis,No,No,1,No
31,hoc_activating_invasion_and_metastasis,No,No,1,No
32,hoc_activating_invasion_and_metastasis,No,No,1,No
33,hoc_activating_invasion_and_metastasis,No,No,1,No
34,hoc_activating_invasion_and_metastasis,No,No,1,No
35,hoc_activating_invasion_and_metastasis,No,No,1,No
36,hoc_activating_invasion_and_metastasis,No,No,1,No
37,hoc_activating_invasion_and_metastasis,Yes,No,0,No
38,hoc_activating_invasion_and_metastasis,No,No,1,No
39,hoc_activating_invasion_and_metastasis,No,No,1,No
40,hoc_activating_invasion_and_metastasis,No,No,1,No
41,hoc_activating_invasion_and_metastasis,No,No,1,No
42,hoc_activating_invasion_and_metastasis,No,No,1,No
43,hoc_activating_invasion_and_metastasis,No,No,1,No
44,hoc_activating_invasion_and_metastasis,Yes,Yes,1,Yes
45,hoc_activating_invasion_and_metastasis,No,No,1,No
46,hoc_activating_invasion_and_metastasis,No,No,1,No
47,hoc_activating_invasion_and_metastasis,No,No,1,No
48,hoc_activating_invasion_and_metastasis,No,No,1,No
49,hoc_activating_invasion_and_metastasis,No,No,1,No
50,hoc_activating_invasion_and_metastasis,No,No,1,No
51,hoc_activating_invasion_and_metastasis,No,No,1,No
52,hoc_activating_invasion_and_metastasis,No,No,1,No
53,hoc_activating_invasion_and_metastasis,No,No,1,No
54,hoc_activating_invasion_and_metastasis,No,No,1,No
55,hoc_activating_invasion_and_metastasis,No,No,1,No
56,hoc_activating_invasion_and_metastasis,No,No,1,No
57,hoc_activating_invasion_and_metastasis,No,No,1,No
58,hoc_activating_invasion_and_metastasis,No,No,1,No
59,hoc_activating_invasion_and_metastasis,No,No,1,No
60,hoc_activating_invasion_and_metastasis,No,No,1,No
61,hoc_activating_invasion_and_metastasis,No,No,1,No
62,hoc_activating_invasion_and_metastasis,No,No,1,No
63,hoc_activating_invasion_and_metastasis,Yes,No,0,No
64,hoc_activating_invasion_and_metastasis,No,No,1,No
65,hoc_activating_invasion_and_metastasis,No,No,1,No
66,hoc_activating_invasion_and_metastasis,No,No,1,No
67,hoc_activating_invasion_and_metastasis,No,No,1,No
68,hoc_activating_invasion_and_metastasis,No,No,1,No
69,hoc_activating_invasion_and_metastasis,Yes,No,0,No
70,hoc_activating_invasion_and_metastasis,No,No,1,No
71,hoc_activating_invasion_and_metastasis,No,No,1,No
72,hoc_activating_invasion_and_metastasis,No,No,1,No
73,hoc_activating_invasion_and_metastasis,No,No,1,No
74,hoc_activating_invasion_and_metastasis,Yes,Yes,1,Yes
75,hoc_activating_invasion_and_metastasis,No,No,1,No
76,hoc_activating_invasion_and_metastasis,No,No,1,No
77,hoc_activating_invasion_and_metastasis,No,No,1,No
78,hoc_activating_invasion_and_metastasis,No,No,1,No
79,hoc_activating_invasion_and_metastasis,Yes,Yes,1,Yes
80,hoc_activating_invasion_and_metastasis,No,Yes,0,Yes
81,hoc_activating_invasion_and_metastasis,No,No,1,No
82,hoc_activating_invasion_and_metastasis,No,No,1,No
83,hoc_activating_invasion_and_metastasis,No,No,1,No
84,hoc_activating_invasion_and_metastasis,No,No,1,No
85,hoc_activating_invasion_and_metastasis,No,No,1,No
86,hoc_activating_invasion_and_metastasis,No,No,1,No
87,hoc_activating_invasion_and_metastasis,No,No,1,No
88,hoc_activating_invasion_and_metastasis,No,No,1,No
89,hoc_activating_invasion_and_metastasis,No,No,1,No
90,hoc_activating_invasion_and_metastasis,Yes,No,0,No
91,hoc_activating_invasion_and_metastasis,No,No,1,No
92,hoc_activating_invasion_and_metastasis,No,No,1,No
93,hoc_activating_invasion_and_metastasis,No,No,1,No
94,hoc_activating_invasion_and_metastasis,Yes,No,0,No
95,hoc_activating_invasion_and_metastasis,No,No,1,No
96,hoc_activating_invasion_and_metastasis,Yes,Yes,1,Yes
97,hoc_activating_invasion_and_metastasis,No,No,1,No
98,hoc_activating_invasion_and_metastasis,Yes,No,0,No
99,hoc_activating_invasion_and_metastasis,No,No,1,No
100,hoc_activating_invasion_and_metastasis,No,No,1,No
101,hoc_activating_invasion_and_metastasis,No,No,1,No
102,hoc_activating_invasion_and_metastasis,No,No,1,No
103,hoc_activating_invasion_and_metastasis,No,No,1,No
104,hoc_activating_invasion_and_metastasis,Yes,Yes,1,Yes
105,hoc_activating_invasion_and_metastasis,No,No,1,No
106,hoc_activating_invasion_and_metastasis,No,No,1,No
107,hoc_activating_invasion_and_metastasis,No,No,1,No
108,hoc_activating_invasion_and_metastasis,Yes,No,0,No
109,hoc_activating_invasion_and_metastasis,No,No,1,No
110,hoc_activating_invasion_and_metastasis,No,No,1,No
111,hoc_activating_invasion_and_metastasis,No,No,1,No
112,hoc_activating_invasion_and_metastasis,No,No,1,No
113,hoc_activating_invasion_and_metastasis,No,No,1,No
114,hoc_activating_invasion_and_metastasis,No,No,1,No
115,hoc_activating_invasion_and_metastasis,No,No,1,No
116,hoc_activating_invasion_and_metastasis,Yes,Yes,1,Yes
117,hoc_activating_invasion_and_metastasis,No,No,1,No
118,hoc_activating_invasion_and_metastasis,Yes,No,0,No
119,hoc_activating_invasion_and_metastasis,No,No,1,No
120,hoc_activating_invasion_and_metastasis,Yes,No,0,No
121,hoc_activating_invasion_and_metastasis,Yes,No,0,No
122,hoc_activating_invasion_and_metastasis,No,No,1,No
123,hoc_activating_invasion_and_metastasis,No,No,1,No
124,hoc_activating_invasion_and_metastasis,No,No,1,No
125,hoc_activating_invasion_and_metastasis,No,No,1,No
126,hoc_activating_invasion_and_metastasis,No,No,1,No
127,hoc_activating_invasion_and_metastasis,No,No,1,No
128,hoc_activating_invasion_and_metastasis,No,No,1,No
129,hoc_activating_invasion_and_metastasis,No,No,1,No
130,hoc_activating_invasion_and_metastasis,No,Yes,0,Yes
131,hoc_activating_invasion_and_metastasis,No,No,1,No
132,hoc_activating_invasion_and_metastasis,No,No,1,No
133,hoc_activating_invasion_and_metastasis,No,No,1,No
134,hoc_activating_invasion_and_metastasis,No,No,1,No
135,hoc_activating_invasion_and_metastasis,No,No,1,No
136,hoc_activating_invasion_and_metastasis,No,No,1,No
137,hoc_activating_invasion_and_metastasis,No,No,1,No
138,hoc_activating_invasion_and_metastasis,No,No,1,No
139,hoc_activating_invasion_and_metastasis,No,No,1,No
140,hoc_activating_invasion_and_metastasis,No,No,1,No
141,hoc_activating_invasion_and_metastasis,Yes,Yes,1,Yes
142,hoc_activating_invasion_and_metastasis,No,No,1,No
143,hoc_activating_invasion_and_metastasis,No,No,1,No
144,hoc_activating_invasion_and_metastasis,No,No,1,No
145,hoc_activating_invasion_and_metastasis,Yes,Yes,1,Yes
146,hoc_activating_invasion_and_metastasis,No,No,1,No
147,hoc_activating_invasion_and_metastasis,No,No,1,No
148,hoc_activating_invasion_and_metastasis,Yes,No,0,No
149,hoc_activating_invasion_and_metastasis,No,No,1,No
150,hoc_activating_invasion_and_metastasis,No,No,1,No
151,hoc_activating_invasion_and_metastasis,Yes,Yes,1,Yes
152,hoc_activating_invasion_and_metastasis,No,No,1,No
153,hoc_activating_invasion_and_metastasis,No,No,1,No
154,hoc_activating_invasion_and_metastasis,No,No,1,No
155,hoc_activating_invasion_and_metastasis,No,No,1,No
156,hoc_activating_invasion_and_metastasis,Yes,Yes,1,Yes
157,hoc_activating_invasion_and_metastasis,No,No,1,No
158,hoc_activating_invasion_and_metastasis,Yes,No,0,No
159,hoc_activating_invasion_and_metastasis,No,No,1,No
160,hoc_activating_invasion_and_metastasis,No,No,1,No
161,hoc_activating_invasion_and_metastasis,No,No,1,No
162,hoc_activating_invasion_and_metastasis,No,No,1,No
163,hoc_activating_invasion_and_metastasis,No,No,1,No
164,hoc_activating_invasion_and_metastasis,No,No,1,No
165,hoc_activating_invasion_and_metastasis,Yes,No,0,No
166,hoc_activating_invasion_and_metastasis,No,No,1,No
167,hoc_activating_invasion_and_metastasis,No,No,1,No
168,hoc_activating_invasion_and_metastasis,No,No,1,No
169,hoc_activating_invasion_and_metastasis,No,No,1,No
170,hoc_activating_invasion_and_metastasis,No,No,1,No
171,hoc_activating_invasion_and_metastasis,Yes,No,0,No
172,hoc_activating_invasion_and_metastasis,No,No,1,No
173,hoc_activating_invasion_and_metastasis,No,No,1,No
174,hoc_activating_invasion_and_metastasis,No,No,1,No
175,hoc_activating_invasion_and_metastasis,No,No,1,No
176,hoc_activating_invasion_and_metastasis,No,No,1,No
177,hoc_activating_invasion_and_metastasis,No,No,1,No
178,hoc_activating_invasion_and_metastasis,No,No,1,No
179,hoc_activating_invasion_and_metastasis,No,No,1,No
180,hoc_activating_invasion_and_metastasis,Yes,No,0,No
181,hoc_activating_invasion_and_metastasis,No,No,1,No
182,hoc_activating_invasion_and_metastasis,No,No,1,No
183,hoc_activating_invasion_and_metastasis,No,No,1,No
184,hoc_activating_invasion_and_metastasis,Yes,Yes,1,Yes
185,hoc_activating_invasion_and_metastasis,No,No,1,No
186,hoc_activating_invasion_and_metastasis,No,No,1,No
187,hoc_activating_invasion_and_metastasis,No,No,1,No
188,hoc_activating_invasion_and_metastasis,No,No,1,No
189,hoc_activating_invasion_and_metastasis,No,No,1,No
190,hoc_activating_invasion_and_metastasis,No,No,1,No
191,hoc_activating_invasion_and_metastasis,No,No,1,No
192,hoc_activating_invasion_and_metastasis,No,No,1,No
193,hoc_activating_invasion_and_metastasis,No,No,1,No
194,hoc_activating_invasion_and_metastasis,No,No,1,No
195,hoc_activating_invasion_and_metastasis,Yes,Yes,1,Yes
196,hoc_activating_invasion_and_metastasis,No,No,1,No
197,hoc_activating_invasion_and_metastasis,Yes,No,0,No
198,hoc_activating_invasion_and_metastasis,No,No,1,No
199,hoc_activating_invasion_and_metastasis,No,No,1,No
200,hoc_activating_invasion_and_metastasis,No,No,1,No
201,hoc_activating_invasion_and_metastasis,No,No,1,No
202,hoc_activating_invasion_and_metastasis,No,No,1,No
203,hoc_activating_invasion_and_metastasis,No,No,1,No
204,hoc_activating_invasion_and_metastasis,No,No,1,No
205,hoc_activating_invasion_and_metastasis,No,No,1,No
206,hoc_activating_invasion_and_metastasis,No,No,1,No
207,hoc_activating_invasion_and_metastasis,No,No,1,No
208,hoc_activating_invasion_and_metastasis,No,No,1,No
209,hoc_activating_invasion_and_metastasis,Yes,No,0,No
210,hoc_activating_invasion_and_metastasis,No,No,1,No
211,hoc_activating_invasion_and_metastasis,No,No,1,No
212,hoc_activating_invasion_and_metastasis,No,No,1,No
213,hoc_activating_invasion_and_metastasis,No,No,1,No
214,hoc_activating_invasion_and_metastasis,No,No,1,No
215,hoc_activating_invasion_and_metastasis,Yes,No,0,No
216,hoc_activating_invasion_and_metastasis,No,No,1,No
217,hoc_activating_invasion_and_metastasis,No,No,1,No
218,hoc_activating_invasion_and_metastasis,No,No,1,No
219,hoc_activating_invasion_and_metastasis,No,No,1,No
220,hoc_activating_invasion_and_metastasis,No,No,1,No
221,hoc_activating_invasion_and_metastasis,No,No,1,No
222,hoc_activating_invasion_and_metastasis,No,No,1,No
223,hoc_activating_invasion_and_metastasis,No,No,1,No
224,hoc_activating_invasion_and_metastasis,No,No,1,No
225,hoc_activating_invasion_and_metastasis,No,No,1,No
226,hoc_activating_invasion_and_metastasis,No,No,1,No
227,hoc_activating_invasion_and_metastasis,Yes,No,0,No
228,hoc_activating_invasion_and_metastasis,No,No,1,No
229,hoc_activating_invasion_and_metastasis,No,No,1,No
230,hoc_activating_invasion_and_metastasis,No,No,1,No
231,hoc_activating_invasion_and_metastasis,No,No,1,No
232,hoc_activating_invasion_and_metastasis,No,No,1,No
233,hoc_activating_invasion_and_metastasis,No,No,1,No
234,hoc_activating_invasion_and_metastasis,Yes,Yes,1,Yes
235,hoc_activating_invasion_and_metastasis,No,No,1,No
236,hoc_activating_invasion_and_metastasis,No,No,1,No
237,hoc_activating_invasion_and_metastasis,No,No,1,No
238,hoc_activating_invasion_and_metastasis,No,No,1,No
239,hoc_activating_invasion_and_metastasis,No,No,1,No
240,hoc_activating_invasion_and_metastasis,No,No,1,No
241,hoc_activating_invasion_and_metastasis,Yes,No,0,No
242,hoc_activating_invasion_and_metastasis,Yes,Yes,1,Yes
243,hoc_activating_invasion_and_metastasis,No,No,1,No
244,hoc_activating_invasion_and_metastasis,No,No,1,No
245,hoc_activating_invasion_and_metastasis,No,No,1,No
246,hoc_activating_invasion_and_metastasis,Yes,Yes,1,Yes
247,hoc_activating_invasion_and_metastasis,No,No,1,No
248,hoc_activating_invasion_and_metastasis,No,No,1,No
249,hoc_activating_invasion_and_metastasis,No,No,1,No
250,hoc_activating_invasion_and_metastasis,No,No,1,No
251,hoc_activating_invasion_and_metastasis,No,No,1,No
252,hoc_activating_invasion_and_metastasis,No,Yes,0,Yes
253,hoc_activating_invasion_and_metastasis,No,No,1,No
254,hoc_activating_invasion_and_metastasis,Yes,No,0,No
255,hoc_activating_invasion_and_metastasis,No,No,1,No
256,hoc_activating_invasion_and_metastasis,No,No,1,No
257,hoc_activating_invasion_and_metastasis,No,No,1,No
258,hoc_activating_invasion_and_metastasis,No,No,1,No
259,hoc_activating_invasion_and_metastasis,No,No,1,No
260,hoc_activating_invasion_and_metastasis,No,No,1,No
261,hoc_activating_invasion_and_metastasis,Yes,Yes,1,Yes
262,hoc_activating_invasion_and_metastasis,Yes,Yes,1,Yes
263,hoc_activating_invasion_and_metastasis,No,No,1,No
264,hoc_activating_invasion_and_metastasis,Yes,No,0,No
265,hoc_activating_invasion_and_metastasis,No,No,1,No
266,hoc_activating_invasion_and_metastasis,No,No,1,No
267,hoc_activating_invasion_and_metastasis,No,No,1,No
268,hoc_activating_invasion_and_metastasis,No,No,1,No
269,hoc_activating_invasion_and_metastasis,No,No,1,No
270,hoc_activating_invasion_and_metastasis,No,No,1,No
271,hoc_activating_invasion_and_metastasis,No,No,1,No
272,hoc_activating_invasion_and_metastasis,No,No,1,No
273,hoc_activating_invasion_and_metastasis,Yes,No,0,No
274,hoc_activating_invasion_and_metastasis,No,No,1,No
275,hoc_activating_invasion_and_metastasis,No,No,1,No
276,hoc_activating_invasion_and_metastasis,No,No,1,No
277,hoc_activating_invasion_and_metastasis,No,No,1,No
278,hoc_activating_invasion_and_metastasis,No,No,1,No
279,hoc_activating_invasion_and_metastasis,No,No,1,No
280,hoc_activating_invasion_and_metastasis,No,No,1,No
281,hoc_activating_invasion_and_metastasis,No,No,1,No
282,hoc_activating_invasion_and_metastasis,No,No,1,No
283,hoc_activating_invasion_and_metastasis,No,No,1,No
284,hoc_activating_invasion_and_metastasis,No,No,1,No
285,hoc_activating_invasion_and_metastasis,No,No,1,No
286,hoc_activating_invasion_and_metastasis,No,No,1,No
287,hoc_activating_invasion_and_metastasis,No,No,1,No
288,hoc_activating_invasion_and_metastasis,Yes,No,0,No
289,hoc_activating_invasion_and_metastasis,No,No,1,No
290,hoc_activating_invasion_and_metastasis,No,No,1,No
291,hoc_activating_invasion_and_metastasis,No,No,1,No
292,hoc_activating_invasion_and_metastasis,No,No,1,No
293,hoc_activating_invasion_and_metastasis,No,No,1,No
294,hoc_activating_invasion_and_metastasis,No,No,1,No
295,hoc_activating_invasion_and_metastasis,No,No,1,No
296,hoc_activating_invasion_and_metastasis,No,No,1,No
297,hoc_activating_invasion_and_metastasis,Yes,No,0,No
298,hoc_activating_invasion_and_metastasis,No,No,1,No
299,hoc_activating_invasion_and_metastasis,No,No,1,No
300,hoc_activating_invasion_and_metastasis,Yes,No,0,No
301,hoc_activating_invasion_and_metastasis,No,No,1,No
302,hoc_activating_invasion_and_metastasis,No,No,1,No
303,hoc_activating_invasion_and_metastasis,No,No,1,No
304,hoc_activating_invasion_and_metastasis,No,No,1,No
305,hoc_activating_invasion_and_metastasis,No,No,1,No
306,hoc_activating_invasion_and_metastasis,No,No,1,No
307,hoc_activating_invasion_and_metastasis,Yes,No,0,No
308,hoc_activating_invasion_and_metastasis,No,No,1,No
309,hoc_activating_invasion_and_metastasis,No,No,1,No
310,hoc_activating_invasion_and_metastasis,No,No,1,No
311,hoc_activating_invasion_and_metastasis,No,No,1,No
312,hoc_activating_invasion_and_metastasis,No,No,1,No
313,hoc_activating_invasion_and_metastasis,No,No,1,No
314,hoc_activating_invasion_and_metastasis,No,No,1,No
315,hoc_activating_invasion_and_metastasis,Yes,Yes,1,Yes
316,hoc_activating_invasion_and_metastasis,No,No,1,No
317,hoc_activating_invasion_and_metastasis,No,No,1,No
318,hoc_activating_invasion_and_metastasis,No,No,1,No
319,hoc_activating_invasion_and_metastasis,No,No,1,No
320,hoc_activating_invasion_and_metastasis,No,No,1,No
321,hoc_activating_invasion_and_metastasis,No,No,1,No
322,hoc_activating_invasion_and_metastasis,No,No,1,No
323,hoc_activating_invasion_and_metastasis,Yes,No,0,No
324,hoc_activating_invasion_and_metastasis,Yes,Yes,1,Yes
325,hoc_activating_invasion_and_metastasis,No,No,1,No
326,hoc_activating_invasion_and_metastasis,No,Yes,0,Yes
327,hoc_activating_invasion_and_metastasis,No,No,1,No
328,hoc_activating_invasion_and_metastasis,No,No,1,No
329,hoc_activating_invasion_and_metastasis,No,No,1,No
330,hoc_activating_invasion_and_metastasis,No,No,1,No
331,hoc_activating_invasion_and_metastasis,No,No,1,No
332,hoc_activating_invasion_and_metastasis,No,No,1,No
333,hoc_activating_invasion_and_metastasis,No,No,1,No
334,hoc_activating_invasion_and_metastasis,No,No,1,No
335,hoc_activating_invasion_and_metastasis,No,No,1,No
336,hoc_activating_invasion_and_metastasis,No,No,1,No
337,hoc_activating_invasion_and_metastasis,No,No,1,No
338,hoc_activating_invasion_and_metastasis,No,No,1,No
339,hoc_activating_invasion_and_metastasis,Yes,No,0,No
340,hoc_activating_invasion_and_metastasis,No,No,1,No
341,hoc_activating_invasion_and_metastasis,No,No,1,No
342,hoc_activating_invasion_and_metastasis,No,No,1,No
343,hoc_activating_invasion_and_metastasis,No,No,1,No
344,hoc_activating_invasion_and_metastasis,No,No,1,No
345,hoc_activating_invasion_and_metastasis,Yes,Yes,1,Yes
346,hoc_activating_invasion_and_metastasis,Yes,No,0,No
347,hoc_activating_invasion_and_metastasis,No,No,1,No
348,hoc_activating_invasion_and_metastasis,No,No,1,No
349,hoc_activating_invasion_and_metastasis,Yes,No,0,No
350,hoc_activating_invasion_and_metastasis,No,No,1,No
351,hoc_activating_invasion_and_metastasis,No,No,1,No
352,hoc_activating_invasion_and_metastasis,No,No,1,No
353,hoc_activating_invasion_and_metastasis,No,No,1,No
354,hoc_activating_invasion_and_metastasis,No,No,1,No
355,hoc_activating_invasion_and_metastasis,No,No,1,No
356,hoc_activating_invasion_and_metastasis,No,No,1,No
357,hoc_activating_invasion_and_metastasis,No,No,1,No
358,hoc_activating_invasion_and_metastasis,Yes,Yes,1,Yes
359,hoc_activating_invasion_and_metastasis,Yes,Yes,1,Yes
360,hoc_activating_invasion_and_metastasis,No,No,1,No
361,hoc_activating_invasion_and_metastasis,No,No,1,No
362,hoc_activating_invasion_and_metastasis,No,No,1,No
363,hoc_activating_invasion_and_metastasis,No,No,1,No
364,hoc_activating_invasion_and_metastasis,No,No,1,No
365,hoc_activating_invasion_and_metastasis,No,No,1,No
366,hoc_activating_invasion_and_metastasis,Yes,Yes,1,Yes
367,hoc_activating_invasion_and_metastasis,Yes,Yes,1,Yes
368,hoc_activating_invasion_and_metastasis,No,No,1,No
369,hoc_activating_invasion_and_metastasis,No,No,1,No
370,hoc_activating_invasion_and_metastasis,No,Yes,0,Yes
371,hoc_activating_invasion_and_metastasis,No,No,1,No
372,hoc_activating_invasion_and_metastasis,No,No,1,No
373,hoc_activating_invasion_and_metastasis,No,No,1,No
374,hoc_activating_invasion_and_metastasis,No,No,1,No
375,hoc_activating_invasion_and_metastasis,No,Yes,0,Yes
376,hoc_activating_invasion_and_metastasis,No,No,1,No
377,hoc_activating_invasion_and_metastasis,No,No,1,No
378,hoc_activating_invasion_and_metastasis,No,No,1,No
379,hoc_activating_invasion_and_metastasis,No,No,1,No
380,hoc_activating_invasion_and_metastasis,Yes,No,0,No
381,hoc_activating_invasion_and_metastasis,No,No,1,No
382,hoc_activating_invasion_and_metastasis,No,No,1,No
383,hoc_activating_invasion_and_metastasis,Yes,No,0,No
384,hoc_activating_invasion_and_metastasis,No,No,1,No
385,hoc_activating_invasion_and_metastasis,No,No,1,No
386,hoc_activating_invasion_and_metastasis,No,No,1,No
387,hoc_activating_invasion_and_metastasis,No,No,1,No
388,hoc_activating_invasion_and_metastasis,No,No,1,No
389,hoc_activating_invasion_and_metastasis,No,No,1,No
390,hoc_activating_invasion_and_metastasis,No,No,1,No
391,hoc_activating_invasion_and_metastasis,No,No,1,No
392,hoc_activating_invasion_and_metastasis,No,No,1,No
393,hoc_activating_invasion_and_metastasis,No,No,1,No
394,hoc_activating_invasion_and_metastasis,No,No,1,No
395,hoc_activating_invasion_and_metastasis,No,No,1,No
396,hoc_activating_invasion_and_metastasis,No,No,1,No
397,hoc_activating_invasion_and_metastasis,No,No,1,No
398,hoc_activating_invasion_and_metastasis,No,No,1,No
399,hoc_activating_invasion_and_metastasis,No,No,1,No
400,hoc_activating_invasion_and_metastasis,No,No,1,No
401,hoc_activating_invasion_and_metastasis,No,No,1,No
402,hoc_activating_invasion_and_metastasis,No,No,1,No
403,hoc_activating_invasion_and_metastasis,No,No,1,No
404,hoc_activating_invasion_and_metastasis,No,No,1,No
405,hoc_activating_invasion_and_metastasis,Yes,Yes,1,Yes
406,hoc_activating_invasion_and_metastasis,Yes,No,0,No
407,hoc_activating_invasion_and_metastasis,No,No,1,No
408,hoc_activating_invasion_and_metastasis,No,No,1,No
409,hoc_activating_invasion_and_metastasis,No,No,1,No
410,hoc_activating_invasion_and_metastasis,No,No,1,No
411,hoc_activating_invasion_and_metastasis,Yes,No,0,No
412,hoc_activating_invasion_and_metastasis,No,No,1,No
413,hoc_activating_invasion_and_metastasis,No,No,1,No
414,hoc_activating_invasion_and_metastasis,No,Yes,0,Yes
415,hoc_activating_invasion_and_metastasis,No,No,1,No
416,hoc_activating_invasion_and_metastasis,No,No,1,No
417,hoc_activating_invasion_and_metastasis,No,No,1,No
418,hoc_activating_invasion_and_metastasis,No,No,1,No
419,hoc_activating_invasion_and_metastasis,No,No,1,No
420,hoc_activating_invasion_and_metastasis,No,No,1,No
421,hoc_activating_invasion_and_metastasis,No,No,1,No
422,hoc_activating_invasion_and_metastasis,No,No,1,No
423,hoc_activating_invasion_and_metastasis,No,No,1,No
424,hoc_activating_invasion_and_metastasis,Yes,No,0,No
425,hoc_activating_invasion_and_metastasis,No,No,1,No
426,hoc_activating_invasion_and_metastasis,Yes,No,0,No
427,hoc_activating_invasion_and_metastasis,No,No,1,No
428,hoc_activating_invasion_and_metastasis,No,No,1,No
429,hoc_activating_invasion_and_metastasis,No,No,1,No
430,hoc_activating_invasion_and_metastasis,No,No,1,No
431,hoc_activating_invasion_and_metastasis,No,No,1,No
432,hoc_activating_invasion_and_metastasis,No,No,1,No
433,hoc_activating_invasion_and_metastasis,No,No,1,No
434,hoc_activating_invasion_and_metastasis,No,No,1,No
435,hoc_activating_invasion_and_metastasis,No,No,1,No
436,hoc_activating_invasion_and_metastasis,No,No,1,No
437,hoc_activating_invasion_and_metastasis,No,No,1,No
438,hoc_activating_invasion_and_metastasis,No,No,1,No
439,hoc_activating_invasion_and_metastasis,Yes,No,0,No
440,hoc_activating_invasion_and_metastasis,Yes,Yes,1,Yes
441,hoc_activating_invasion_and_metastasis,No,No,1,No
442,hoc_activating_invasion_and_metastasis,No,No,1,No
443,hoc_activating_invasion_and_metastasis,No,No,1,No
444,hoc_activating_invasion_and_metastasis,No,No,1,No
445,hoc_activating_invasion_and_metastasis,No,No,1,No
446,hoc_activating_invasion_and_metastasis,No,No,1,No
447,hoc_activating_invasion_and_metastasis,No,No,1,No
448,hoc_activating_invasion_and_metastasis,No,No,1,No
449,hoc_activating_invasion_and_metastasis,No,No,1,No
450,hoc_activating_invasion_and_metastasis,No,No,1,No
451,hoc_activating_invasion_and_metastasis,No,Yes,0,Yes
452,hoc_activating_invasion_and_metastasis,No,No,1,No
453,hoc_activating_invasion_and_metastasis,No,No,1,No
454,hoc_activating_invasion_and_metastasis,No,No,1,No
455,hoc_activating_invasion_and_metastasis,No,No,1,No
456,hoc_activating_invasion_and_metastasis,No,No,1,No
457,hoc_activating_invasion_and_metastasis,No,No,1,No
458,hoc_activating_invasion_and_metastasis,No,No,1,No
459,hoc_activating_invasion_and_metastasis,No,No,1,No
460,hoc_activating_invasion_and_metastasis,No,No,1,No
461,hoc_activating_invasion_and_metastasis,No,No,1,No
462,hoc_activating_invasion_and_metastasis,No,No,1,No
463,hoc_activating_invasion_and_metastasis,No,No,1,No
464,hoc_activating_invasion_and_metastasis,No,No,1,No
465,hoc_activating_invasion_and_metastasis,No,No,1,No
466,hoc_activating_invasion_and_metastasis,No,No,1,No
467,hoc_activating_invasion_and_metastasis,No,No,1,No
468,hoc_activating_invasion_and_metastasis,No,No,1,No
469,hoc_activating_invasion_and_metastasis,No,No,1,No
470,hoc_activating_invasion_and_metastasis,No,No,1,No
471,hoc_activating_invasion_and_metastasis,No,No,1,No
472,hoc_activating_invasion_and_metastasis,Yes,Yes,1,Yes
473,hoc_activating_invasion_and_metastasis,Yes,Yes,1,Yes
474,hoc_activating_invasion_and_metastasis,No,No,1,No
475,hoc_activating_invasion_and_metastasis,No,No,1,No
476,hoc_activating_invasion_and_metastasis,Yes,Yes,1,Yes
477,hoc_activating_invasion_and_metastasis,No,No,1,No
478,hoc_activating_invasion_and_metastasis,No,No,1,No
479,hoc_activating_invasion_and_metastasis,No,No,1,No
480,hoc_activating_invasion_and_metastasis,No,No,1,No
481,hoc_activating_invasion_and_metastasis,Yes,Yes,1,Yes
482,hoc_activating_invasion_and_metastasis,No,No,1,No
483,hoc_activating_invasion_and_metastasis,No,No,1,No
484,hoc_activating_invasion_and_metastasis,No,No,1,No
485,hoc_activating_invasion_and_metastasis,No,No,1,No
486,hoc_activating_invasion_and_metastasis,No,No,1,No
487,hoc_activating_invasion_and_metastasis,No,No,1,No
488,hoc_activating_invasion_and_metastasis,No,No,1,No
489,hoc_activating_invasion_and_metastasis,No,No,1,No
490,hoc_activating_invasion_and_metastasis,No,No,1,No
491,hoc_activating_invasion_and_metastasis,No,No,1,No
492,hoc_activating_invasion_and_metastasis,No,No,1,No
493,hoc_activating_invasion_and_metastasis,No,No,1,No
494,hoc_activating_invasion_and_metastasis,No,No,1,No
495,hoc_activating_invasion_and_metastasis,No,No,1,No
496,hoc_activating_invasion_and_metastasis,No,No,1,No
497,hoc_activating_invasion_and_metastasis,No,No,1,No
498,hoc_activating_invasion_and_metastasis,No,No,1,No
499,hoc_activating_invasion_and_metastasis,No,No,1,No
500,hoc_activating_invasion_and_metastasis,No,No,1,No
501,hoc_activating_invasion_and_metastasis,No,No,1,No
502,hoc_activating_invasion_and_metastasis,No,No,1,No
503,hoc_activating_invasion_and_metastasis,No,No,1,No
504,hoc_activating_invasion_and_metastasis,No,No,1,No
505,hoc_activating_invasion_and_metastasis,No,No,1,No
506,hoc_activating_invasion_and_metastasis,No,No,1,No
507,hoc_activating_invasion_and_metastasis,No,No,1,No
508,hoc_activating_invasion_and_metastasis,No,No,1,No
509,hoc_activating_invasion_and_metastasis,No,No,1,No
510,hoc_activating_invasion_and_metastasis,No,No,1,No
511,hoc_activating_invasion_and_metastasis,No,No,1,No
512,hoc_activating_invasion_and_metastasis,Yes,Yes,1,Yes
513,hoc_activating_invasion_and_metastasis,No,No,1,No
514,hoc_activating_invasion_and_metastasis,No,No,1,No
515,hoc_activating_invasion_and_metastasis,No,No,1,No
516,hoc_activating_invasion_and_metastasis,No,No,1,No
517,hoc_activating_invasion_and_metastasis,No,No,1,No
518,hoc_activating_invasion_and_metastasis,No,No,1,No
519,hoc_activating_invasion_and_metastasis,No,No,1,No
520,hoc_activating_invasion_and_metastasis,No,No,1,No
521,hoc_activating_invasion_and_metastasis,No,Yes,0,Yes
522,hoc_activating_invasion_and_metastasis,No,No,1,No
523,hoc_activating_invasion_and_metastasis,No,No,1,No
524,hoc_activating_invasion_and_metastasis,No,No,1,No
525,hoc_activating_invasion_and_metastasis,No,No,1,No
526,hoc_activating_invasion_and_metastasis,No,No,1,No
527,hoc_activating_invasion_and_metastasis,No,No,1,No
528,hoc_activating_invasion_and_metastasis,No,No,1,No
529,hoc_activating_invasion_and_metastasis,No,Yes,0,Yes
530,hoc_activating_invasion_and_metastasis,No,No,1,No
531,hoc_activating_invasion_and_metastasis,No,No,1,No
532,hoc_activating_invasion_and_metastasis,No,No,1,No
533,hoc_activating_invasion_and_metastasis,No,No,1,No
534,hoc_activating_invasion_and_metastasis,No,No,1,No
535,hoc_activating_invasion_and_metastasis,No,No,1,No
536,hoc_activating_invasion_and_metastasis,No,No,1,No
537,hoc_activating_invasion_and_metastasis,No,No,1,No
538,hoc_activating_invasion_and_metastasis,No,No,1,No
539,hoc_activating_invasion_and_metastasis,No,No,1,No
540,hoc_activating_invasion_and_metastasis,No,No,1,No
541,hoc_activating_invasion_and_metastasis,No,No,1,No
542,hoc_activating_invasion_and_metastasis,No,No,1,No
543,hoc_activating_invasion_and_metastasis,No,No,1,No
544,hoc_activating_invasion_and_metastasis,No,Yes,0,Yes
545,hoc_activating_invasion_and_metastasis,No,No,1,No
546,hoc_activating_invasion_and_metastasis,No,No,1,No
547,hoc_activating_invasion_and_metastasis,No,No,1,No
548,hoc_activating_invasion_and_metastasis,No,No,1,No
549,hoc_activating_invasion_and_metastasis,No,No,1,No
550,hoc_activating_invasion_and_metastasis,No,No,1,No
551,hoc_activating_invasion_and_metastasis,No,No,1,No
552,hoc_activating_invasion_and_metastasis,No,No,1,No
553,hoc_activating_invasion_and_metastasis,No,No,1,No
554,hoc_activating_invasion_and_metastasis,No,No,1,No
555,hoc_activating_invasion_and_metastasis,No,No,1,No
556,hoc_activating_invasion_and_metastasis,Yes,Yes,1,Yes
557,hoc_activating_invasion_and_metastasis,No,No,1,No
558,hoc_activating_invasion_and_metastasis,Yes,No,0,No
559,hoc_activating_invasion_and_metastasis,No,No,1,No
560,hoc_activating_invasion_and_metastasis,No,No,1,No
561,hoc_activating_invasion_and_metastasis,No,No,1,No
562,hoc_activating_invasion_and_metastasis,No,No,1,No
563,hoc_activating_invasion_and_metastasis,No,No,1,No
564,hoc_activating_invasion_and_metastasis,Yes,No,0,No
565,hoc_activating_invasion_and_metastasis,No,No,1,No
566,hoc_activating_invasion_and_metastasis,No,No,1,No
567,hoc_activating_invasion_and_metastasis,No,No,1,No
568,hoc_activating_invasion_and_metastasis,No,No,1,No
569,hoc_activating_invasion_and_metastasis,No,No,1,No
570,hoc_activating_invasion_and_metastasis,No,No,1,No
571,hoc_activating_invasion_and_metastasis,No,No,1,No
572,hoc_activating_invasion_and_metastasis,No,No,1,No
573,hoc_activating_invasion_and_metastasis,No,No,1,No
574,hoc_activating_invasion_and_metastasis,No,No,1,No
575,hoc_activating_invasion_and_metastasis,No,No,1,No
576,hoc_activating_invasion_and_metastasis,No,No,1,No
577,hoc_activating_invasion_and_metastasis,Yes,No,0,No
578,hoc_activating_invasion_and_metastasis,No,No,1,No
579,hoc_activating_invasion_and_metastasis,No,No,1,No
580,hoc_activating_invasion_and_metastasis,No,No,1,No
581,hoc_activating_invasion_and_metastasis,No,No,1,No
582,hoc_activating_invasion_and_metastasis,No,No,1,No
583,hoc_activating_invasion_and_metastasis,No,No,1,No
584,hoc_activating_invasion_and_metastasis,Yes,Yes,1,Yes
585,hoc_activating_invasion_and_metastasis,No,No,1,No
586,hoc_activating_invasion_and_metastasis,Yes,Yes,1,Yes
587,hoc_activating_invasion_and_metastasis,No,No,1,No
588,hoc_activating_invasion_and_metastasis,No,No,1,No
589,hoc_activating_invasion_and_metastasis,No,No,1,No
590,hoc_activating_invasion_and_metastasis,No,No,1,No
591,hoc_activating_invasion_and_metastasis,No,No,1,No
592,hoc_activating_invasion_and_metastasis,No,No,1,No
593,hoc_activating_invasion_and_metastasis,No,No,1,No
594,hoc_activating_invasion_and_metastasis,No,No,1,No
595,hoc_activating_invasion_and_metastasis,Yes,Yes,1,Yes
596,hoc_activating_invasion_and_metastasis,No,No,1,No
597,hoc_activating_invasion_and_metastasis,No,No,1,No
598,hoc_activating_invasion_and_metastasis,No,No,1,No
599,hoc_activating_invasion_and_metastasis,No,No,1,No
600,hoc_activating_invasion_and_metastasis,No,No,1,No
601,hoc_activating_invasion_and_metastasis,No,No,1,No
602,hoc_activating_invasion_and_metastasis,No,No,1,No
603,hoc_activating_invasion_and_metastasis,No,No,1,No
604,hoc_activating_invasion_and_metastasis,No,No,1,No
605,hoc_activating_invasion_and_metastasis,No,No,1,No
606,hoc_activating_invasion_and_metastasis,No,No,1,No
607,hoc_activating_invasion_and_metastasis,No,No,1,No
608,hoc_activating_invasion_and_metastasis,No,No,1,No
609,hoc_activating_invasion_and_metastasis,No,No,1,No
610,hoc_activating_invasion_and_metastasis,No,No,1,No
611,hoc_activating_invasion_and_metastasis,No,No,1,No
612,hoc_activating_invasion_and_metastasis,No,No,1,No
613,hoc_activating_invasion_and_metastasis,No,No,1,No
614,hoc_activating_invasion_and_metastasis,No,No,1,No
615,hoc_activating_invasion_and_metastasis,No,No,1,No
616,hoc_activating_invasion_and_metastasis,No,No,1,No
617,hoc_activating_invasion_and_metastasis,No,No,1,No
618,hoc_activating_invasion_and_metastasis,No,Yes,0,Yes
619,hoc_activating_invasion_and_metastasis,No,No,1,No
620,hoc_activating_invasion_and_metastasis,No,No,1,No
621,hoc_activating_invasion_and_metastasis,No,No,1,No
622,hoc_activating_invasion_and_metastasis,No,No,1,No
623,hoc_activating_invasion_and_metastasis,No,No,1,No
624,hoc_activating_invasion_and_metastasis,No,No,1,No
625,hoc_activating_invasion_and_metastasis,No,No,1,No
626,hoc_activating_invasion_and_metastasis,No,Yes,0,Yes
627,hoc_activating_invasion_and_metastasis,No,No,1,No
628,hoc_activating_invasion_and_metastasis,No,Yes,0,Yes
629,hoc_activating_invasion_and_metastasis,No,No,1,No
630,hoc_activating_invasion_and_metastasis,No,No,1,No
631,hoc_activating_invasion_and_metastasis,Yes,No,0,No
632,hoc_activating_invasion_and_metastasis,No,No,1,No
633,hoc_activating_invasion_and_metastasis,No,No,1,No
634,hoc_activating_invasion_and_metastasis,No,No,1,No
635,hoc_activating_invasion_and_metastasis,No,No,1,No
636,hoc_activating_invasion_and_metastasis,No,No,1,No
637,hoc_activating_invasion_and_metastasis,No,No,1,No
638,hoc_activating_invasion_and_metastasis,No,No,1,No
639,hoc_activating_invasion_and_metastasis,No,No,1,No
640,hoc_activating_invasion_and_metastasis,No,No,1,No
641,hoc_activating_invasion_and_metastasis,No,No,1,No
642,hoc_activating_invasion_and_metastasis,No,No,1,No
643,hoc_activating_invasion_and_metastasis,No,No,1,No
644,hoc_activating_invasion_and_metastasis,No,No,1,No
645,hoc_activating_invasion_and_metastasis,No,Yes,0,Yes
646,hoc_activating_invasion_and_metastasis,No,No,1,No
647,hoc_activating_invasion_and_metastasis,No,No,1,No
648,hoc_activating_invasion_and_metastasis,No,No,1,No
649,hoc_activating_invasion_and_metastasis,No,No,1,No
650,hoc_activating_invasion_and_metastasis,Yes,No,0,No
651,hoc_activating_invasion_and_metastasis,No,No,1,No
652,hoc_activating_invasion_and_metastasis,No,No,1,No
653,hoc_activating_invasion_and_metastasis,No,No,1,No
654,hoc_activating_invasion_and_metastasis,No,Yes,0,Yes
655,hoc_activating_invasion_and_metastasis,No,No,1,No
656,hoc_activating_invasion_and_metastasis,No,No,1,No
657,hoc_activating_invasion_and_metastasis,No,No,1,No
658,hoc_activating_invasion_and_metastasis,No,No,1,No
659,hoc_activating_invasion_and_metastasis,No,No,1,No
660,hoc_activating_invasion_and_metastasis,No,No,1,No
661,hoc_activating_invasion_and_metastasis,No,No,1,No
662,hoc_activating_invasion_and_metastasis,No,No,1,No
663,hoc_activating_invasion_and_metastasis,Yes,No,0,No
664,hoc_activating_invasion_and_metastasis,No,No,1,No
665,hoc_activating_invasion_and_metastasis,No,No,1,No
666,hoc_activating_invasion_and_metastasis,No,No,1,No
667,hoc_activating_invasion_and_metastasis,No,No,1,No
668,hoc_activating_invasion_and_metastasis,No,No,1,No
669,hoc_activating_invasion_and_metastasis,No,No,1,No
670,hoc_activating_invasion_and_metastasis,No,Yes,0,Yes
671,hoc_activating_invasion_and_metastasis,No,No,1,No
672,hoc_activating_invasion_and_metastasis,No,No,1,No
673,hoc_activating_invasion_and_metastasis,No,No,1,No
674,hoc_activating_invasion_and_metastasis,No,No,1,No
675,hoc_activating_invasion_and_metastasis,No,No,1,No
676,hoc_activating_invasion_and_metastasis,No,No,1,No
677,hoc_activating_invasion_and_metastasis,No,No,1,No
678,hoc_activating_invasion_and_metastasis,No,No,1,No
679,hoc_activating_invasion_and_metastasis,No,No,1,No
680,hoc_activating_invasion_and_metastasis,No,No,1,No
681,hoc_activating_invasion_and_metastasis,No,No,1,No
682,hoc_activating_invasion_and_metastasis,No,No,1,No
683,hoc_activating_invasion_and_metastasis,No,No,1,No
684,hoc_activating_invasion_and_metastasis,No,No,1,No
685,hoc_activating_invasion_and_metastasis,No,No,1,No
686,hoc_activating_invasion_and_metastasis,No,No,1,No
687,hoc_activating_invasion_and_metastasis,No,No,1,No
688,hoc_activating_invasion_and_metastasis,No,No,1,No
689,hoc_activating_invasion_and_metastasis,No,No,1,No
690,hoc_activating_invasion_and_metastasis,No,No,1,No
691,hoc_activating_invasion_and_metastasis,No,No,1,No
692,hoc_activating_invasion_and_metastasis,No,No,1,No
693,hoc_activating_invasion_and_metastasis,No,No,1,No
694,hoc_activating_invasion_and_metastasis,No,No,1,No
695,hoc_activating_invasion_and_metastasis,No,No,1,No
696,hoc_activating_invasion_and_metastasis,Yes,No,0,No
697,hoc_activating_invasion_and_metastasis,No,No,1,No
698,hoc_activating_invasion_and_metastasis,No,No,1,No
699,hoc_activating_invasion_and_metastasis,No,No,1,No
700,hoc_activating_invasion_and_metastasis,No,No,1,No
701,hoc_activating_invasion_and_metastasis,No,No,1,No
702,hoc_activating_invasion_and_metastasis,No,No,1,No
703,hoc_activating_invasion_and_metastasis,No,No,1,No
704,hoc_activating_invasion_and_metastasis,No,No,1,No
705,hoc_activating_invasion_and_metastasis,No,No,1,No
706,hoc_activating_invasion_and_metastasis,No,No,1,No
707,hoc_activating_invasion_and_metastasis,No,No,1,No
708,hoc_activating_invasion_and_metastasis,No,No,1,No
709,hoc_activating_invasion_and_metastasis,No,No,1,No
710,hoc_activating_invasion_and_metastasis,No,No,1,No
711,hoc_activating_invasion_and_metastasis,No,No,1,No
712,hoc_activating_invasion_and_metastasis,No,No,1,No
713,hoc_activating_invasion_and_metastasis,No,No,1,No
714,hoc_activating_invasion_and_metastasis,No,No,1,No
715,hoc_activating_invasion_and_metastasis,No,No,1,No
716,hoc_activating_invasion_and_metastasis,No,No,1,No
717,hoc_activating_invasion_and_metastasis,Yes,No,0,No
718,hoc_activating_invasion_and_metastasis,No,No,1,No
719,hoc_activating_invasion_and_metastasis,No,No,1,No
720,hoc_activating_invasion_and_metastasis,No,No,1,No
721,hoc_activating_invasion_and_metastasis,No,No,1,No
722,hoc_activating_invasion_and_metastasis,No,No,1,No
723,hoc_activating_invasion_and_metastasis,Yes,Yes,1,Yes
724,hoc_activating_invasion_and_metastasis,Yes,No,0,No
725,hoc_activating_invasion_and_metastasis,Yes,No,0,No
726,hoc_activating_invasion_and_metastasis,No,No,1,No
727,hoc_activating_invasion_and_metastasis,Yes,Yes,1,Yes
728,hoc_activating_invasion_and_metastasis,No,No,1,No
729,hoc_activating_invasion_and_metastasis,No,No,1,No
730,hoc_activating_invasion_and_metastasis,No,No,1,No
731,hoc_activating_invasion_and_metastasis,No,No,1,No
732,hoc_activating_invasion_and_metastasis,No,No,1,No
733,hoc_activating_invasion_and_metastasis,No,No,1,No
734,hoc_activating_invasion_and_metastasis,No,No,1,No
735,hoc_activating_invasion_and_metastasis,No,No,1,No
736,hoc_activating_invasion_and_metastasis,No,No,1,No
737,hoc_activating_invasion_and_metastasis,No,No,1,No
738,hoc_activating_invasion_and_metastasis,Yes,Yes,1,Yes
739,hoc_activating_invasion_and_metastasis,No,No,1,No
740,hoc_activating_invasion_and_metastasis,No,No,1,No
741,hoc_activating_invasion_and_metastasis,No,No,1,No
742,hoc_activating_invasion_and_metastasis,No,No,1,No
743,hoc_activating_invasion_and_metastasis,No,No,1,No
744,hoc_activating_invasion_and_metastasis,No,No,1,No
745,hoc_activating_invasion_and_metastasis,Yes,No,0,No
746,hoc_activating_invasion_and_metastasis,No,No,1,No
747,hoc_activating_invasion_and_metastasis,No,No,1,No
748,hoc_activating_invasion_and_metastasis,No,No,1,No
749,hoc_activating_invasion_and_metastasis,No,No,1,No
750,hoc_activating_invasion_and_metastasis,No,No,1,No
751,hoc_activating_invasion_and_metastasis,No,No,1,No
752,hoc_activating_invasion_and_metastasis,No,No,1,No
753,hoc_activating_invasion_and_metastasis,No,No,1,No
754,hoc_activating_invasion_and_metastasis,No,No,1,No
755,hoc_activating_invasion_and_metastasis,No,No,1,No
756,hoc_activating_invasion_and_metastasis,No,No,1,No
757,hoc_activating_invasion_and_metastasis,No,No,1,No
758,hoc_activating_invasion_and_metastasis,Yes,No,0,No
759,hoc_activating_invasion_and_metastasis,No,No,1,No
760,hoc_activating_invasion_and_metastasis,Yes,Yes,1,Yes
761,hoc_activating_invasion_and_metastasis,No,Yes,0,Yes
762,hoc_activating_invasion_and_metastasis,No,No,1,No
763,hoc_activating_invasion_and_metastasis,No,No,1,No
764,hoc_activating_invasion_and_metastasis,No,No,1,No
765,hoc_activating_invasion_and_metastasis,No,No,1,No
766,hoc_activating_invasion_and_metastasis,No,No,1,No
767,hoc_activating_invasion_and_metastasis,No,No,1,No
768,hoc_activating_invasion_and_metastasis,No,No,1,No
769,hoc_activating_invasion_and_metastasis,No,No,1,No
770,hoc_activating_invasion_and_metastasis,No,No,1,No
771,hoc_activating_invasion_and_metastasis,No,No,1,No
772,hoc_activating_invasion_and_metastasis,No,No,1,No
773,hoc_activating_invasion_and_metastasis,No,No,1,No
774,hoc_activating_invasion_and_metastasis,No,No,1,No
775,hoc_activating_invasion_and_metastasis,No,No,1,No
776,hoc_activating_invasion_and_metastasis,No,No,1,No
777,hoc_activating_invasion_and_metastasis,No,No,1,No
778,hoc_activating_invasion_and_metastasis,No,No,1,No
779,hoc_activating_invasion_and_metastasis,No,No,1,No
780,hoc_activating_invasion_and_metastasis,No,No,1,No
781,hoc_activating_invasion_and_metastasis,Yes,Yes,1,Yes
782,hoc_activating_invasion_and_metastasis,No,No,1,No
783,hoc_activating_invasion_and_metastasis,No,No,1,No
784,hoc_activating_invasion_and_metastasis,Yes,Yes,1,Yes
785,hoc_activating_invasion_and_metastasis,Yes,Yes,1,Yes
786,hoc_activating_invasion_and_metastasis,No,No,1,No
787,hoc_activating_invasion_and_metastasis,No,No,1,No
788,hoc_activating_invasion_and_metastasis,Yes,Yes,1,Yes
789,hoc_activating_invasion_and_metastasis,No,No,1,No
790,hoc_activating_invasion_and_metastasis,No,No,1,No
791,hoc_activating_invasion_and_metastasis,No,No,1,No
792,hoc_activating_invasion_and_metastasis,No,No,1,No
793,hoc_activating_invasion_and_metastasis,No,No,1,No
794,hoc_activating_invasion_and_metastasis,No,No,1,No
795,hoc_activating_invasion_and_metastasis,No,No,1,No
796,hoc_activating_invasion_and_metastasis,No,No,1,No
797,hoc_activating_invasion_and_metastasis,No,No,1,No
798,hoc_activating_invasion_and_metastasis,No,No,1,No
799,hoc_activating_invasion_and_metastasis,No,No,1,No
800,hoc_activating_invasion_and_metastasis,No,No,1,No
801,hoc_activating_invasion_and_metastasis,No,No,1,No
802,hoc_activating_invasion_and_metastasis,No,No,1,No
803,hoc_activating_invasion_and_metastasis,No,No,1,No
804,hoc_activating_invasion_and_metastasis,No,No,1,No
805,hoc_activating_invasion_and_metastasis,No,No,1,No
806,hoc_activating_invasion_and_metastasis,Yes,No,0,No
807,hoc_activating_invasion_and_metastasis,No,No,1,No
808,hoc_activating_invasion_and_metastasis,No,No,1,No
809,hoc_activating_invasion_and_metastasis,Yes,No,0,No
810,hoc_activating_invasion_and_metastasis,No,No,1,No
811,hoc_activating_invasion_and_metastasis,No,No,1,No
812,hoc_activating_invasion_and_metastasis,No,No,1,No
813,hoc_activating_invasion_and_metastasis,No,No,1,No
814,hoc_activating_invasion_and_metastasis,No,No,1,No
815,hoc_activating_invasion_and_metastasis,No,No,1,No
816,hoc_activating_invasion_and_metastasis,No,No,1,No
817,hoc_activating_invasion_and_metastasis,No,Yes,0,Yes
818,hoc_activating_invasion_and_metastasis,No,No,1,No
819,hoc_activating_invasion_and_metastasis,No,No,1,No
820,hoc_activating_invasion_and_metastasis,No,No,1,No
821,hoc_activating_invasion_and_metastasis,No,No,1,No
822,hoc_activating_invasion_and_metastasis,No,No,1,No
823,hoc_activating_invasion_and_metastasis,Yes,Yes,1,Yes
824,hoc_activating_invasion_and_metastasis,No,No,1,No
825,hoc_activating_invasion_and_metastasis,Yes,No,0,No
826,hoc_activating_invasion_and_metastasis,No,No,1,No
827,hoc_activating_invasion_and_metastasis,No,No,1,No
828,hoc_activating_invasion_and_metastasis,No,No,1,No
829,hoc_activating_invasion_and_metastasis,No,No,1,No
830,hoc_activating_invasion_and_metastasis,No,Yes,0,Yes
831,hoc_activating_invasion_and_metastasis,No,No,1,No
832,hoc_activating_invasion_and_metastasis,Yes,Yes,1,Yes
833,hoc_activating_invasion_and_metastasis,No,No,1,No
834,hoc_activating_invasion_and_metastasis,No,No,1,No
835,hoc_activating_invasion_and_metastasis,No,No,1,No
836,hoc_activating_invasion_and_metastasis,No,No,1,No
837,hoc_activating_invasion_and_metastasis,No,No,1,No
838,hoc_activating_invasion_and_metastasis,No,No,1,No
839,hoc_activating_invasion_and_metastasis,No,No,1,No
840,hoc_activating_invasion_and_metastasis,No,No,1,No
841,hoc_activating_invasion_and_metastasis,No,Yes,0,Yes
842,hoc_activating_invasion_and_metastasis,No,No,1,No
843,hoc_activating_invasion_and_metastasis,No,No,1,No
844,hoc_activating_invasion_and_metastasis,No,No,1,No
845,hoc_activating_invasion_and_metastasis,No,No,1,No
846,hoc_activating_invasion_and_metastasis,No,No,1,No
847,hoc_activating_invasion_and_metastasis,No,No,1,No
848,hoc_activating_invasion_and_metastasis,No,No,1,No
849,hoc_activating_invasion_and_metastasis,No,No,1,No
850,hoc_activating_invasion_and_metastasis,No,No,1,No
851,hoc_activating_invasion_and_metastasis,No,No,1,No
852,hoc_activating_invasion_and_metastasis,No,No,1,No
853,hoc_activating_invasion_and_metastasis,No,No,1,No
854,hoc_activating_invasion_and_metastasis,No,No,1,No
855,hoc_activating_invasion_and_metastasis,Yes,No,0,No
856,hoc_activating_invasion_and_metastasis,No,No,1,No
857,hoc_activating_invasion_and_metastasis,No,No,1,No
858,hoc_activating_invasion_and_metastasis,No,No,1,No
859,hoc_activating_invasion_and_metastasis,No,No,1,No
860,hoc_activating_invasion_and_metastasis,No,No,1,No
861,hoc_activating_invasion_and_metastasis,No,No,1,No
862,hoc_activating_invasion_and_metastasis,No,No,1,No
863,hoc_activating_invasion_and_metastasis,No,No,1,No
864,hoc_activating_invasion_and_metastasis,No,No,1,No
865,hoc_activating_invasion_and_metastasis,No,No,1,No
866,hoc_activating_invasion_and_metastasis,No,No,1,No
867,hoc_activating_invasion_and_metastasis,No,No,1,No
868,hoc_activating_invasion_and_metastasis,No,No,1,No
869,hoc_activating_invasion_and_metastasis,No,No,1,No
870,hoc_activating_invasion_and_metastasis,Yes,No,0,No
871,hoc_activating_invasion_and_metastasis,Yes,No,0,No
872,hoc_activating_invasion_and_metastasis,No,No,1,No
873,hoc_activating_invasion_and_metastasis,No,No,1,No
874,hoc_activating_invasion_and_metastasis,No,No,1,No
875,hoc_activating_invasion_and_metastasis,No,No,1,No
876,hoc_activating_invasion_and_metastasis,No,No,1,No
877,hoc_activating_invasion_and_metastasis,No,No,1,No
878,hoc_activating_invasion_and_metastasis,No,No,1,No
879,hoc_activating_invasion_and_metastasis,Yes,No,0,No
880,hoc_activating_invasion_and_metastasis,No,No,1,No
881,hoc_activating_invasion_and_metastasis,No,No,1,No
882,hoc_activating_invasion_and_metastasis,No,No,1,No
883,hoc_activating_invasion_and_metastasis,No,Yes,0,Yes
884,hoc_activating_invasion_and_metastasis,No,No,1,No
885,hoc_activating_invasion_and_metastasis,Yes,No,0,No
886,hoc_activating_invasion_and_metastasis,No,No,1,No
887,hoc_activating_invasion_and_metastasis,No,No,1,No
888,hoc_activating_invasion_and_metastasis,No,No,1,No
889,hoc_activating_invasion_and_metastasis,No,No,1,No
890,hoc_activating_invasion_and_metastasis,No,Yes,0,Yes
891,hoc_activating_invasion_and_metastasis,No,No,1,No
892,hoc_activating_invasion_and_metastasis,No,No,1,No
893,hoc_activating_invasion_and_metastasis,No,No,1,No
894,hoc_activating_invasion_and_metastasis,No,No,1,No
895,hoc_activating_invasion_and_metastasis,No,No,1,No
896,hoc_activating_invasion_and_metastasis,No,No,1,No
897,hoc_activating_invasion_and_metastasis,Yes,Yes,1,Yes
898,hoc_activating_invasion_and_metastasis,Yes,Yes,1,Yes
899,hoc_activating_invasion_and_metastasis,No,No,1,No
900,hoc_activating_invasion_and_metastasis,No,No,1,No
901,hoc_activating_invasion_and_metastasis,No,No,1,No
902,hoc_activating_invasion_and_metastasis,No,No,1,No
903,hoc_activating_invasion_and_metastasis,No,No,1,No
904,hoc_activating_invasion_and_metastasis,No,No,1,No
905,hoc_activating_invasion_and_metastasis,No,No,1,No
906,hoc_activating_invasion_and_metastasis,No,No,1,No
907,hoc_activating_invasion_and_metastasis,No,No,1,No
908,hoc_activating_invasion_and_metastasis,No,No,1,No
909,hoc_activating_invasion_and_metastasis,No,No,1,No
910,hoc_activating_invasion_and_metastasis,Yes,No,0,No
911,hoc_activating_invasion_and_metastasis,No,No,1,No
912,hoc_activating_invasion_and_metastasis,No,No,1,No
913,hoc_activating_invasion_and_metastasis,No,No,1,No
914,hoc_activating_invasion_and_metastasis,No,No,1,No
915,hoc_activating_invasion_and_metastasis,No,No,1,No
916,hoc_activating_invasion_and_metastasis,No,No,1,No
917,hoc_activating_invasion_and_metastasis,No,No,1,No
918,hoc_activating_invasion_and_metastasis,No,No,1,No
919,hoc_activating_invasion_and_metastasis,No,No,1,No
920,hoc_activating_invasion_and_metastasis,No,No,1,No
921,hoc_activating_invasion_and_metastasis,No,No,1,No
922,hoc_activating_invasion_and_metastasis,No,No,1,No
923,hoc_activating_invasion_and_metastasis,No,No,1,No
924,hoc_activating_invasion_and_metastasis,No,No,1,No
925,hoc_activating_invasion_and_metastasis,No,No,1,No
926,hoc_activating_invasion_and_metastasis,Yes,Yes,1,Yes
927,hoc_activating_invasion_and_metastasis,No,No,1,No
928,hoc_activating_invasion_and_metastasis,No,No,1,No
929,hoc_activating_invasion_and_metastasis,No,No,1,No
930,hoc_activating_invasion_and_metastasis,No,Yes,0,Yes
931,hoc_activating_invasion_and_metastasis,No,No,1,No
932,hoc_activating_invasion_and_metastasis,No,No,1,No
933,hoc_activating_invasion_and_metastasis,No,No,1,No
934,hoc_activating_invasion_and_metastasis,No,No,1,No
935,hoc_activating_invasion_and_metastasis,No,No,1,No
936,hoc_activating_invasion_and_metastasis,No,No,1,No
937,hoc_activating_invasion_and_metastasis,No,No,1,No
938,hoc_activating_invasion_and_metastasis,No,No,1,No
939,hoc_activating_invasion_and_metastasis,No,No,1,No
940,hoc_activating_invasion_and_metastasis,No,No,1,No
941,hoc_activating_invasion_and_metastasis,No,No,1,No
942,hoc_activating_invasion_and_metastasis,No,No,1,No
943,hoc_activating_invasion_and_metastasis,No,No,1,No
944,hoc_activating_invasion_and_metastasis,No,No,1,No
945,hoc_activating_invasion_and_metastasis,No,No,1,No
946,hoc_activating_invasion_and_metastasis,Yes,Yes,1,Yes
947,hoc_activating_invasion_and_metastasis,No,No,1,No
948,hoc_activating_invasion_and_metastasis,No,No,1,No
949,hoc_activating_invasion_and_metastasis,No,No,1,No
950,hoc_activating_invasion_and_metastasis,No,No,1,No
951,hoc_activating_invasion_and_metastasis,No,No,1,No
952,hoc_activating_invasion_and_metastasis,No,No,1,No
953,hoc_activating_invasion_and_metastasis,No,No,1,No
954,hoc_activating_invasion_and_metastasis,No,No,1,No
955,hoc_activating_invasion_and_metastasis,No,No,1,No
956,hoc_activating_invasion_and_metastasis,No,No,1,No
957,hoc_activating_invasion_and_metastasis,No,No,1,No
958,hoc_activating_invasion_and_metastasis,No,Yes,0,Yes
959,hoc_activating_invasion_and_metastasis,No,No,1,No
960,hoc_activating_invasion_and_metastasis,Yes,Yes,1,Yes
961,hoc_activating_invasion_and_metastasis,No,No,1,No
962,hoc_activating_invasion_and_metastasis,No,No,1,No
963,hoc_activating_invasion_and_metastasis,No,No,1,No
964,hoc_activating_invasion_and_metastasis,No,No,1,No
965,hoc_activating_invasion_and_metastasis,No,No,1,No
966,hoc_activating_invasion_and_metastasis,No,No,1,No
967,hoc_activating_invasion_and_metastasis,Yes,No,0,No
968,hoc_activating_invasion_and_metastasis,No,No,1,No
969,hoc_activating_invasion_and_metastasis,No,No,1,No
970,hoc_activating_invasion_and_metastasis,No,No,1,No
971,hoc_activating_invasion_and_metastasis,No,No,1,No
972,hoc_activating_invasion_and_metastasis,No,No,1,No
973,hoc_activating_invasion_and_metastasis,No,No,1,No
974,hoc_activating_invasion_and_metastasis,No,No,1,No
975,hoc_activating_invasion_and_metastasis,No,No,1,No
976,hoc_activating_invasion_and_metastasis,No,No,1,No
977,hoc_activating_invasion_and_metastasis,No,No,1,No
978,hoc_activating_invasion_and_metastasis,No,No,1,No
979,hoc_activating_invasion_and_metastasis,No,No,1,No
980,hoc_activating_invasion_and_metastasis,Yes,Yes,1,Yes
981,hoc_activating_invasion_and_metastasis,No,No,1,No
982,hoc_activating_invasion_and_metastasis,No,No,1,No
983,hoc_activating_invasion_and_metastasis,Yes,Yes,1,Yes
984,hoc_activating_invasion_and_metastasis,No,No,1,No
985,hoc_activating_invasion_and_metastasis,No,No,1,No
986,hoc_activating_invasion_and_metastasis,No,No,1,No
987,hoc_activating_invasion_and_metastasis,No,No,1,No
988,hoc_activating_invasion_and_metastasis,Yes,Yes,1,Yes
989,hoc_activating_invasion_and_metastasis,No,No,1,No
990,hoc_activating_invasion_and_metastasis,Yes,No,0,No
991,hoc_activating_invasion_and_metastasis,No,No,1,No
992,hoc_activating_invasion_and_metastasis,No,No,1,No
993,hoc_activating_invasion_and_metastasis,No,No,1,No
994,hoc_activating_invasion_and_metastasis,No,No,1,No
995,hoc_activating_invasion_and_metastasis,Yes,No,0,No
996,hoc_activating_invasion_and_metastasis,Yes,No,0,No
997,hoc_activating_invasion_and_metastasis,No,No,1,No
998,hoc_activating_invasion_and_metastasis,No,No,1,No
999,hoc_activating_invasion_and_metastasis,No,Yes,0,Yes
1000,hoc_activating_invasion_and_metastasis,No,No,1,No
1001,hoc_activating_invasion_and_metastasis,Yes,Yes,1,Yes
1002,hoc_activating_invasion_and_metastasis,No,Yes,0,Yes
1003,hoc_activating_invasion_and_metastasis,No,No,1,No
1004,hoc_activating_invasion_and_metastasis,No,No,1,No
1005,hoc_activating_invasion_and_metastasis,No,No,1,No
1006,hoc_activating_invasion_and_metastasis,No,No,1,No
1007,hoc_activating_invasion_and_metastasis,No,No,1,No
1008,hoc_activating_invasion_and_metastasis,No,No,1,No
1009,hoc_activating_invasion_and_metastasis,No,No,1,No
1010,hoc_activating_invasion_and_metastasis,Yes,No,0,No
1011,hoc_activating_invasion_and_metastasis,No,No,1,No
1012,hoc_activating_invasion_and_metastasis,No,No,1,No
1013,hoc_activating_invasion_and_metastasis,Yes,No,0,No
1014,hoc_activating_invasion_and_metastasis,No,No,1,No
1015,hoc_activating_invasion_and_metastasis,No,No,1,No
1016,hoc_activating_invasion_and_metastasis,No,No,1,No
1017,hoc_activating_invasion_and_metastasis,No,No,1,No
1018,hoc_activating_invasion_and_metastasis,Yes,No,0,No
1019,hoc_activating_invasion_and_metastasis,No,No,1,No
1020,hoc_activating_invasion_and_metastasis,No,No,1,No
1021,hoc_activating_invasion_and_metastasis,No,No,1,No
1022,hoc_activating_invasion_and_metastasis,No,No,1,No
1023,hoc_activating_invasion_and_metastasis,No,No,1,No
1024,hoc_activating_invasion_and_metastasis,No,No,1,No
1025,hoc_activating_invasion_and_metastasis,No,No,1,No
1026,hoc_activating_invasion_and_metastasis,No,No,1,No
1027,hoc_activating_invasion_and_metastasis,No,No,1,No
1028,hoc_activating_invasion_and_metastasis,No,No,1,No
1029,hoc_activating_invasion_and_metastasis,No,No,1,No
1030,hoc_activating_invasion_and_metastasis,No,No,1,No
1031,hoc_activating_invasion_and_metastasis,No,No,1,No
1032,hoc_activating_invasion_and_metastasis,No,No,1,No
1033,hoc_activating_invasion_and_metastasis,No,No,1,No
1034,hoc_activating_invasion_and_metastasis,Yes,Yes,1,Yes
1035,hoc_activating_invasion_and_metastasis,Yes,No,0,No
1036,hoc_activating_invasion_and_metastasis,No,No,1,No
1037,hoc_activating_invasion_and_metastasis,No,No,1,No
1038,hoc_activating_invasion_and_metastasis,No,No,1,No
1039,hoc_activating_invasion_and_metastasis,No,No,1,No
1040,hoc_activating_invasion_and_metastasis,No,No,1,No
1041,hoc_activating_invasion_and_metastasis,No,No,1,No
1042,hoc_activating_invasion_and_metastasis,No,No,1,No
1043,hoc_activating_invasion_and_metastasis,No,No,1,No
1044,hoc_activating_invasion_and_metastasis,No,No,1,No
1045,hoc_activating_invasion_and_metastasis,No,No,1,No
1046,hoc_activating_invasion_and_metastasis,Yes,Yes,1,Yes
1047,hoc_activating_invasion_and_metastasis,Yes,No,0,No
1048,hoc_activating_invasion_and_metastasis,No,No,1,No
1049,hoc_activating_invasion_and_metastasis,No,No,1,No
1050,hoc_activating_invasion_and_metastasis,No,No,1,No
1051,hoc_activating_invasion_and_metastasis,Yes,Yes,1,Yes
1052,hoc_activating_invasion_and_metastasis,No,No,1,No
1053,hoc_activating_invasion_and_metastasis,No,No,1,No
1054,hoc_activating_invasion_and_metastasis,Yes,No,0,No
1055,hoc_activating_invasion_and_metastasis,No,No,1,No
1056,hoc_activating_invasion_and_metastasis,No,No,1,No
1057,hoc_activating_invasion_and_metastasis,No,No,1,No
1058,hoc_activating_invasion_and_metastasis,No,No,1,No
1059,hoc_activating_invasion_and_metastasis,No,No,1,No
1060,hoc_activating_invasion_and_metastasis,Yes,No,0,No
1061,hoc_activating_invasion_and_metastasis,No,No,1,No
1062,hoc_activating_invasion_and_metastasis,No,No,1,No
1063,hoc_activating_invasion_and_metastasis,No,No,1,No
1064,hoc_activating_invasion_and_metastasis,No,No,1,No
1065,hoc_activating_invasion_and_metastasis,No,No,1,No
1066,hoc_activating_invasion_and_metastasis,No,No,1,No
1067,hoc_activating_invasion_and_metastasis,No,No,1,No
1068,hoc_activating_invasion_and_metastasis,No,No,1,No
1069,hoc_activating_invasion_and_metastasis,No,No,1,No
1070,hoc_activating_invasion_and_metastasis,No,No,1,No
1071,hoc_activating_invasion_and_metastasis,No,No,1,No
1072,hoc_activating_invasion_and_metastasis,No,No,1,No
1073,hoc_activating_invasion_and_metastasis,No,No,1,No
1074,hoc_activating_invasion_and_metastasis,No,No,1,No
1075,hoc_activating_invasion_and_metastasis,No,No,1,No
1076,hoc_activating_invasion_and_metastasis,No,No,1,No
1077,hoc_activating_invasion_and_metastasis,No,No,1,No
1078,hoc_activating_invasion_and_metastasis,Yes,Yes,1,Yes
1079,hoc_activating_invasion_and_metastasis,No,No,1,No
1080,hoc_activating_invasion_and_metastasis,No,No,1,No
1081,hoc_activating_invasion_and_metastasis,No,No,1,No
1082,hoc_activating_invasion_and_metastasis,Yes,No,0,No
1083,hoc_activating_invasion_and_metastasis,No,No,1,No
1084,hoc_activating_invasion_and_metastasis,No,No,1,No
1085,hoc_activating_invasion_and_metastasis,No,No,1,No
1086,hoc_activating_invasion_and_metastasis,No,No,1,No
1087,hoc_activating_invasion_and_metastasis,No,No,1,No
1088,hoc_activating_invasion_and_metastasis,No,No,1,No
1089,hoc_activating_invasion_and_metastasis,No,No,1,No
1090,hoc_activating_invasion_and_metastasis,Yes,Yes,1,Yes
1091,hoc_activating_invasion_and_metastasis,No,No,1,No
1092,hoc_activating_invasion_and_metastasis,No,No,1,No
1093,hoc_activating_invasion_and_metastasis,No,No,1,No
1094,hoc_activating_invasion_and_metastasis,No,No,1,No
1095,hoc_activating_invasion_and_metastasis,No,No,1,No
1096,hoc_activating_invasion_and_metastasis,No,No,1,No
1097,hoc_activating_invasion_and_metastasis,Yes,No,0,No
1098,hoc_activating_invasion_and_metastasis,No,No,1,No
1099,hoc_activating_invasion_and_metastasis,No,No,1,No
1100,hoc_activating_invasion_and_metastasis,No,No,1,No
1101,hoc_activating_invasion_and_metastasis,No,No,1,No
1102,hoc_activating_invasion_and_metastasis,No,No,1,No
1103,hoc_activating_invasion_and_metastasis,No,No,1,No
1104,hoc_activating_invasion_and_metastasis,Yes,Yes,1,Yes
1105,hoc_activating_invasion_and_metastasis,No,No,1,No
1106,hoc_activating_invasion_and_metastasis,No,No,1,No
1107,hoc_activating_invasion_and_metastasis,No,No,1,No
1108,hoc_activating_invasion_and_metastasis,Yes,Yes,1,Yes
1109,hoc_activating_invasion_and_metastasis,No,No,1,No
1110,hoc_activating_invasion_and_metastasis,No,No,1,No
1111,hoc_activating_invasion_and_metastasis,No,No,1,No
1112,hoc_activating_invasion_and_metastasis,No,No,1,No
1113,hoc_activating_invasion_and_metastasis,No,No,1,No
1114,hoc_activating_invasion_and_metastasis,No,No,1,No
1115,hoc_activating_invasion_and_metastasis,No,No,1,No
1116,hoc_activating_invasion_and_metastasis,No,No,1,No
1117,hoc_activating_invasion_and_metastasis,No,No,1,No
1118,hoc_activating_invasion_and_metastasis,No,No,1,No
1119,hoc_activating_invasion_and_metastasis,No,No,1,No
1120,hoc_activating_invasion_and_metastasis,No,No,1,No
1121,hoc_activating_invasion_and_metastasis,No,No,1,No
1122,hoc_activating_invasion_and_metastasis,No,No,1,No
1123,hoc_activating_invasion_and_metastasis,No,No,1,No
1124,hoc_activating_invasion_and_metastasis,No,No,1,No
1125,hoc_activating_invasion_and_metastasis,No,No,1,No
1126,hoc_activating_invasion_and_metastasis,No,No,1,No
1127,hoc_activating_invasion_and_metastasis,No,No,1,No
1128,hoc_activating_invasion_and_metastasis,No,No,1,No
1129,hoc_activating_invasion_and_metastasis,No,No,1,No
1130,hoc_activating_invasion_and_metastasis,No,No,1,No
1131,hoc_activating_invasion_and_metastasis,No,No,1,No
1132,hoc_activating_invasion_and_metastasis,No,No,1,No
1133,hoc_activating_invasion_and_metastasis,Yes,No,0,No
1134,hoc_activating_invasion_and_metastasis,No,No,1,No
1135,hoc_activating_invasion_and_metastasis,No,No,1,No
1136,hoc_activating_invasion_and_metastasis,Yes,Yes,1,Yes
1137,hoc_activating_invasion_and_metastasis,No,No,1,No
1138,hoc_activating_invasion_and_metastasis,Yes,No,0,No
1139,hoc_activating_invasion_and_metastasis,No,No,1,No
1140,hoc_activating_invasion_and_metastasis,No,No,1,No
1141,hoc_activating_invasion_and_metastasis,No,No,1,No
1142,hoc_activating_invasion_and_metastasis,No,No,1,No
1143,hoc_activating_invasion_and_metastasis,Yes,Yes,1,Yes
1144,hoc_activating_invasion_and_metastasis,Yes,No,0,No
1145,hoc_activating_invasion_and_metastasis,No,No,1,No
1146,hoc_activating_invasion_and_metastasis,No,No,1,No
1147,hoc_activating_invasion_and_metastasis,No,No,1,No
1148,hoc_activating_invasion_and_metastasis,Yes,Yes,1,Yes
1149,hoc_activating_invasion_and_metastasis,Yes,No,0,No
1150,hoc_activating_invasion_and_metastasis,No,No,1,No
1151,hoc_activating_invasion_and_metastasis,No,No,1,No
1152,hoc_activating_invasion_and_metastasis,No,No,1,No
1153,hoc_activating_invasion_and_metastasis,No,No,1,No
1154,hoc_activating_invasion_and_metastasis,Yes,Yes,1,Yes
1155,hoc_activating_invasion_and_metastasis,No,No,1,No
1156,hoc_activating_invasion_and_metastasis,No,No,1,No
1157,hoc_activating_invasion_and_metastasis,No,No,1,No
1158,hoc_activating_invasion_and_metastasis,No,No,1,No
1159,hoc_activating_invasion_and_metastasis,No,No,1,No
1160,hoc_activating_invasion_and_metastasis,No,No,1,No
1161,hoc_activating_invasion_and_metastasis,No,No,1,No
1162,hoc_activating_invasion_and_metastasis,No,No,1,No
1163,hoc_activating_invasion_and_metastasis,No,No,1,No
1164,hoc_activating_invasion_and_metastasis,Yes,Yes,1,Yes
1165,hoc_activating_invasion_and_metastasis,No,No,1,No
1166,hoc_activating_invasion_and_metastasis,No,No,1,No
1167,hoc_activating_invasion_and_metastasis,No,No,1,No
1168,hoc_activating_invasion_and_metastasis,No,No,1,No
1169,hoc_activating_invasion_and_metastasis,No,No,1,No
1170,hoc_activating_invasion_and_metastasis,No,No,1,No
1171,hoc_activating_invasion_and_metastasis,No,No,1,No
1172,hoc_activating_invasion_and_metastasis,No,No,1,No
1173,hoc_activating_invasion_and_metastasis,No,No,1,No
1174,hoc_activating_invasion_and_metastasis,No,No,1,No
1175,hoc_activating_invasion_and_metastasis,No,No,1,No
1176,hoc_activating_invasion_and_metastasis,No,No,1,No
1177,hoc_activating_invasion_and_metastasis,No,No,1,No
1178,hoc_activating_invasion_and_metastasis,Yes,No,0,No
1179,hoc_activating_invasion_and_metastasis,Yes,No,0,No
1180,hoc_activating_invasion_and_metastasis,No,No,1,No
1181,hoc_activating_invasion_and_metastasis,No,No,1,No
1182,hoc_activating_invasion_and_metastasis,No,No,1,No
1183,hoc_activating_invasion_and_metastasis,No,No,1,No
1184,hoc_activating_invasion_and_metastasis,No,No,1,No
1185,hoc_activating_invasion_and_metastasis,No,No,1,No
1186,hoc_activating_invasion_and_metastasis,Yes,Yes,1,Yes
1187,hoc_activating_invasion_and_metastasis,No,No,1,No
1188,hoc_activating_invasion_and_metastasis,No,No,1,No
1189,hoc_activating_invasion_and_metastasis,No,No,1,No
1190,hoc_activating_invasion_and_metastasis,No,No,1,No
1191,hoc_activating_invasion_and_metastasis,No,No,1,No
1192,hoc_activating_invasion_and_metastasis,Yes,Yes,1,Yes
1193,hoc_activating_invasion_and_metastasis,No,No,1,No
1194,hoc_activating_invasion_and_metastasis,No,No,1,No
1195,hoc_activating_invasion_and_metastasis,No,No,1,No
1196,hoc_activating_invasion_and_metastasis,Yes,Yes,1,Yes
1197,hoc_activating_invasion_and_metastasis,No,No,1,No
1198,hoc_activating_invasion_and_metastasis,No,No,1,No
1199,hoc_activating_invasion_and_metastasis,No,No,1,No
1200,hoc_activating_invasion_and_metastasis,No,No,1,No
1201,hoc_activating_invasion_and_metastasis,No,No,1,No
1202,hoc_activating_invasion_and_metastasis,Yes,Yes,1,Yes
1203,hoc_activating_invasion_and_metastasis,No,No,1,No
1204,hoc_activating_invasion_and_metastasis,Yes,No,0,No
1205,hoc_activating_invasion_and_metastasis,No,No,1,No
1206,hoc_activating_invasion_and_metastasis,Yes,Yes,1,Yes
1207,hoc_activating_invasion_and_metastasis,Yes,No,0,No
1208,hoc_activating_invasion_and_metastasis,No,No,1,No
1209,hoc_activating_invasion_and_metastasis,No,No,1,No
1210,hoc_activating_invasion_and_metastasis,No,No,1,No
1211,hoc_activating_invasion_and_metastasis,No,No,1,No
1212,hoc_activating_invasion_and_metastasis,No,No,1,No
1213,hoc_activating_invasion_and_metastasis,No,No,1,No
1214,hoc_activating_invasion_and_metastasis,No,No,1,No
1215,hoc_activating_invasion_and_metastasis,No,No,1,No
1216,hoc_activating_invasion_and_metastasis,No,No,1,No
1217,hoc_activating_invasion_and_metastasis,No,No,1,No
1218,hoc_activating_invasion_and_metastasis,Yes,No,0,No
1219,hoc_activating_invasion_and_metastasis,No,No,1,No
1220,hoc_activating_invasion_and_metastasis,No,No,1,No
1221,hoc_activating_invasion_and_metastasis,No,No,1,No
1222,hoc_activating_invasion_and_metastasis,No,No,1,No
1223,hoc_activating_invasion_and_metastasis,No,No,1,No
1224,hoc_activating_invasion_and_metastasis,No,No,1,No
1225,hoc_activating_invasion_and_metastasis,No,No,1,No
1226,hoc_activating_invasion_and_metastasis,No,No,1,No
1227,hoc_activating_invasion_and_metastasis,No,No,1,No
1228,hoc_activating_invasion_and_metastasis,No,No,1,No
1229,hoc_activating_invasion_and_metastasis,Yes,Yes,1,Yes
1230,hoc_activating_invasion_and_metastasis,Yes,Yes,1,Yes
1231,hoc_activating_invasion_and_metastasis,No,No,1,No
1232,hoc_activating_invasion_and_metastasis,No,No,1,No
1233,hoc_activating_invasion_and_metastasis,Yes,Yes,1,Yes
1234,hoc_activating_invasion_and_metastasis,No,No,1,No
1235,hoc_activating_invasion_and_metastasis,No,No,1,No
1236,hoc_activating_invasion_and_metastasis,No,No,1,No
1237,hoc_activating_invasion_and_metastasis,Yes,Yes,1,Yes
1238,hoc_activating_invasion_and_metastasis,No,No,1,No
1239,hoc_activating_invasion_and_metastasis,Yes,Yes,1,Yes
1240,hoc_activating_invasion_and_metastasis,No,No,1,No
1241,hoc_activating_invasion_and_metastasis,No,No,1,No
1242,hoc_activating_invasion_and_metastasis,No,No,1,No
1243,hoc_activating_invasion_and_metastasis,No,No,1,No
1244,hoc_activating_invasion_and_metastasis,No,No,1,No
1245,hoc_activating_invasion_and_metastasis,No,No,1,No
1246,hoc_activating_invasion_and_metastasis,No,No,1,No
1247,hoc_activating_invasion_and_metastasis,No,No,1,No
1248,hoc_activating_invasion_and_metastasis,No,No,1,No
1249,hoc_activating_invasion_and_metastasis,No,No,1,No
1250,hoc_activating_invasion_and_metastasis,No,No,1,No
1251,hoc_activating_invasion_and_metastasis,Yes,No,0,No
1252,hoc_activating_invasion_and_metastasis,No,Yes,0,Yes
1253,hoc_activating_invasion_and_metastasis,No,No,1,No
1254,hoc_activating_invasion_and_metastasis,No,No,1,No
1255,hoc_activating_invasion_and_metastasis,No,No,1,No
1256,hoc_activating_invasion_and_metastasis,No,No,1,No
1257,hoc_activating_invasion_and_metastasis,No,No,1,No
1258,hoc_activating_invasion_and_metastasis,No,No,1,No
1259,hoc_activating_invasion_and_metastasis,No,No,1,No
1260,hoc_activating_invasion_and_metastasis,No,No,1,No
1261,hoc_activating_invasion_and_metastasis,Yes,Yes,1,Yes
1262,hoc_activating_invasion_and_metastasis,No,Yes,0,Yes
1263,hoc_activating_invasion_and_metastasis,No,No,1,No
1264,hoc_activating_invasion_and_metastasis,No,No,1,No
1265,hoc_activating_invasion_and_metastasis,No,No,1,No
1266,hoc_activating_invasion_and_metastasis,No,No,1,No
1267,hoc_activating_invasion_and_metastasis,Yes,Yes,1,Yes
1268,hoc_activating_invasion_and_metastasis,No,No,1,No
1269,hoc_activating_invasion_and_metastasis,Yes,No,0,No
1270,hoc_activating_invasion_and_metastasis,Yes,No,0,No
1271,hoc_activating_invasion_and_metastasis,No,No,1,No
1272,hoc_activating_invasion_and_metastasis,No,No,1,No
1273,hoc_activating_invasion_and_metastasis,Yes,Yes,1,Yes
1274,hoc_activating_invasion_and_metastasis,No,No,1,No
1275,hoc_activating_invasion_and_metastasis,No,No,1,No
1276,hoc_activating_invasion_and_metastasis,No,No,1,No
1277,hoc_activating_invasion_and_metastasis,No,No,1,No
1278,hoc_activating_invasion_and_metastasis,Yes,No,0,No
1279,hoc_activating_invasion_and_metastasis,No,No,1,No
1280,hoc_activating_invasion_and_metastasis,No,No,1,No
1281,hoc_activating_invasion_and_metastasis,No,No,1,No
1282,hoc_activating_invasion_and_metastasis,Yes,Yes,1,Yes
1283,hoc_activating_invasion_and_metastasis,Yes,Yes,1,Yes
1284,hoc_activating_invasion_and_metastasis,No,No,1,No
1285,hoc_activating_invasion_and_metastasis,No,No,1,No
1286,hoc_activating_invasion_and_metastasis,No,No,1,No
1287,hoc_activating_invasion_and_metastasis,No,No,1,No
1288,hoc_activating_invasion_and_metastasis,No,No,1,No
1289,hoc_activating_invasion_and_metastasis,Yes,No,0,No
1290,hoc_activating_invasion_and_metastasis,No,No,1,No
1291,hoc_activating_invasion_and_metastasis,No,No,1,No
1292,hoc_activating_invasion_and_metastasis,No,No,1,No
1293,hoc_activating_invasion_and_metastasis,No,No,1,No
1294,hoc_activating_invasion_and_metastasis,No,No,1,No
1295,hoc_activating_invasion_and_metastasis,No,No,1,No
1296,hoc_activating_invasion_and_metastasis,No,Yes,0,Yes
1297,hoc_activating_invasion_and_metastasis,No,No,1,No
1298,hoc_activating_invasion_and_metastasis,No,No,1,No
1299,hoc_activating_invasion_and_metastasis,No,No,1,No
1300,hoc_activating_invasion_and_metastasis,No,No,1,No
1301,hoc_activating_invasion_and_metastasis,Yes,No,0,No
1302,hoc_activating_invasion_and_metastasis,No,No,1,No
1303,hoc_activating_invasion_and_metastasis,No,No,1,No
1304,hoc_activating_invasion_and_metastasis,No,No,1,No
1305,hoc_activating_invasion_and_metastasis,No,No,1,No
1306,hoc_activating_invasion_and_metastasis,No,No,1,No
1307,hoc_activating_invasion_and_metastasis,No,No,1,No
1308,hoc_activating_invasion_and_metastasis,No,No,1,No
1309,hoc_activating_invasion_and_metastasis,No,No,1,No
1310,hoc_activating_invasion_and_metastasis,No,No,1,No
1311,hoc_activating_invasion_and_metastasis,No,No,1,No
1312,hoc_activating_invasion_and_metastasis,No,No,1,No
1313,hoc_activating_invasion_and_metastasis,No,No,1,No
1314,hoc_activating_invasion_and_metastasis,Yes,No,0,No
1315,hoc_activating_invasion_and_metastasis,No,No,1,No
1316,hoc_activating_invasion_and_metastasis,No,No,1,No
1317,hoc_activating_invasion_and_metastasis,No,No,1,No
1318,hoc_activating_invasion_and_metastasis,No,No,1,No
1319,hoc_activating_invasion_and_metastasis,No,No,1,No
1320,hoc_activating_invasion_and_metastasis,No,No,1,No
1321,hoc_activating_invasion_and_metastasis,No,No,1,No
1322,hoc_activating_invasion_and_metastasis,No,No,1,No
1323,hoc_activating_invasion_and_metastasis,No,No,1,No
1324,hoc_activating_invasion_and_metastasis,No,No,1,No
1325,hoc_activating_invasion_and_metastasis,No,No,1,No
1326,hoc_activating_invasion_and_metastasis,Yes,No,0,No
1327,hoc_activating_invasion_and_metastasis,No,No,1,No
1328,hoc_activating_invasion_and_metastasis,No,No,1,No
1329,hoc_activating_invasion_and_metastasis,Yes,No,0,No
1330,hoc_activating_invasion_and_metastasis,No,No,1,No
1331,hoc_activating_invasion_and_metastasis,No,No,1,No
1332,hoc_activating_invasion_and_metastasis,No,No,1,No
1333,hoc_activating_invasion_and_metastasis,Yes,Yes,1,Yes
1334,hoc_activating_invasion_and_metastasis,No,No,1,No
1335,hoc_activating_invasion_and_metastasis,Yes,No,0,No
1336,hoc_activating_invasion_and_metastasis,Yes,Yes,1,Yes
1337,hoc_activating_invasion_and_metastasis,No,No,1,No
1338,hoc_activating_invasion_and_metastasis,Yes,No,0,No
1339,hoc_activating_invasion_and_metastasis,No,No,1,No
1340,hoc_activating_invasion_and_metastasis,Yes,Yes,1,Yes
1341,hoc_activating_invasion_and_metastasis,No,No,1,No
1342,hoc_activating_invasion_and_metastasis,Yes,Yes,1,Yes
1343,hoc_activating_invasion_and_metastasis,No,No,1,No
1344,hoc_activating_invasion_and_metastasis,No,No,1,No
1345,hoc_activating_invasion_and_metastasis,No,No,1,No
1346,hoc_activating_invasion_and_metastasis,Yes,No,0,No
1347,hoc_activating_invasion_and_metastasis,No,No,1,No
1348,hoc_activating_invasion_and_metastasis,Yes,Yes,1,Yes
1349,hoc_activating_invasion_and_metastasis,No,No,1,No
1350,hoc_activating_invasion_and_metastasis,Yes,Yes,1,Yes
1351,hoc_activating_invasion_and_metastasis,No,No,1,No
1352,hoc_activating_invasion_and_metastasis,Yes,No,0,No
1353,hoc_activating_invasion_and_metastasis,No,No,1,No
1354,hoc_activating_invasion_and_metastasis,No,No,1,No
1355,hoc_activating_invasion_and_metastasis,Yes,No,0,No
1356,hoc_activating_invasion_and_metastasis,No,No,1,No
1357,hoc_activating_invasion_and_metastasis,No,Yes,0,Yes
1358,hoc_activating_invasion_and_metastasis,Yes,Yes,1,Yes
1359,hoc_activating_invasion_and_metastasis,No,No,1,No
1360,hoc_activating_invasion_and_metastasis,No,No,1,No
1361,hoc_activating_invasion_and_metastasis,No,No,1,No
1362,hoc_activating_invasion_and_metastasis,No,No,1,No
1363,hoc_activating_invasion_and_metastasis,Yes,Yes,1,Yes
1364,hoc_activating_invasion_and_metastasis,No,No,1,No
1365,hoc_activating_invasion_and_metastasis,No,No,1,No
1366,hoc_activating_invasion_and_metastasis,No,No,1,No
1367,hoc_activating_invasion_and_metastasis,No,No,1,No
1368,hoc_activating_invasion_and_metastasis,No,No,1,No
1369,hoc_activating_invasion_and_metastasis,Yes,Yes,1,Yes
1370,hoc_activating_invasion_and_metastasis,No,No,1,No
1371,hoc_activating_invasion_and_metastasis,Yes,Yes,1,Yes
1372,hoc_activating_invasion_and_metastasis,No,No,1,No
1373,hoc_activating_invasion_and_metastasis,Yes,Yes,1,Yes
1374,hoc_activating_invasion_and_metastasis,No,No,1,No
1375,hoc_activating_invasion_and_metastasis,No,No,1,No
1376,hoc_activating_invasion_and_metastasis,Yes,Yes,1,Yes
1377,hoc_activating_invasion_and_metastasis,Yes,Yes,1,Yes
1378,hoc_activating_invasion_and_metastasis,No,No,1,No
1379,hoc_activating_invasion_and_metastasis,No,Yes,0,Yes
1380,hoc_activating_invasion_and_metastasis,No,No,1,No
1381,hoc_activating_invasion_and_metastasis,Yes,Yes,1,Yes
1382,hoc_activating_invasion_and_metastasis,No,No,1,No
1383,hoc_activating_invasion_and_metastasis,No,No,1,No
1384,hoc_activating_invasion_and_metastasis,Yes,No,0,No
1385,hoc_activating_invasion_and_metastasis,Yes,Yes,1,Yes
1386,hoc_activating_invasion_and_metastasis,Yes,Yes,1,Yes
1387,hoc_activating_invasion_and_metastasis,No,No,1,No
1388,hoc_activating_invasion_and_metastasis,No,No,1,No
1389,hoc_activating_invasion_and_metastasis,No,No,1,No
1390,hoc_activating_invasion_and_metastasis,No,No,1,No
1391,hoc_activating_invasion_and_metastasis,No,No,1,No
1392,hoc_activating_invasion_and_metastasis,No,No,1,No
1393,hoc_activating_invasion_and_metastasis,Yes,No,0,No
1394,hoc_activating_invasion_and_metastasis,No,No,1,No
1395,hoc_activating_invasion_and_metastasis,No,No,1,No
1396,hoc_activating_invasion_and_metastasis,No,No,1,No
1397,hoc_activating_invasion_and_metastasis,No,No,1,No
1398,hoc_activating_invasion_and_metastasis,No,No,1,No
1399,hoc_activating_invasion_and_metastasis,No,No,1,No
1400,hoc_activating_invasion_and_metastasis,No,No,1,No
1401,hoc_activating_invasion_and_metastasis,No,No,1,No
1402,hoc_activating_invasion_and_metastasis,Yes,No,0,No
1403,hoc_activating_invasion_and_metastasis,No,No,1,No
1404,hoc_activating_invasion_and_metastasis,Yes,No,0,No
1405,hoc_activating_invasion_and_metastasis,No,No,1,No
1406,hoc_activating_invasion_and_metastasis,No,No,1,No
1407,hoc_activating_invasion_and_metastasis,Yes,No,0,No
1408,hoc_activating_invasion_and_metastasis,No,No,1,No
1409,hoc_activating_invasion_and_metastasis,No,No,1,No
1410,hoc_activating_invasion_and_metastasis,Yes,Yes,1,Yes
1411,hoc_activating_invasion_and_metastasis,No,No,1,No
1412,hoc_activating_invasion_and_metastasis,No,No,1,No
1413,hoc_activating_invasion_and_metastasis,No,No,1,No
1414,hoc_activating_invasion_and_metastasis,Yes,Yes,1,Yes
1415,hoc_activating_invasion_and_metastasis,No,No,1,No
1416,hoc_activating_invasion_and_metastasis,No,No,1,No
1417,hoc_activating_invasion_and_metastasis,No,No,1,No
1418,hoc_activating_invasion_and_metastasis,No,No,1,No
1419,hoc_activating_invasion_and_metastasis,No,No,1,No
1420,hoc_activating_invasion_and_metastasis,Yes,Yes,1,Yes
1421,hoc_activating_invasion_and_metastasis,No,No,1,No
1422,hoc_activating_invasion_and_metastasis,No,No,1,No
1423,hoc_activating_invasion_and_metastasis,No,No,1,No
1424,hoc_activating_invasion_and_metastasis,No,No,1,No
1425,hoc_activating_invasion_and_metastasis,Yes,No,0,No
1426,hoc_activating_invasion_and_metastasis,Yes,Yes,1,Yes
1427,hoc_activating_invasion_and_metastasis,No,No,1,No
1428,hoc_activating_invasion_and_metastasis,No,No,1,No
1429,hoc_activating_invasion_and_metastasis,Yes,Yes,1,Yes
1430,hoc_activating_invasion_and_metastasis,Yes,No,0,No
1431,hoc_activating_invasion_and_metastasis,No,No,1,No
1432,hoc_activating_invasion_and_metastasis,No,No,1,No
1433,hoc_activating_invasion_and_metastasis,No,No,1,No
1434,hoc_activating_invasion_and_metastasis,No,No,1,No
1435,hoc_activating_invasion_and_metastasis,No,No,1,No
1436,hoc_activating_invasion_and_metastasis,No,No,1,No
1437,hoc_activating_invasion_and_metastasis,No,No,1,No
1438,hoc_activating_invasion_and_metastasis,No,No,1,No
1439,hoc_activating_invasion_and_metastasis,No,Yes,0,Yes
1440,hoc_activating_invasion_and_metastasis,No,No,1,No
1441,hoc_activating_invasion_and_metastasis,No,No,1,No
1442,hoc_activating_invasion_and_metastasis,Yes,No,0,No
1443,hoc_activating_invasion_and_metastasis,No,No,1,No
1444,hoc_activating_invasion_and_metastasis,No,No,1,No
1445,hoc_activating_invasion_and_metastasis,No,No,1,No
1446,hoc_activating_invasion_and_metastasis,Yes,No,0,No
1447,hoc_activating_invasion_and_metastasis,No,No,1,No
1448,hoc_activating_invasion_and_metastasis,No,No,1,No
1449,hoc_activating_invasion_and_metastasis,No,No,1,No
1450,hoc_activating_invasion_and_metastasis,Yes,No,0,No
1451,hoc_activating_invasion_and_metastasis,No,No,1,No
1452,hoc_activating_invasion_and_metastasis,No,Yes,0,Yes
1453,hoc_activating_invasion_and_metastasis,No,No,1,No
1454,hoc_activating_invasion_and_metastasis,No,No,1,No
1455,hoc_activating_invasion_and_metastasis,No,No,1,No
1456,hoc_activating_invasion_and_metastasis,No,No,1,No
1457,hoc_activating_invasion_and_metastasis,No,No,1,No
1458,hoc_activating_invasion_and_metastasis,No,No,1,No
1459,hoc_activating_invasion_and_metastasis,No,No,1,No
1460,hoc_activating_invasion_and_metastasis,Yes,No,0,No
1461,hoc_activating_invasion_and_metastasis,No,No,1,No
1462,hoc_activating_invasion_and_metastasis,No,No,1,No
1463,hoc_activating_invasion_and_metastasis,Yes,Yes,1,Yes
1464,hoc_activating_invasion_and_metastasis,No,No,1,No
1465,hoc_activating_invasion_and_metastasis,No,No,1,No
1466,hoc_activating_invasion_and_metastasis,No,No,1,No
1467,hoc_activating_invasion_and_metastasis,No,No,1,No
1468,hoc_activating_invasion_and_metastasis,No,No,1,No
1469,hoc_activating_invasion_and_metastasis,No,No,1,No
1470,hoc_activating_invasion_and_metastasis,No,No,1,No
1471,hoc_activating_invasion_and_metastasis,No,No,1,No
1472,hoc_activating_invasion_and_metastasis,No,No,1,No
1473,hoc_activating_invasion_and_metastasis,Yes,Yes,1,Yes
1474,hoc_activating_invasion_and_metastasis,No,No,1,No
1475,hoc_activating_invasion_and_metastasis,Yes,No,0,No
1476,hoc_activating_invasion_and_metastasis,No,Yes,0,Yes
1477,hoc_activating_invasion_and_metastasis,No,No,1,No
1478,hoc_activating_invasion_and_metastasis,No,No,1,No
1479,hoc_activating_invasion_and_metastasis,No,No,1,No
1480,hoc_activating_invasion_and_metastasis,Yes,Yes,1,Yes
1481,hoc_activating_invasion_and_metastasis,No,No,1,No
1482,hoc_activating_invasion_and_metastasis,Yes,No,0,No
1483,hoc_activating_invasion_and_metastasis,Yes,Yes,1,Yes
1484,hoc_activating_invasion_and_metastasis,No,No,1,No
1485,hoc_activating_invasion_and_metastasis,No,No,1,No
1486,hoc_activating_invasion_and_metastasis,No,No,1,No
1487,hoc_activating_invasion_and_metastasis,No,No,1,No
1488,hoc_activating_invasion_and_metastasis,No,No,1,No
1489,hoc_activating_invasion_and_metastasis,No,No,1,No
1490,hoc_activating_invasion_and_metastasis,No,No,1,No
1491,hoc_activating_invasion_and_metastasis,No,No,1,No
1492,hoc_activating_invasion_and_metastasis,Yes,Yes,1,Yes
1493,hoc_activating_invasion_and_metastasis,No,No,1,No
1494,hoc_activating_invasion_and_metastasis,No,No,1,No
1495,hoc_activating_invasion_and_metastasis,No,No,1,No
1496,hoc_activating_invasion_and_metastasis,No,No,1,No
1497,hoc_activating_invasion_and_metastasis,No,No,1,No
1498,hoc_activating_invasion_and_metastasis,Yes,Yes,1,Yes
1499,hoc_activating_invasion_and_metastasis,No,No,1,No
1500,hoc_activating_invasion_and_metastasis,No,No,1,No
1501,hoc_activating_invasion_and_metastasis,No,No,1,No
1502,hoc_activating_invasion_and_metastasis,Yes,Yes,1,Yes
1503,hoc_activating_invasion_and_metastasis,No,No,1,No
1504,hoc_activating_invasion_and_metastasis,No,No,1,No
1505,hoc_activating_invasion_and_metastasis,No,No,1,No
1506,hoc_activating_invasion_and_metastasis,No,No,1,No
1507,hoc_activating_invasion_and_metastasis,No,No,1,No
1508,hoc_activating_invasion_and_metastasis,Yes,No,0,No
1509,hoc_activating_invasion_and_metastasis,Yes,Yes,1,Yes
1510,hoc_activating_invasion_and_metastasis,No,No,1,No
1511,hoc_activating_invasion_and_metastasis,No,No,1,No
1512,hoc_activating_invasion_and_metastasis,No,Yes,0,Yes
1513,hoc_activating_invasion_and_metastasis,No,No,1,No
1514,hoc_activating_invasion_and_metastasis,No,No,1,No
1515,hoc_activating_invasion_and_metastasis,Yes,No,0,No
1516,hoc_activating_invasion_and_metastasis,No,No,1,No
1517,hoc_activating_invasion_and_metastasis,No,No,1,No
1518,hoc_activating_invasion_and_metastasis,No,No,1,No
1519,hoc_activating_invasion_and_metastasis,No,No,1,No
1520,hoc_activating_invasion_and_metastasis,No,No,1,No
1521,hoc_activating_invasion_and_metastasis,No,No,1,No
1522,hoc_activating_invasion_and_metastasis,Yes,Yes,1,Yes
1523,hoc_activating_invasion_and_metastasis,Yes,No,0,No
1524,hoc_activating_invasion_and_metastasis,No,No,1,No
1525,hoc_activating_invasion_and_metastasis,No,Yes,0,Yes
1526,hoc_activating_invasion_and_metastasis,No,No,1,No
1527,hoc_activating_invasion_and_metastasis,No,No,1,No
1528,hoc_activating_invasion_and_metastasis,No,No,1,No
1529,hoc_activating_invasion_and_metastasis,No,No,1,No
1530,hoc_activating_invasion_and_metastasis,No,No,1,No
1531,hoc_activating_invasion_and_metastasis,No,No,1,No
1532,hoc_activating_invasion_and_metastasis,Yes,No,0,No
1533,hoc_activating_invasion_and_metastasis,No,No,1,No
1534,hoc_activating_invasion_and_metastasis,No,No,1,No
1535,hoc_activating_invasion_and_metastasis,No,No,1,No
1536,hoc_activating_invasion_and_metastasis,No,No,1,No
1537,hoc_activating_invasion_and_metastasis,No,No,1,No
1538,hoc_activating_invasion_and_metastasis,No,No,1,No
1539,hoc_activating_invasion_and_metastasis,No,No,1,No
1540,hoc_activating_invasion_and_metastasis,No,No,1,No
1541,hoc_activating_invasion_and_metastasis,No,No,1,No
1542,hoc_activating_invasion_and_metastasis,No,No,1,No
1543,hoc_activating_invasion_and_metastasis,Yes,Yes,1,Yes
1544,hoc_activating_invasion_and_metastasis,No,No,1,No
1545,hoc_activating_invasion_and_metastasis,No,No,1,No
1546,hoc_activating_invasion_and_metastasis,Yes,Yes,1,Yes
1547,hoc_activating_invasion_and_metastasis,No,No,1,No
1548,hoc_activating_invasion_and_metastasis,No,No,1,No
1549,hoc_activating_invasion_and_metastasis,Yes,Yes,1,Yes
1550,hoc_activating_invasion_and_metastasis,No,No,1,No
1551,hoc_activating_invasion_and_metastasis,Yes,Yes,1,Yes
1552,hoc_activating_invasion_and_metastasis,No,No,1,No
1553,hoc_activating_invasion_and_metastasis,No,No,1,No
1554,hoc_activating_invasion_and_metastasis,No,No,1,No
1555,hoc_activating_invasion_and_metastasis,No,No,1,No
1556,hoc_activating_invasion_and_metastasis,No,No,1,No
1557,hoc_activating_invasion_and_metastasis,Yes,No,0,No
1558,hoc_activating_invasion_and_metastasis,No,No,1,No
1559,hoc_activating_invasion_and_metastasis,No,No,1,No
1560,hoc_activating_invasion_and_metastasis,No,Yes,0,Yes
1561,hoc_activating_invasion_and_metastasis,No,Yes,0,Yes
1562,hoc_activating_invasion_and_metastasis,No,No,1,No
1563,hoc_activating_invasion_and_metastasis,No,No,1,No
1564,hoc_activating_invasion_and_metastasis,No,No,1,No
1565,hoc_activating_invasion_and_metastasis,No,No,1,No
1566,hoc_activating_invasion_and_metastasis,No,No,1,No
1567,hoc_activating_invasion_and_metastasis,No,No,1,No
1568,hoc_activating_invasion_and_metastasis,No,No,1,No
1569,hoc_activating_invasion_and_metastasis,Yes,Yes,1,Yes
1570,hoc_activating_invasion_and_metastasis,No,No,1,No
1571,hoc_activating_invasion_and_metastasis,No,No,1,No
1572,hoc_activating_invasion_and_metastasis,No,No,1,No
1573,hoc_activating_invasion_and_metastasis,No,No,1,No
1574,hoc_activating_invasion_and_metastasis,Yes,Yes,1,Yes
1575,hoc_activating_invasion_and_metastasis,Yes,No,0,No
1576,hoc_activating_invasion_and_metastasis,No,No,1,No
1577,hoc_activating_invasion_and_metastasis,No,No,1,No
1578,hoc_activating_invasion_and_metastasis,Yes,No,0,No
1579,hoc_activating_invasion_and_metastasis,No,No,1,No
1580,hoc_activating_invasion_and_metastasis,Yes,Yes,1,Yes
1581,hoc_activating_invasion_and_metastasis,No,No,1,No
1582,hoc_activating_invasion_and_metastasis,No,No,1,No
1583,hoc_activating_invasion_and_metastasis,No,No,1,No
1584,hoc_activating_invasion_and_metastasis,No,No,1,No
1585,hoc_activating_invasion_and_metastasis,No,No,1,No
1586,hoc_activating_invasion_and_metastasis,No,No,1,No
1587,hoc_activating_invasion_and_metastasis,No,No,1,No
1588,hoc_activating_invasion_and_metastasis,Yes,No,0,No
1589,hoc_activating_invasion_and_metastasis,Yes,Yes,1,Yes
1590,hoc_activating_invasion_and_metastasis,No,No,1,No
1591,hoc_activating_invasion_and_metastasis,No,No,1,No
1592,hoc_activating_invasion_and_metastasis,No,No,1,No
1593,hoc_activating_invasion_and_metastasis,No,No,1,No
1594,hoc_activating_invasion_and_metastasis,No,No,1,No
1595,hoc_activating_invasion_and_metastasis,No,No,1,No
1596,hoc_activating_invasion_and_metastasis,No,No,1,No
1597,hoc_activating_invasion_and_metastasis,No,No,1,No
1598,hoc_activating_invasion_and_metastasis,No,No,1,No
1599,hoc_activating_invasion_and_metastasis,No,No,1,No
1600,hoc_activating_invasion_and_metastasis,No,No,1,No
1601,hoc_activating_invasion_and_metastasis,No,No,1,No
1602,hoc_activating_invasion_and_metastasis,Yes,No,0,No
1603,hoc_activating_invasion_and_metastasis,No,No,1,No
1604,hoc_activating_invasion_and_metastasis,No,No,1,No
1605,hoc_activating_invasion_and_metastasis,No,No,1,No
1606,hoc_activating_invasion_and_metastasis,No,Yes,0,Yes
1607,hoc_activating_invasion_and_metastasis,Yes,No,0,No
1608,hoc_activating_invasion_and_metastasis,No,No,1,No
1609,hoc_activating_invasion_and_metastasis,Yes,Yes,1,Yes
1610,hoc_activating_invasion_and_metastasis,No,No,1,No
1611,hoc_activating_invasion_and_metastasis,No,No,1,No
1612,hoc_activating_invasion_and_metastasis,No,No,1,No
1613,hoc_activating_invasion_and_metastasis,No,No,1,No
1614,hoc_activating_invasion_and_metastasis,No,No,1,No
1615,hoc_activating_invasion_and_metastasis,No,No,1,No
1616,hoc_activating_invasion_and_metastasis,No,No,1,No
1617,hoc_activating_invasion_and_metastasis,No,No,1,No
1618,hoc_activating_invasion_and_metastasis,No,No,1,No
1619,hoc_activating_invasion_and_metastasis,No,No,1,No
1620,hoc_activating_invasion_and_metastasis,No,No,1,No
1621,hoc_activating_invasion_and_metastasis,No,No,1,No
1622,hoc_activating_invasion_and_metastasis,No,No,1,No
1623,hoc_activating_invasion_and_metastasis,Yes,No,0,No
1624,hoc_activating_invasion_and_metastasis,No,No,1,No
1625,hoc_activating_invasion_and_metastasis,No,No,1,No
1626,hoc_activating_invasion_and_metastasis,No,No,1,No
1627,hoc_activating_invasion_and_metastasis,Yes,Yes,1,Yes
1628,hoc_activating_invasion_and_metastasis,Yes,No,0,No
1629,hoc_activating_invasion_and_metastasis,No,No,1,No
1630,hoc_activating_invasion_and_metastasis,No,No,1,No
1631,hoc_activating_invasion_and_metastasis,No,No,1,No
1632,hoc_activating_invasion_and_metastasis,No,No,1,No
1633,hoc_activating_invasion_and_metastasis,No,No,1,No
1634,hoc_activating_invasion_and_metastasis,No,No,1,No
1635,hoc_activating_invasion_and_metastasis,Yes,Yes,1,Yes
1636,hoc_activating_invasion_and_metastasis,No,No,1,No
1637,hoc_activating_invasion_and_metastasis,No,No,1,No
1638,hoc_activating_invasion_and_metastasis,No,No,1,No
1639,hoc_activating_invasion_and_metastasis,No,No,1,No
1640,hoc_activating_invasion_and_metastasis,No,No,1,No
1641,hoc_activating_invasion_and_metastasis,No,No,1,No
1642,hoc_activating_invasion_and_metastasis,No,No,1,No
1643,hoc_activating_invasion_and_metastasis,No,No,1,No
1644,hoc_activating_invasion_and_metastasis,No,No,1,No
1645,hoc_activating_invasion_and_metastasis,No,No,1,No
1646,hoc_activating_invasion_and_metastasis,No,No,1,No
1647,hoc_activating_invasion_and_metastasis,No,No,1,No
1648,hoc_activating_invasion_and_metastasis,Yes,No,0,No
1649,hoc_activating_invasion_and_metastasis,No,No,1,No
1650,hoc_activating_invasion_and_metastasis,No,No,1,No
1651,hoc_activating_invasion_and_metastasis,No,No,1,No
1652,hoc_activating_invasion_and_metastasis,No,No,1,No
1653,hoc_activating_invasion_and_metastasis,No,No,1,No
1654,hoc_activating_invasion_and_metastasis,No,No,1,No
1655,hoc_activating_invasion_and_metastasis,No,No,1,No
1656,hoc_activating_invasion_and_metastasis,No,No,1,No
1657,hoc_activating_invasion_and_metastasis,No,No,1,No
1658,hoc_activating_invasion_and_metastasis,Yes,Yes,1,Yes
1659,hoc_activating_invasion_and_metastasis,No,No,1,No
1660,hoc_activating_invasion_and_metastasis,No,No,1,No
1661,hoc_activating_invasion_and_metastasis,No,No,1,No
1662,hoc_activating_invasion_and_metastasis,No,No,1,No
1663,hoc_activating_invasion_and_metastasis,Yes,Yes,1,Yes
1664,hoc_activating_invasion_and_metastasis,No,No,1,No
1665,hoc_activating_invasion_and_metastasis,No,No,1,No
1666,hoc_activating_invasion_and_metastasis,No,No,1,No
1667,hoc_activating_invasion_and_metastasis,No,No,1,No
1668,hoc_activating_invasion_and_metastasis,No,No,1,No
1669,hoc_activating_invasion_and_metastasis,No,No,1,No
1670,hoc_activating_invasion_and_metastasis,Yes,No,0,No
1671,hoc_activating_invasion_and_metastasis,No,No,1,No
1672,hoc_activating_invasion_and_metastasis,No,No,1,No
1673,hoc_activating_invasion_and_metastasis,No,No,1,No
1674,hoc_activating_invasion_and_metastasis,No,No,1,No
1675,hoc_activating_invasion_and_metastasis,No,No,1,No
1676,hoc_activating_invasion_and_metastasis,No,No,1,No
1677,hoc_activating_invasion_and_metastasis,No,No,1,No
1678,hoc_activating_invasion_and_metastasis,No,No,1,No
1679,hoc_activating_invasion_and_metastasis,Yes,No,0,No
1680,hoc_activating_invasion_and_metastasis,Yes,No,0,No
1681,hoc_activating_invasion_and_metastasis,Yes,No,0,No
1682,hoc_activating_invasion_and_metastasis,No,No,1,No
1683,hoc_activating_invasion_and_metastasis,No,No,1,No
1684,hoc_activating_invasion_and_metastasis,No,No,1,No
1685,hoc_activating_invasion_and_metastasis,No,No,1,No
1686,hoc_activating_invasion_and_metastasis,No,No,1,No
1687,hoc_activating_invasion_and_metastasis,No,No,1,No
1688,hoc_activating_invasion_and_metastasis,No,No,1,No
1689,hoc_activating_invasion_and_metastasis,Yes,No,0,No
1690,hoc_activating_invasion_and_metastasis,No,No,1,No
1691,hoc_activating_invasion_and_metastasis,No,No,1,No
1692,hoc_activating_invasion_and_metastasis,No,No,1,No
1693,hoc_activating_invasion_and_metastasis,Yes,Yes,1,Yes
1694,hoc_activating_invasion_and_metastasis,No,No,1,No
1695,hoc_activating_invasion_and_metastasis,No,No,1,No
1696,hoc_activating_invasion_and_metastasis,Yes,Yes,1,Yes
1697,hoc_activating_invasion_and_metastasis,No,No,1,No
1698,hoc_activating_invasion_and_metastasis,No,No,1,No
1699,hoc_activating_invasion_and_metastasis,No,No,1,No
1700,hoc_activating_invasion_and_metastasis,No,No,1,No
1701,hoc_activating_invasion_and_metastasis,Yes,Yes,1,Yes
1702,hoc_activating_invasion_and_metastasis,Yes,Yes,1,Yes
1703,hoc_activating_invasion_and_metastasis,No,No,1,No
1704,hoc_activating_invasion_and_metastasis,No,No,1,No
1705,hoc_activating_invasion_and_metastasis,No,No,1,No
1706,hoc_activating_invasion_and_metastasis,No,No,1,No
1707,hoc_activating_invasion_and_metastasis,No,No,1,No
1708,hoc_activating_invasion_and_metastasis,No,Yes,0,Yes
1709,hoc_activating_invasion_and_metastasis,No,No,1,No
1710,hoc_activating_invasion_and_metastasis,No,No,1,No
1711,hoc_activating_invasion_and_metastasis,Yes,No,0,No
1712,hoc_activating_invasion_and_metastasis,No,No,1,No
1713,hoc_activating_invasion_and_metastasis,No,No,1,No
1714,hoc_activating_invasion_and_metastasis,No,No,1,No
1715,hoc_activating_invasion_and_metastasis,No,No,1,No
1716,hoc_activating_invasion_and_metastasis,No,No,1,No
1717,hoc_activating_invasion_and_metastasis,No,No,1,No
1718,hoc_activating_invasion_and_metastasis,No,No,1,No
1719,hoc_activating_invasion_and_metastasis,No,No,1,No
1720,hoc_activating_invasion_and_metastasis,Yes,No,0,No
1721,hoc_activating_invasion_and_metastasis,Yes,Yes,1,Yes
1722,hoc_activating_invasion_and_metastasis,Yes,Yes,1,Yes
1723,hoc_activating_invasion_and_metastasis,No,No,1,No
1724,hoc_activating_invasion_and_metastasis,No,No,1,No
1725,hoc_activating_invasion_and_metastasis,Yes,No,0,No
1726,hoc_activating_invasion_and_metastasis,Yes,Yes,1,Yes
1727,hoc_activating_invasion_and_metastasis,No,No,1,No
1728,hoc_activating_invasion_and_metastasis,No,No,1,No
1729,hoc_activating_invasion_and_metastasis,No,No,1,No
1730,hoc_activating_invasion_and_metastasis,No,No,1,No
1731,hoc_activating_invasion_and_metastasis,No,No,1,No
1732,hoc_activating_invasion_and_metastasis,No,No,1,No
1733,hoc_activating_invasion_and_metastasis,No,No,1,No
1734,hoc_activating_invasion_and_metastasis,No,No,1,No
1735,hoc_activating_invasion_and_metastasis,No,No,1,No
1736,hoc_activating_invasion_and_metastasis,No,No,1,No
1737,hoc_activating_invasion_and_metastasis,Yes,No,0,No
1738,hoc_activating_invasion_and_metastasis,No,No,1,No
1739,hoc_activating_invasion_and_metastasis,No,No,1,No
1740,hoc_activating_invasion_and_metastasis,No,No,1,No
1741,hoc_activating_invasion_and_metastasis,No,No,1,No
1742,hoc_activating_invasion_and_metastasis,No,No,1,No
1743,hoc_activating_invasion_and_metastasis,No,No,1,No
1744,hoc_activating_invasion_and_metastasis,No,No,1,No
1745,hoc_activating_invasion_and_metastasis,Yes,No,0,No
1746,hoc_activating_invasion_and_metastasis,No,No,1,No
1747,hoc_activating_invasion_and_metastasis,No,No,1,No
1748,hoc_activating_invasion_and_metastasis,No,No,1,No
1749,hoc_activating_invasion_and_metastasis,No,No,1,No
1750,hoc_activating_invasion_and_metastasis,No,No,1,No
1751,hoc_activating_invasion_and_metastasis,Yes,No,0,No
1752,hoc_activating_invasion_and_metastasis,Yes,No,0,No
1753,hoc_activating_invasion_and_metastasis,No,No,1,No
1754,hoc_activating_invasion_and_metastasis,No,No,1,No
1755,hoc_activating_invasion_and_metastasis,No,No,1,No
1756,hoc_activating_invasion_and_metastasis,No,Yes,0,Yes
1757,hoc_activating_invasion_and_metastasis,No,No,1,No
1758,hoc_activating_invasion_and_metastasis,No,No,1,No
1759,hoc_activating_invasion_and_metastasis,No,No,1,No
1760,hoc_activating_invasion_and_metastasis,No,No,1,No
1761,hoc_activating_invasion_and_metastasis,No,Yes,0,Yes
1762,hoc_activating_invasion_and_metastasis,No,No,1,No
1763,hoc_activating_invasion_and_metastasis,Yes,No,0,No
1764,hoc_activating_invasion_and_metastasis,No,No,1,No
1765,hoc_activating_invasion_and_metastasis,No,No,1,No
1766,hoc_activating_invasion_and_metastasis,No,No,1,No
1767,hoc_activating_invasion_and_metastasis,No,No,1,No
1768,hoc_activating_invasion_and_metastasis,No,Yes,0,Yes
1769,hoc_activating_invasion_and_metastasis,No,No,1,No
1770,hoc_activating_invasion_and_metastasis,No,No,1,No
1771,hoc_activating_invasion_and_metastasis,Yes,No,0,No
1772,hoc_activating_invasion_and_metastasis,No,No,1,No
1773,hoc_activating_invasion_and_metastasis,Yes,Yes,1,Yes
1774,hoc_activating_invasion_and_metastasis,No,No,1,No
1775,hoc_activating_invasion_and_metastasis,Yes,No,0,No
1776,hoc_activating_invasion_and_metastasis,No,No,1,No
1777,hoc_activating_invasion_and_metastasis,No,No,1,No
1778,hoc_activating_invasion_and_metastasis,No,No,1,No
1779,hoc_activating_invasion_and_metastasis,No,No,1,No
1780,hoc_activating_invasion_and_metastasis,No,No,1,No
1781,hoc_activating_invasion_and_metastasis,Yes,Yes,1,Yes
1782,hoc_activating_invasion_and_metastasis,No,No,1,No
1783,hoc_activating_invasion_and_metastasis,Yes,No,0,No
1784,hoc_activating_invasion_and_metastasis,No,No,1,No
1785,hoc_activating_invasion_and_metastasis,Yes,No,0,No
1786,hoc_activating_invasion_and_metastasis,No,No,1,No
1787,hoc_activating_invasion_and_metastasis,Yes,No,0,No
1788,hoc_activating_invasion_and_metastasis,No,No,1,No
1789,hoc_activating_invasion_and_metastasis,No,No,1,No
1790,hoc_activating_invasion_and_metastasis,No,No,1,No
1791,hoc_activating_invasion_and_metastasis,No,No,1,No
1792,hoc_activating_invasion_and_metastasis,Yes,Yes,1,Yes
1793,hoc_activating_invasion_and_metastasis,No,No,1,No
1794,hoc_activating_invasion_and_metastasis,No,No,1,No
1795,hoc_activating_invasion_and_metastasis,No,No,1,No
1796,hoc_activating_invasion_and_metastasis,No,No,1,No
1797,hoc_activating_invasion_and_metastasis,No,No,1,No
1798,hoc_activating_invasion_and_metastasis,No,No,1,No
1799,hoc_activating_invasion_and_metastasis,No,No,1,No
1800,hoc_activating_invasion_and_metastasis,No,No,1,No
1801,hoc_activating_invasion_and_metastasis,No,No,1,No
1802,hoc_activating_invasion_and_metastasis,Yes,Yes,1,Yes
1803,hoc_activating_invasion_and_metastasis,No,No,1,No
1804,hoc_activating_invasion_and_metastasis,Yes,No,0,No
1805,hoc_activating_invasion_and_metastasis,No,No,1,No
1806,hoc_activating_invasion_and_metastasis,No,Yes,0,Yes
1807,hoc_activating_invasion_and_metastasis,No,No,1,No
1808,hoc_activating_invasion_and_metastasis,Yes,No,0,No
1809,hoc_activating_invasion_and_metastasis,No,No,1,No
1810,hoc_activating_invasion_and_metastasis,No,No,1,No
1811,hoc_activating_invasion_and_metastasis,No,No,1,No
1812,hoc_activating_invasion_and_metastasis,No,No,1,No
1813,hoc_activating_invasion_and_metastasis,No,No,1,No
1814,hoc_activating_invasion_and_metastasis,No,No,1,No
1815,hoc_activating_invasion_and_metastasis,No,No,1,No
1816,hoc_activating_invasion_and_metastasis,No,No,1,No
1817,hoc_activating_invasion_and_metastasis,No,No,1,No
1818,hoc_activating_invasion_and_metastasis,Yes,No,0,No
1819,hoc_activating_invasion_and_metastasis,Yes,Yes,1,Yes
1820,hoc_activating_invasion_and_metastasis,No,No,1,No
1821,hoc_activating_invasion_and_metastasis,No,No,1,No
1822,hoc_activating_invasion_and_metastasis,No,No,1,No
1823,hoc_activating_invasion_and_metastasis,No,No,1,No
1824,hoc_activating_invasion_and_metastasis,Yes,Yes,1,Yes
1825,hoc_activating_invasion_and_metastasis,No,No,1,No
1826,hoc_activating_invasion_and_metastasis,No,No,1,No
1827,hoc_activating_invasion_and_metastasis,No,No,1,No
1828,hoc_activating_invasion_and_metastasis,No,No,1,No
1829,hoc_activating_invasion_and_metastasis,Yes,Yes,1,Yes
1830,hoc_activating_invasion_and_metastasis,No,No,1,No
1831,hoc_activating_invasion_and_metastasis,Yes,No,0,No
1832,hoc_activating_invasion_and_metastasis,No,No,1,No
1833,hoc_activating_invasion_and_metastasis,Yes,No,0,No
1834,hoc_activating_invasion_and_metastasis,No,No,1,No
1835,hoc_activating_invasion_and_metastasis,No,No,1,No
1836,hoc_activating_invasion_and_metastasis,No,No,1,No
1837,hoc_activating_invasion_and_metastasis,Yes,No,0,No
1838,hoc_activating_invasion_and_metastasis,No,No,1,No
1839,hoc_activating_invasion_and_metastasis,Yes,Yes,1,Yes
1840,hoc_activating_invasion_and_metastasis,No,No,1,No
1841,hoc_activating_invasion_and_metastasis,No,No,1,No
1842,hoc_activating_invasion_and_metastasis,No,No,1,No
1843,hoc_activating_invasion_and_metastasis,No,No,1,No
1844,hoc_activating_invasion_and_metastasis,No,No,1,No
1845,hoc_activating_invasion_and_metastasis,No,No,1,No
1846,hoc_activating_invasion_and_metastasis,No,No,1,No
1847,hoc_activating_invasion_and_metastasis,No,No,1,No
1848,hoc_activating_invasion_and_metastasis,No,No,1,No
1849,hoc_activating_invasion_and_metastasis,No,No,1,No
1850,hoc_activating_invasion_and_metastasis,No,No,1,No
1851,hoc_activating_invasion_and_metastasis,Yes,Yes,1,Yes
0,hoc_avoiding_immune_destruction,No,No,1,No
1,hoc_avoiding_immune_destruction,No,No,1,No
2,hoc_avoiding_immune_destruction,No,No,1,No
3,hoc_avoiding_immune_destruction,Yes,No,0,No
4,hoc_avoiding_immune_destruction,Yes,Yes,1,Yes
5,hoc_avoiding_immune_destruction,No,No,1,No
6,hoc_avoiding_immune_destruction,No,No,1,No
7,hoc_avoiding_immune_destruction,No,No,1,No
8,hoc_avoiding_immune_destruction,No,No,1,No
9,hoc_avoiding_immune_destruction,No,No,1,No
10,hoc_avoiding_immune_destruction,No,No,1,No
11,hoc_avoiding_immune_destruction,No,No,1,No
12,hoc_avoiding_immune_destruction,No,No,1,No
13,hoc_avoiding_immune_destruction,No,No,1,No
14,hoc_avoiding_immune_destruction,No,No,1,No
15,hoc_avoiding_immune_destruction,No,No,1,No
16,hoc_avoiding_immune_destruction,No,No,1,No
17,hoc_avoiding_immune_destruction,No,No,1,No
18,hoc_avoiding_immune_destruction,No,No,1,No
19,hoc_avoiding_immune_destruction,No,No,1,No
20,hoc_avoiding_immune_destruction,Yes,Yes,1,Yes
21,hoc_avoiding_immune_destruction,No,No,1,No
22,hoc_avoiding_immune_destruction,No,No,1,No
23,hoc_avoiding_immune_destruction,No,No,1,No
24,hoc_avoiding_immune_destruction,No,No,1,No
25,hoc_avoiding_immune_destruction,No,No,1,No
26,hoc_avoiding_immune_destruction,No,No,1,No
27,hoc_avoiding_immune_destruction,No,No,1,No
28,hoc_avoiding_immune_destruction,No,No,1,No
29,hoc_avoiding_immune_destruction,No,No,1,No
30,hoc_avoiding_immune_destruction,No,No,1,No
31,hoc_avoiding_immune_destruction,No,No,1,No
32,hoc_avoiding_immune_destruction,No,No,1,No
33,hoc_avoiding_immune_destruction,No,No,1,No
34,hoc_avoiding_immune_destruction,Yes,Yes,1,Yes
35,hoc_avoiding_immune_destruction,No,No,1,No
36,hoc_avoiding_immune_destruction,No,No,1,No
37,hoc_avoiding_immune_destruction,No,No,1,No
38,hoc_avoiding_immune_destruction,No,No,1,No
39,hoc_avoiding_immune_destruction,No,No,1,No
40,hoc_avoiding_immune_destruction,No,No,1,No
41,hoc_avoiding_immune_destruction,No,No,1,No
42,hoc_avoiding_immune_destruction,Yes,Yes,1,Yes
43,hoc_avoiding_immune_destruction,No,No,1,No
44,hoc_avoiding_immune_destruction,No,No,1,No
45,hoc_avoiding_immune_destruction,No,No,1,No
46,hoc_avoiding_immune_destruction,No,No,1,No
47,hoc_avoiding_immune_destruction,No,No,1,No
48,hoc_avoiding_immune_destruction,No,No,1,No
49,hoc_avoiding_immune_destruction,No,No,1,No
50,hoc_avoiding_immune_destruction,No,No,1,No
51,hoc_avoiding_immune_destruction,No,No,1,No
52,hoc_avoiding_immune_destruction,No,No,1,No
53,hoc_avoiding_immune_destruction,No,No,1,No
54,hoc_avoiding_immune_destruction,No,No,1,No
55,hoc_avoiding_immune_destruction,No,No,1,No
56,hoc_avoiding_immune_destruction,No,No,1,No
57,hoc_avoiding_immune_destruction,No,No,1,No
58,hoc_avoiding_immune_destruction,Yes,No,0,No
59,hoc_avoiding_immune_destruction,No,No,1,No
60,hoc_avoiding_immune_destruction,No,No,1,No
61,hoc_avoiding_immune_destruction,No,No,1,No
62,hoc_avoiding_immune_destruction,No,No,1,No
63,hoc_avoiding_immune_destruction,No,No,1,No
64,hoc_avoiding_immune_destruction,No,No,1,No
65,hoc_avoiding_immune_destruction,No,No,1,No
66,hoc_avoiding_immune_destruction,No,No,1,No
67,hoc_avoiding_immune_destruction,No,No,1,No
68,hoc_avoiding_immune_destruction,No,No,1,No
69,hoc_avoiding_immune_destruction,Yes,No,0,No
70,hoc_avoiding_immune_destruction,No,No,1,No
71,hoc_avoiding_immune_destruction,No,No,1,No
72,hoc_avoiding_immune_destruction,No,No,1,No
73,hoc_avoiding_immune_destruction,No,No,1,No
74,hoc_avoiding_immune_destruction,No,No,1,No
75,hoc_avoiding_immune_destruction,No,No,1,No
76,hoc_avoiding_immune_destruction,No,No,1,No
77,hoc_avoiding_immune_destruction,No,No,1,No
78,hoc_avoiding_immune_destruction,Yes,Yes,1,Yes
79,hoc_avoiding_immune_destruction,No,No,1,No
80,hoc_avoiding_immune_destruction,No,No,1,No
81,hoc_avoiding_immune_destruction,No,No,1,No
82,hoc_avoiding_immune_destruction,No,No,1,No
83,hoc_avoiding_immune_destruction,No,No,1,No
84,hoc_avoiding_immune_destruction,No,No,1,No
85,hoc_avoiding_immune_destruction,Yes,No,0,No
86,hoc_avoiding_immune_destruction,Yes,Yes,1,Yes
87,hoc_avoiding_immune_destruction,No,No,1,No
88,hoc_avoiding_immune_destruction,No,No,1,No
89,hoc_avoiding_immune_destruction,Yes,No,0,No
90,hoc_avoiding_immune_destruction,No,No,1,No
91,hoc_avoiding_immune_destruction,No,No,1,No
92,hoc_avoiding_immune_destruction,Yes,No,0,No
93,hoc_avoiding_immune_destruction,No,No,1,No
94,hoc_avoiding_immune_destruction,No,No,1,No
95,hoc_avoiding_immune_destruction,No,No,1,No
96,hoc_avoiding_immune_destruction,No,No,1,No
97,hoc_avoiding_immune_destruction,No,No,1,No
98,hoc_avoiding_immune_destruction,No,No,1,No
99,hoc_avoiding_immune_destruction,Yes,No,0,No
100,hoc_avoiding_immune_destruction,No,No,1,No
101,hoc_avoiding_immune_destruction,No,No,1,No
102,hoc_avoiding_immune_destruction,No,No,1,No
103,hoc_avoiding_immune_destruction,No,No,1,No
104,hoc_avoiding_immune_destruction,No,No,1,No
105,hoc_avoiding_immune_destruction,No,No,1,No
106,hoc_avoiding_immune_destruction,Yes,No,0,No
107,hoc_avoiding_immune_destruction,No,No,1,No
108,hoc_avoiding_immune_destruction,No,No,1,No
109,hoc_avoiding_immune_destruction,No,No,1,No
110,hoc_avoiding_immune_destruction,Yes,No,0,No
111,hoc_avoiding_immune_destruction,No,No,1,No
112,hoc_avoiding_immune_destruction,No,No,1,No
113,hoc_avoiding_immune_destruction,Yes,No,0,No
114,hoc_avoiding_immune_destruction,Yes,No,0,No
115,hoc_avoiding_immune_destruction,No,No,1,No
116,hoc_avoiding_immune_destruction,No,No,1,No
117,hoc_avoiding_immune_destruction,No,No,1,No
118,hoc_avoiding_immune_destruction,No,No,1,No
119,hoc_avoiding_immune_destruction,Yes,No,0,No
120,hoc_avoiding_immune_destruction,Yes,No,0,No
121,hoc_avoiding_immune_destruction,No,No,1,No
122,hoc_avoiding_immune_destruction,No,No,1,No
123,hoc_avoiding_immune_destruction,No,No,1,No
124,hoc_avoiding_immune_destruction,Yes,Yes,1,Yes
125,hoc_avoiding_immune_destruction,No,No,1,No
126,hoc_avoiding_immune_destruction,Yes,No,0,No
127,hoc_avoiding_immune_destruction,No,No,1,No
128,hoc_avoiding_immune_destruction,Yes,No,0,No
129,hoc_avoiding_immune_destruction,Yes,No,0,No
130,hoc_avoiding_immune_destruction,No,No,1,No
131,hoc_avoiding_immune_destruction,No,No,1,No
132,hoc_avoiding_immune_destruction,No,No,1,No
133,hoc_avoiding_immune_destruction,No,No,1,No
134,hoc_avoiding_immune_destruction,Yes,No,0,No
135,hoc_avoiding_immune_destruction,No,No,1,No
136,hoc_avoiding_immune_destruction,No,No,1,No
137,hoc_avoiding_immune_destruction,No,No,1,No
138,hoc_avoiding_immune_destruction,No,No,1,No
139,hoc_avoiding_immune_destruction,No,No,1,No
140,hoc_avoiding_immune_destruction,Yes,No,0,No
141,hoc_avoiding_immune_destruction,No,No,1,No
142,hoc_avoiding_immune_destruction,Yes,No,0,No
143,hoc_avoiding_immune_destruction,No,No,1,No
144,hoc_avoiding_immune_destruction,No,No,1,No
145,hoc_avoiding_immune_destruction,No,No,1,No
146,hoc_avoiding_immune_destruction,No,No,1,No
147,hoc_avoiding_immune_destruction,No,No,1,No
148,hoc_avoiding_immune_destruction,No,No,1,No
149,hoc_avoiding_immune_destruction,No,No,1,No
150,hoc_avoiding_immune_destruction,No,No,1,No
151,hoc_avoiding_immune_destruction,No,No,1,No
152,hoc_avoiding_immune_destruction,Yes,No,0,No
153,hoc_avoiding_immune_destruction,No,No,1,No
154,hoc_avoiding_immune_destruction,No,No,1,No
155,hoc_avoiding_immune_destruction,No,No,1,No
156,hoc_avoiding_immune_destruction,No,No,1,No
157,hoc_avoiding_immune_destruction,No,No,1,No
158,hoc_avoiding_immune_destruction,No,No,1,No
159,hoc_avoiding_immune_destruction,Yes,No,0,No
160,hoc_avoiding_immune_destruction,No,No,1,No
161,hoc_avoiding_immune_destruction,No,No,1,No
162,hoc_avoiding_immune_destruction,No,No,1,No
163,hoc_avoiding_immune_destruction,No,No,1,No
164,hoc_avoiding_immune_destruction,No,No,1,No
165,hoc_avoiding_immune_destruction,No,No,1,No
166,hoc_avoiding_immune_destruction,No,No,1,No
167,hoc_avoiding_immune_destruction,No,No,1,No
168,hoc_avoiding_immune_destruction,No,No,1,No
169,hoc_avoiding_immune_destruction,No,No,1,No
170,hoc_avoiding_immune_destruction,No,No,1,No
171,hoc_avoiding_immune_destruction,No,No,1,No
172,hoc_avoiding_immune_destruction,No,No,1,No
173,hoc_avoiding_immune_destruction,No,No,1,No
174,hoc_avoiding_immune_destruction,No,No,1,No
175,hoc_avoiding_immune_destruction,Yes,No,0,No
176,hoc_avoiding_immune_destruction,No,No,1,No
177,hoc_avoiding_immune_destruction,No,No,1,No
178,hoc_avoiding_immune_destruction,No,No,1,No
179,hoc_avoiding_immune_destruction,Yes,Yes,1,Yes
180,hoc_avoiding_immune_destruction,No,No,1,No
181,hoc_avoiding_immune_destruction,No,No,1,No
182,hoc_avoiding_immune_destruction,No,No,1,No
183,hoc_avoiding_immune_destruction,No,No,1,No
184,hoc_avoiding_immune_destruction,No,No,1,No
185,hoc_avoiding_immune_destruction,No,No,1,No
186,hoc_avoiding_immune_destruction,No,No,1,No
187,hoc_avoiding_immune_destruction,No,No,1,No
188,hoc_avoiding_immune_destruction,No,No,1,No
189,hoc_avoiding_immune_destruction,No,No,1,No
190,hoc_avoiding_immune_destruction,No,No,1,No
191,hoc_avoiding_immune_destruction,No,No,1,No
192,hoc_avoiding_immune_destruction,Yes,No,0,No
193,hoc_avoiding_immune_destruction,No,No,1,No
194,hoc_avoiding_immune_destruction,No,No,1,No
195,hoc_avoiding_immune_destruction,No,No,1,No
196,hoc_avoiding_immune_destruction,Yes,No,0,No
197,hoc_avoiding_immune_destruction,No,No,1,No
198,hoc_avoiding_immune_destruction,No,No,1,No
199,hoc_avoiding_immune_destruction,No,No,1,No
200,hoc_avoiding_immune_destruction,No,No,1,No
201,hoc_avoiding_immune_destruction,No,No,1,No
202,hoc_avoiding_immune_destruction,No,No,1,No
203,hoc_avoiding_immune_destruction,No,No,1,No
204,hoc_avoiding_immune_destruction,No,No,1,No
205,hoc_avoiding_immune_destruction,No,No,1,No
206,hoc_avoiding_immune_destruction,No,No,1,No
207,hoc_avoiding_immune_destruction,No,No,1,No
208,hoc_avoiding_immune_destruction,No,No,1,No
209,hoc_avoiding_immune_destruction,No,No,1,No
210,hoc_avoiding_immune_destruction,No,No,1,No
211,hoc_avoiding_immune_destruction,No,No,1,No
212,hoc_avoiding_immune_destruction,No,No,1,No
213,hoc_avoiding_immune_destruction,No,No,1,No
214,hoc_avoiding_immune_destruction,No,No,1,No
215,hoc_avoiding_immune_destruction,No,No,1,No
216,hoc_avoiding_immune_destruction,No,No,1,No
217,hoc_avoiding_immune_destruction,No,No,1,No
218,hoc_avoiding_immune_destruction,No,No,1,No
219,hoc_avoiding_immune_destruction,No,No,1,No
220,hoc_avoiding_immune_destruction,No,No,1,No
221,hoc_avoiding_immune_destruction,No,No,1,No
222,hoc_avoiding_immune_destruction,No,No,1,No
223,hoc_avoiding_immune_destruction,No,No,1,No
224,hoc_avoiding_immune_destruction,Yes,Yes,1,Yes
225,hoc_avoiding_immune_destruction,Yes,No,0,No
226,hoc_avoiding_immune_destruction,No,No,1,No
227,hoc_avoiding_immune_destruction,No,No,1,No
228,hoc_avoiding_immune_destruction,No,No,1,No
229,hoc_avoiding_immune_destruction,No,No,1,No
230,hoc_avoiding_immune_destruction,No,No,1,No
231,hoc_avoiding_immune_destruction,No,No,1,No
232,hoc_avoiding_immune_destruction,No,No,1,No
233,hoc_avoiding_immune_destruction,No,No,1,No
234,hoc_avoiding_immune_destruction,No,No,1,No
235,hoc_avoiding_immune_destruction,No,No,1,No
236,hoc_avoiding_immune_destruction,No,No,1,No
237,hoc_avoiding_immune_destruction,No,No,1,No
238,hoc_avoiding_immune_destruction,No,No,1,No
239,hoc_avoiding_immune_destruction,No,No,1,No
240,hoc_avoiding_immune_destruction,No,No,1,No
241,hoc_avoiding_immune_destruction,No,No,1,No
242,hoc_avoiding_immune_destruction,No,No,1,No
243,hoc_avoiding_immune_destruction,No,No,1,No
244,hoc_avoiding_immune_destruction,No,No,1,No
245,hoc_avoiding_immune_destruction,No,No,1,No
246,hoc_avoiding_immune_destruction,No,No,1,No
247,hoc_avoiding_immune_destruction,No,No,1,No
248,hoc_avoiding_immune_destruction,Yes,No,0,No
249,hoc_avoiding_immune_destruction,No,No,1,No
250,hoc_avoiding_immune_destruction,No,No,1,No
251,hoc_avoiding_immune_destruction,No,No,1,No
252,hoc_avoiding_immune_destruction,No,No,1,No
253,hoc_avoiding_immune_destruction,No,No,1,No
254,hoc_avoiding_immune_destruction,No,No,1,No
255,hoc_avoiding_immune_destruction,No,No,1,No
256,hoc_avoiding_immune_destruction,No,No,1,No
257,hoc_avoiding_immune_destruction,No,No,1,No
258,hoc_avoiding_immune_destruction,No,No,1,No
259,hoc_avoiding_immune_destruction,No,No,1,No
260,hoc_avoiding_immune_destruction,No,No,1,No
261,hoc_avoiding_immune_destruction,No,No,1,No
262,hoc_avoiding_immune_destruction,No,No,1,No
263,hoc_avoiding_immune_destruction,No,No,1,No
264,hoc_avoiding_immune_destruction,No,No,1,No
265,hoc_avoiding_immune_destruction,No,No,1,No
266,hoc_avoiding_immune_destruction,No,No,1,No
267,hoc_avoiding_immune_destruction,No,No,1,No
268,hoc_avoiding_immune_destruction,No,No,1,No
269,hoc_avoiding_immune_destruction,No,No,1,No
270,hoc_avoiding_immune_destruction,No,No,1,No
271,hoc_avoiding_immune_destruction,No,No,1,No
272,hoc_avoiding_immune_destruction,No,No,1,No
273,hoc_avoiding_immune_destruction,No,No,1,No
274,hoc_avoiding_immune_destruction,Yes,Yes,1,Yes
275,hoc_avoiding_immune_destruction,No,No,1,No
276,hoc_avoiding_immune_destruction,No,No,1,No
277,hoc_avoiding_immune_destruction,No,No,1,No
278,hoc_avoiding_immune_destruction,No,No,1,No
279,hoc_avoiding_immune_destruction,No,No,1,No
280,hoc_avoiding_immune_destruction,No,No,1,No
281,hoc_avoiding_immune_destruction,No,No,1,No
282,hoc_avoiding_immune_destruction,No,No,1,No
283,hoc_avoiding_immune_destruction,No,No,1,No
284,hoc_avoiding_immune_destruction,No,No,1,No
285,hoc_avoiding_immune_destruction,No,No,1,No
286,hoc_avoiding_immune_destruction,No,No,1,No
287,hoc_avoiding_immune_destruction,No,No,1,No
288,hoc_avoiding_immune_destruction,No,No,1,No
289,hoc_avoiding_immune_destruction,No,No,1,No
290,hoc_avoiding_immune_destruction,No,No,1,No
291,hoc_avoiding_immune_destruction,No,No,1,No
292,hoc_avoiding_immune_destruction,No,No,1,No
293,hoc_avoiding_immune_destruction,No,No,1,No
294,hoc_avoiding_immune_destruction,No,No,1,No
295,hoc_avoiding_immune_destruction,No,No,1,No
296,hoc_avoiding_immune_destruction,No,No,1,No
297,hoc_avoiding_immune_destruction,No,No,1,No
298,hoc_avoiding_immune_destruction,No,No,1,No
299,hoc_avoiding_immune_destruction,No,No,1,No
300,hoc_avoiding_immune_destruction,No,No,1,No
301,hoc_avoiding_immune_destruction,No,No,1,No
302,hoc_avoiding_immune_destruction,No,No,1,No
303,hoc_avoiding_immune_destruction,No,No,1,No
304,hoc_avoiding_immune_destruction,Yes,No,0,No
305,hoc_avoiding_immune_destruction,No,No,1,No
306,hoc_avoiding_immune_destruction,No,No,1,No
307,hoc_avoiding_immune_destruction,No,No,1,No
308,hoc_avoiding_immune_destruction,No,No,1,No
309,hoc_avoiding_immune_destruction,No,No,1,No
310,hoc_avoiding_immune_destruction,No,No,1,No
311,hoc_avoiding_immune_destruction,No,No,1,No
312,hoc_avoiding_immune_destruction,No,No,1,No
313,hoc_avoiding_immune_destruction,No,No,1,No
314,hoc_avoiding_immune_destruction,Yes,Yes,1,Yes
315,hoc_avoiding_immune_destruction,No,No,1,No
316,hoc_avoiding_immune_destruction,No,No,1,No
317,hoc_avoiding_immune_destruction,No,No,1,No
318,hoc_avoiding_immune_destruction,No,No,1,No
319,hoc_avoiding_immune_destruction,Yes,No,0,No
320,hoc_avoiding_immune_destruction,Yes,No,0,No
321,hoc_avoiding_immune_destruction,No,No,1,No
322,hoc_avoiding_immune_destruction,No,No,1,No
323,hoc_avoiding_immune_destruction,No,No,1,No
324,hoc_avoiding_immune_destruction,No,No,1,No
325,hoc_avoiding_immune_destruction,No,No,1,No
326,hoc_avoiding_immune_destruction,No,No,1,No
327,hoc_avoiding_immune_destruction,Yes,No,0,No
328,hoc_avoiding_immune_destruction,No,No,1,No
329,hoc_avoiding_immune_destruction,No,No,1,No
330,hoc_avoiding_immune_destruction,Yes,No,0,No
331,hoc_avoiding_immune_destruction,No,No,1,No
332,hoc_avoiding_immune_destruction,No,No,1,No
333,hoc_avoiding_immune_destruction,No,No,1,No
334,hoc_avoiding_immune_destruction,No,No,1,No
335,hoc_avoiding_immune_destruction,No,No,1,No
336,hoc_avoiding_immune_destruction,Yes,No,0,No
337,hoc_avoiding_immune_destruction,No,No,1,No
338,hoc_avoiding_immune_destruction,No,No,1,No
339,hoc_avoiding_immune_destruction,No,No,1,No
340,hoc_avoiding_immune_destruction,No,No,1,No
341,hoc_avoiding_immune_destruction,No,No,1,No
342,hoc_avoiding_immune_destruction,No,No,1,No
343,hoc_avoiding_immune_destruction,No,No,1,No
344,hoc_avoiding_immune_destruction,Yes,No,0,No
345,hoc_avoiding_immune_destruction,No,No,1,No
346,hoc_avoiding_immune_destruction,No,No,1,No
347,hoc_avoiding_immune_destruction,No,No,1,No
348,hoc_avoiding_immune_destruction,No,No,1,No
349,hoc_avoiding_immune_destruction,No,No,1,No
350,hoc_avoiding_immune_destruction,No,No,1,No
351,hoc_avoiding_immune_destruction,No,No,1,No
352,hoc_avoiding_immune_destruction,No,No,1,No
353,hoc_avoiding_immune_destruction,No,No,1,No
354,hoc_avoiding_immune_destruction,No,No,1,No
355,hoc_avoiding_immune_destruction,No,No,1,No
356,hoc_avoiding_immune_destruction,Yes,No,0,No
357,hoc_avoiding_immune_destruction,Yes,No,0,No
358,hoc_avoiding_immune_destruction,No,No,1,No
359,hoc_avoiding_immune_destruction,No,No,1,No
360,hoc_avoiding_immune_destruction,Yes,No,0,No
361,hoc_avoiding_immune_destruction,No,No,1,No
362,hoc_avoiding_immune_destruction,No,No,1,No
363,hoc_avoiding_immune_destruction,No,No,1,No
364,hoc_avoiding_immune_destruction,No,No,1,No
365,hoc_avoiding_immune_destruction,No,No,1,No
366,hoc_avoiding_immune_destruction,No,No,1,No
367,hoc_avoiding_immune_destruction,No,No,1,No
368,hoc_avoiding_immune_destruction,No,No,1,No
369,hoc_avoiding_immune_destruction,No,No,1,No
370,hoc_avoiding_immune_destruction,No,No,1,No
371,hoc_avoiding_immune_destruction,Yes,No,0,No
372,hoc_avoiding_immune_destruction,No,No,1,No
373,hoc_avoiding_immune_destruction,No,No,1,No
374,hoc_avoiding_immune_destruction,No,No,1,No
375,hoc_avoiding_immune_destruction,No,No,1,No
376,hoc_avoiding_immune_destruction,No,No,1,No
377,hoc_avoiding_immune_destruction,No,No,1,No
378,hoc_avoiding_immune_destruction,Yes,Yes,1,Yes
379,hoc_avoiding_immune_destruction,No,No,1,No
380,hoc_avoiding_immune_destruction,No,No,1,No
381,hoc_avoiding_immune_destruction,No,No,1,No
382,hoc_avoiding_immune_destruction,No,No,1,No
383,hoc_avoiding_immune_destruction,No,No,1,No
384,hoc_avoiding_immune_destruction,Yes,Yes,1,Yes
385,hoc_avoiding_immune_destruction,No,No,1,No
386,hoc_avoiding_immune_destruction,No,No,1,No
387,hoc_avoiding_immune_destruction,No,No,1,No
388,hoc_avoiding_immune_destruction,No,No,1,No
389,hoc_avoiding_immune_destruction,No,No,1,No
390,hoc_avoiding_immune_destruction,No,No,1,No
391,hoc_avoiding_immune_destruction,No,No,1,No
392,hoc_avoiding_immune_destruction,No,No,1,No
393,hoc_avoiding_immune_destruction,No,No,1,No
394,hoc_avoiding_immune_destruction,No,No,1,No
395,hoc_avoiding_immune_destruction,No,No,1,No
396,hoc_avoiding_immune_destruction,No,No,1,No
397,hoc_avoiding_immune_destruction,No,No,1,No
398,hoc_avoiding_immune_destruction,No,No,1,No
399,hoc_avoiding_immune_destruction,No,No,1,No
400,hoc_avoiding_immune_destruction,No,No,1,No
401,hoc_avoiding_immune_destruction,No,No,1,No
402,hoc_avoiding_immune_destruction,No,No,1,No
403,hoc_avoiding_immune_destruction,No,No,1,No
404,hoc_avoiding_immune_destruction,No,No,1,No
405,hoc_avoiding_immune_destruction,No,No,1,No
406,hoc_avoiding_immune_destruction,No,No,1,No
407,hoc_avoiding_immune_destruction,No,No,1,No
408,hoc_avoiding_immune_destruction,No,No,1,No
409,hoc_avoiding_immune_destruction,No,No,1,No
410,hoc_avoiding_immune_destruction,No,No,1,No
411,hoc_avoiding_immune_destruction,No,No,1,No
412,hoc_avoiding_immune_destruction,No,No,1,No
413,hoc_avoiding_immune_destruction,No,No,1,No
414,hoc_avoiding_immune_destruction,No,No,1,No
415,hoc_avoiding_immune_destruction,No,No,1,No
416,hoc_avoiding_immune_destruction,No,No,1,No
417,hoc_avoiding_immune_destruction,No,No,1,No
418,hoc_avoiding_immune_destruction,No,No,1,No
419,hoc_avoiding_immune_destruction,No,No,1,No
420,hoc_avoiding_immune_destruction,No,No,1,No
421,hoc_avoiding_immune_destruction,No,No,1,No
422,hoc_avoiding_immune_destruction,No,No,1,No
423,hoc_avoiding_immune_destruction,Yes,No,0,No
424,hoc_avoiding_immune_destruction,No,No,1,No
425,hoc_avoiding_immune_destruction,No,No,1,No
426,hoc_avoiding_immune_destruction,No,No,1,No
427,hoc_avoiding_immune_destruction,No,No,1,No
428,hoc_avoiding_immune_destruction,No,No,1,No
429,hoc_avoiding_immune_destruction,Yes,No,0,No
430,hoc_avoiding_immune_destruction,No,No,1,No
431,hoc_avoiding_immune_destruction,No,No,1,No
432,hoc_avoiding_immune_destruction,No,No,1,No
433,hoc_avoiding_immune_destruction,No,No,1,No
434,hoc_avoiding_immune_destruction,No,No,1,No
435,hoc_avoiding_immune_destruction,No,No,1,No
436,hoc_avoiding_immune_destruction,No,No,1,No
437,hoc_avoiding_immune_destruction,No,No,1,No
438,hoc_avoiding_immune_destruction,No,No,1,No
439,hoc_avoiding_immune_destruction,No,No,1,No
440,hoc_avoiding_immune_destruction,No,No,1,No
441,hoc_avoiding_immune_destruction,No,No,1,No
442,hoc_avoiding_immune_destruction,Yes,No,0,No
443,hoc_avoiding_immune_destruction,No,No,1,No
444,hoc_avoiding_immune_destruction,Yes,No,0,No
445,hoc_avoiding_immune_destruction,No,No,1,No
446,hoc_avoiding_immune_destruction,No,No,1,No
447,hoc_avoiding_immune_destruction,No,No,1,No
448,hoc_avoiding_immune_destruction,No,No,1,No
449,hoc_avoiding_immune_destruction,No,No,1,No
450,hoc_avoiding_immune_destruction,No,No,1,No
451,hoc_avoiding_immune_destruction,No,No,1,No
452,hoc_avoiding_immune_destruction,No,No,1,No
453,hoc_avoiding_immune_destruction,No,No,1,No
454,hoc_avoiding_immune_destruction,No,No,1,No
455,hoc_avoiding_immune_destruction,No,No,1,No
456,hoc_avoiding_immune_destruction,No,No,1,No
457,hoc_avoiding_immune_destruction,No,No,1,No
458,hoc_avoiding_immune_destruction,No,No,1,No
459,hoc_avoiding_immune_destruction,No,No,1,No
460,hoc_avoiding_immune_destruction,No,No,1,No
461,hoc_avoiding_immune_destruction,No,Yes,0,Yes
462,hoc_avoiding_immune_destruction,No,No,1,No
463,hoc_avoiding_immune_destruction,No,No,1,No
464,hoc_avoiding_immune_destruction,No,No,1,No
465,hoc_avoiding_immune_destruction,No,No,1,No
466,hoc_avoiding_immune_destruction,No,No,1,No
467,hoc_avoiding_immune_destruction,No,No,1,No
468,hoc_avoiding_immune_destruction,No,No,1,No
469,hoc_avoiding_immune_destruction,Yes,No,0,No
470,hoc_avoiding_immune_destruction,No,Yes,0,Yes
471,hoc_avoiding_immune_destruction,No,No,1,No
472,hoc_avoiding_immune_destruction,No,No,1,No
473,hoc_avoiding_immune_destruction,No,No,1,No
474,hoc_avoiding_immune_destruction,No,No,1,No
475,hoc_avoiding_immune_destruction,No,No,1,No
476,hoc_avoiding_immune_destruction,No,No,1,No
477,hoc_avoiding_immune_destruction,Yes,No,0,No
478,hoc_avoiding_immune_destruction,No,No,1,No
479,hoc_avoiding_immune_destruction,No,No,1,No
480,hoc_avoiding_immune_destruction,No,No,1,No
481,hoc_avoiding_immune_destruction,No,No,1,No
482,hoc_avoiding_immune_destruction,No,No,1,No
483,hoc_avoiding_immune_destruction,No,No,1,No
484,hoc_avoiding_immune_destruction,No,No,1,No
485,hoc_avoiding_immune_destruction,No,No,1,No
486,hoc_avoiding_immune_destruction,No,No,1,No
487,hoc_avoiding_immune_destruction,No,No,1,No
488,hoc_avoiding_immune_destruction,No,No,1,No
489,hoc_avoiding_immune_destruction,No,No,1,No
490,hoc_avoiding_immune_destruction,No,No,1,No
491,hoc_avoiding_immune_destruction,No,No,1,No
492,hoc_avoiding_immune_destruction,No,No,1,No
493,hoc_avoiding_immune_destruction,No,No,1,No
494,hoc_avoiding_immune_destruction,No,No,1,No
495,hoc_avoiding_immune_destruction,No,No,1,No
496,hoc_avoiding_immune_destruction,No,No,1,No
497,hoc_avoiding_immune_destruction,No,No,1,No
498,hoc_avoiding_immune_destruction,No,No,1,No
499,hoc_avoiding_immune_destruction,No,No,1,No
500,hoc_avoiding_immune_destruction,No,No,1,No
501,hoc_avoiding_immune_destruction,No,No,1,No
502,hoc_avoiding_immune_destruction,No,No,1,No
503,hoc_avoiding_immune_destruction,No,No,1,No
504,hoc_avoiding_immune_destruction,No,No,1,No
505,hoc_avoiding_immune_destruction,No,No,1,No
506,hoc_avoiding_immune_destruction,No,No,1,No
507,hoc_avoiding_immune_destruction,No,No,1,No
508,hoc_avoiding_immune_destruction,No,No,1,No
509,hoc_avoiding_immune_destruction,No,No,1,No
510,hoc_avoiding_immune_destruction,No,No,1,No
511,hoc_avoiding_immune_destruction,No,No,1,No
512,hoc_avoiding_immune_destruction,No,No,1,No
513,hoc_avoiding_immune_destruction,No,No,1,No
514,hoc_avoiding_immune_destruction,No,No,1,No
515,hoc_avoiding_immune_destruction,No,No,1,No
516,hoc_avoiding_immune_destruction,No,No,1,No
517,hoc_avoiding_immune_destruction,No,No,1,No
518,hoc_avoiding_immune_destruction,No,No,1,No
519,hoc_avoiding_immune_destruction,No,No,1,No
520,hoc_avoiding_immune_destruction,No,No,1,No
521,hoc_avoiding_immune_destruction,No,No,1,No
522,hoc_avoiding_immune_destruction,No,No,1,No
523,hoc_avoiding_immune_destruction,No,No,1,No
524,hoc_avoiding_immune_destruction,No,No,1,No
525,hoc_avoiding_immune_destruction,No,No,1,No
526,hoc_avoiding_immune_destruction,No,No,1,No
527,hoc_avoiding_immune_destruction,No,No,1,No
528,hoc_avoiding_immune_destruction,No,No,1,No
529,hoc_avoiding_immune_destruction,No,No,1,No
530,hoc_avoiding_immune_destruction,No,No,1,No
531,hoc_avoiding_immune_destruction,No,No,1,No
532,hoc_avoiding_immune_destruction,No,No,1,No
533,hoc_avoiding_immune_destruction,No,No,1,No
534,hoc_avoiding_immune_destruction,No,No,1,No
535,hoc_avoiding_immune_destruction,No,No,1,No
536,hoc_avoiding_immune_destruction,No,No,1,No
537,hoc_avoiding_immune_destruction,No,No,1,No
538,hoc_avoiding_immune_destruction,No,No,1,No
539,hoc_avoiding_immune_destruction,No,No,1,No
540,hoc_avoiding_immune_destruction,No,No,1,No
541,hoc_avoiding_immune_destruction,No,No,1,No
542,hoc_avoiding_immune_destruction,No,No,1,No
543,hoc_avoiding_immune_destruction,No,No,1,No
544,hoc_avoiding_immune_destruction,No,No,1,No
545,hoc_avoiding_immune_destruction,No,No,1,No
546,hoc_avoiding_immune_destruction,No,No,1,No
547,hoc_avoiding_immune_destruction,No,No,1,No
548,hoc_avoiding_immune_destruction,No,No,1,No
549,hoc_avoiding_immune_destruction,No,No,1,No
550,hoc_avoiding_immune_destruction,No,No,1,No
551,hoc_avoiding_immune_destruction,No,No,1,No
552,hoc_avoiding_immune_destruction,No,No,1,No
553,hoc_avoiding_immune_destruction,No,No,1,No
554,hoc_avoiding_immune_destruction,No,Yes,0,Yes
555,hoc_avoiding_immune_destruction,No,No,1,No
556,hoc_avoiding_immune_destruction,No,No,1,No
557,hoc_avoiding_immune_destruction,No,No,1,No
558,hoc_avoiding_immune_destruction,No,No,1,No
559,hoc_avoiding_immune_destruction,No,No,1,No
560,hoc_avoiding_immune_destruction,No,No,1,No
561,hoc_avoiding_immune_destruction,No,No,1,No
562,hoc_avoiding_immune_destruction,No,No,1,No
563,hoc_avoiding_immune_destruction,No,No,1,No
564,hoc_avoiding_immune_destruction,No,No,1,No
565,hoc_avoiding_immune_destruction,No,No,1,No
566,hoc_avoiding_immune_destruction,No,No,1,No
567,hoc_avoiding_immune_destruction,No,No,1,No
568,hoc_avoiding_immune_destruction,No,No,1,No
569,hoc_avoiding_immune_destruction,No,No,1,No
570,hoc_avoiding_immune_destruction,No,No,1,No
571,hoc_avoiding_immune_destruction,No,No,1,No
572,hoc_avoiding_immune_destruction,No,No,1,No
573,hoc_avoiding_immune_destruction,No,No,1,No
574,hoc_avoiding_immune_destruction,No,No,1,No
575,hoc_avoiding_immune_destruction,No,No,1,No
576,hoc_avoiding_immune_destruction,No,No,1,No
577,hoc_avoiding_immune_destruction,No,No,1,No
578,hoc_avoiding_immune_destruction,No,No,1,No
579,hoc_avoiding_immune_destruction,No,No,1,No
580,hoc_avoiding_immune_destruction,No,No,1,No
581,hoc_avoiding_immune_destruction,No,No,1,No
582,hoc_avoiding_immune_destruction,No,No,1,No
583,hoc_avoiding_immune_destruction,No,No,1,No
584,hoc_avoiding_immune_destruction,No,Yes,0,Yes
585,hoc_avoiding_immune_destruction,No,No,1,No
586,hoc_avoiding_immune_destruction,No,No,1,No
587,hoc_avoiding_immune_destruction,No,No,1,No
588,hoc_avoiding_immune_destruction,No,No,1,No
589,hoc_avoiding_immune_destruction,No,No,1,No
590,hoc_avoiding_immune_destruction,No,No,1,No
591,hoc_avoiding_immune_destruction,No,No,1,No
592,hoc_avoiding_immune_destruction,Yes,No,0,No
593,hoc_avoiding_immune_destruction,No,No,1,No
594,hoc_avoiding_immune_destruction,No,No,1,No
595,hoc_avoiding_immune_destruction,No,No,1,No
596,hoc_avoiding_immune_destruction,No,No,1,No
597,hoc_avoiding_immune_destruction,No,No,1,No
598,hoc_avoiding_immune_destruction,No,No,1,No
599,hoc_avoiding_immune_destruction,No,No,1,No
600,hoc_avoiding_immune_destruction,No,No,1,No
601,hoc_avoiding_immune_destruction,No,No,1,No
602,hoc_avoiding_immune_destruction,No,No,1,No
603,hoc_avoiding_immune_destruction,No,No,1,No
604,hoc_avoiding_immune_destruction,No,No,1,No
605,hoc_avoiding_immune_destruction,No,No,1,No
606,hoc_avoiding_immune_destruction,No,No,1,No
607,hoc_avoiding_immune_destruction,No,No,1,No
608,hoc_avoiding_immune_destruction,No,No,1,No
609,hoc_avoiding_immune_destruction,No,No,1,No
610,hoc_avoiding_immune_destruction,No,No,1,No
611,hoc_avoiding_immune_destruction,No,No,1,No
612,hoc_avoiding_immune_destruction,No,No,1,No
613,hoc_avoiding_immune_destruction,No,No,1,No
614,hoc_avoiding_immune_destruction,No,No,1,No
615,hoc_avoiding_immune_destruction,No,No,1,No
616,hoc_avoiding_immune_destruction,No,No,1,No
617,hoc_avoiding_immune_destruction,Yes,Yes,1,Yes
618,hoc_avoiding_immune_destruction,No,No,1,No
619,hoc_avoiding_immune_destruction,No,No,1,No
620,hoc_avoiding_immune_destruction,No,No,1,No
621,hoc_avoiding_immune_destruction,No,No,1,No
622,hoc_avoiding_immune_destruction,No,No,1,No
623,hoc_avoiding_immune_destruction,No,No,1,No
624,hoc_avoiding_immune_destruction,No,No,1,No
625,hoc_avoiding_immune_destruction,No,No,1,No
626,hoc_avoiding_immune_destruction,No,No,1,No
627,hoc_avoiding_immune_destruction,No,No,1,No
628,hoc_avoiding_immune_destruction,No,No,1,No
629,hoc_avoiding_immune_destruction,No,No,1,No
630,hoc_avoiding_immune_destruction,No,No,1,No
631,hoc_avoiding_immune_destruction,No,No,1,No
632,hoc_avoiding_immune_destruction,No,No,1,No
633,hoc_avoiding_immune_destruction,Yes,No,0,No
634,hoc_avoiding_immune_destruction,No,No,1,No
635,hoc_avoiding_immune_destruction,No,No,1,No
636,hoc_avoiding_immune_destruction,No,No,1,No
637,hoc_avoiding_immune_destruction,Yes,No,0,No
638,hoc_avoiding_immune_destruction,No,No,1,No
639,hoc_avoiding_immune_destruction,No,No,1,No
640,hoc_avoiding_immune_destruction,No,No,1,No
641,hoc_avoiding_immune_destruction,No,No,1,No
642,hoc_avoiding_immune_destruction,No,No,1,No
643,hoc_avoiding_immune_destruction,No,No,1,No
644,hoc_avoiding_immune_destruction,No,No,1,No
645,hoc_avoiding_immune_destruction,No,No,1,No
646,hoc_avoiding_immune_destruction,No,No,1,No
647,hoc_avoiding_immune_destruction,No,No,1,No
648,hoc_avoiding_immune_destruction,No,No,1,No
649,hoc_avoiding_immune_destruction,No,No,1,No
650,hoc_avoiding_immune_destruction,Yes,No,0,No
651,hoc_avoiding_immune_destruction,No,No,1,No
652,hoc_avoiding_immune_destruction,No,No,1,No
653,hoc_avoiding_immune_destruction,No,No,1,No
654,hoc_avoiding_immune_destruction,No,No,1,No
655,hoc_avoiding_immune_destruction,No,No,1,No
656,hoc_avoiding_immune_destruction,No,No,1,No
657,hoc_avoiding_immune_destruction,No,No,1,No
658,hoc_avoiding_immune_destruction,No,No,1,No
659,hoc_avoiding_immune_destruction,No,No,1,No
660,hoc_avoiding_immune_destruction,No,No,1,No
661,hoc_avoiding_immune_destruction,No,No,1,No
662,hoc_avoiding_immune_destruction,No,No,1,No
663,hoc_avoiding_immune_destruction,No,No,1,No
664,hoc_avoiding_immune_destruction,No,No,1,No
665,hoc_avoiding_immune_destruction,No,No,1,No
666,hoc_avoiding_immune_destruction,No,No,1,No
667,hoc_avoiding_immune_destruction,No,No,1,No
668,hoc_avoiding_immune_destruction,No,No,1,No
669,hoc_avoiding_immune_destruction,No,No,1,No
670,hoc_avoiding_immune_destruction,No,No,1,No
671,hoc_avoiding_immune_destruction,Yes,Yes,1,Yes
672,hoc_avoiding_immune_destruction,No,No,1,No
673,hoc_avoiding_immune_destruction,No,No,1,No
674,hoc_avoiding_immune_destruction,No,No,1,No
675,hoc_avoiding_immune_destruction,No,No,1,No
676,hoc_avoiding_immune_destruction,No,No,1,No
677,hoc_avoiding_immune_destruction,Yes,No,0,No
678,hoc_avoiding_immune_destruction,No,No,1,No
679,hoc_avoiding_immune_destruction,No,No,1,No
680,hoc_avoiding_immune_destruction,No,No,1,No
681,hoc_avoiding_immune_destruction,No,No,1,No
682,hoc_avoiding_immune_destruction,No,Yes,0,Yes
683,hoc_avoiding_immune_destruction,No,No,1,No
684,hoc_avoiding_immune_destruction,No,No,1,No
685,hoc_avoiding_immune_destruction,No,No,1,No
686,hoc_avoiding_immune_destruction,No,No,1,No
687,hoc_avoiding_immune_destruction,No,No,1,No
688,hoc_avoiding_immune_destruction,No,No,1,No
689,hoc_avoiding_immune_destruction,No,No,1,No
690,hoc_avoiding_immune_destruction,No,No,1,No
691,hoc_avoiding_immune_destruction,No,No,1,No
692,hoc_avoiding_immune_destruction,No,No,1,No
693,hoc_avoiding_immune_destruction,No,No,1,No
694,hoc_avoiding_immune_destruction,No,No,1,No
695,hoc_avoiding_immune_destruction,No,No,1,No
696,hoc_avoiding_immune_destruction,No,No,1,No
697,hoc_avoiding_immune_destruction,No,No,1,No
698,hoc_avoiding_immune_destruction,No,No,1,No
699,hoc_avoiding_immune_destruction,No,No,1,No
700,hoc_avoiding_immune_destruction,No,No,1,No
701,hoc_avoiding_immune_destruction,No,No,1,No
702,hoc_avoiding_immune_destruction,No,No,1,No
703,hoc_avoiding_immune_destruction,No,No,1,No
704,hoc_avoiding_immune_destruction,No,Yes,0,Yes
705,hoc_avoiding_immune_destruction,No,No,1,No
706,hoc_avoiding_immune_destruction,No,No,1,No
707,hoc_avoiding_immune_destruction,No,No,1,No
708,hoc_avoiding_immune_destruction,No,No,1,No
709,hoc_avoiding_immune_destruction,No,No,1,No
710,hoc_avoiding_immune_destruction,No,No,1,No
711,hoc_avoiding_immune_destruction,No,No,1,No
712,hoc_avoiding_immune_destruction,No,No,1,No
713,hoc_avoiding_immune_destruction,No,No,1,No
714,hoc_avoiding_immune_destruction,No,No,1,No
715,hoc_avoiding_immune_destruction,No,No,1,No
716,hoc_avoiding_immune_destruction,No,No,1,No
717,hoc_avoiding_immune_destruction,No,No,1,No
718,hoc_avoiding_immune_destruction,No,No,1,No
719,hoc_avoiding_immune_destruction,Yes,No,0,No
720,hoc_avoiding_immune_destruction,No,No,1,No
721,hoc_avoiding_immune_destruction,No,No,1,No
722,hoc_avoiding_immune_destruction,No,No,1,No
723,hoc_avoiding_immune_destruction,No,No,1,No
724,hoc_avoiding_immune_destruction,No,No,1,No
725,hoc_avoiding_immune_destruction,No,No,1,No
726,hoc_avoiding_immune_destruction,No,No,1,No
727,hoc_avoiding_immune_destruction,No,No,1,No
728,hoc_avoiding_immune_destruction,No,No,1,No
729,hoc_avoiding_immune_destruction,No,No,1,No
730,hoc_avoiding_immune_destruction,No,No,1,No
731,hoc_avoiding_immune_destruction,No,No,1,No
732,hoc_avoiding_immune_destruction,No,No,1,No
733,hoc_avoiding_immune_destruction,No,No,1,No
734,hoc_avoiding_immune_destruction,No,No,1,No
735,hoc_avoiding_immune_destruction,No,No,1,No
736,hoc_avoiding_immune_destruction,No,No,1,No
737,hoc_avoiding_immune_destruction,No,No,1,No
738,hoc_avoiding_immune_destruction,No,No,1,No
739,hoc_avoiding_immune_destruction,No,No,1,No
740,hoc_avoiding_immune_destruction,No,No,1,No
741,hoc_avoiding_immune_destruction,No,No,1,No
742,hoc_avoiding_immune_destruction,No,No,1,No
743,hoc_avoiding_immune_destruction,No,No,1,No
744,hoc_avoiding_immune_destruction,No,No,1,No
745,hoc_avoiding_immune_destruction,No,No,1,No
746,hoc_avoiding_immune_destruction,No,No,1,No
747,hoc_avoiding_immune_destruction,No,No,1,No
748,hoc_avoiding_immune_destruction,No,No,1,No
749,hoc_avoiding_immune_destruction,No,No,1,No
750,hoc_avoiding_immune_destruction,No,No,1,No
751,hoc_avoiding_immune_destruction,No,No,1,No
752,hoc_avoiding_immune_destruction,No,No,1,No
753,hoc_avoiding_immune_destruction,No,No,1,No
754,hoc_avoiding_immune_destruction,No,No,1,No
755,hoc_avoiding_immune_destruction,No,No,1,No
756,hoc_avoiding_immune_destruction,No,No,1,No
757,hoc_avoiding_immune_destruction,No,No,1,No
758,hoc_avoiding_immune_destruction,No,No,1,No
759,hoc_avoiding_immune_destruction,No,No,1,No
760,hoc_avoiding_immune_destruction,No,Yes,0,Yes
761,hoc_avoiding_immune_destruction,No,No,1,No
762,hoc_avoiding_immune_destruction,No,No,1,No
763,hoc_avoiding_immune_destruction,No,No,1,No
764,hoc_avoiding_immune_destruction,No,No,1,No
765,hoc_avoiding_immune_destruction,No,No,1,No
766,hoc_avoiding_immune_destruction,No,No,1,No
767,hoc_avoiding_immune_destruction,No,No,1,No
768,hoc_avoiding_immune_destruction,No,No,1,No
769,hoc_avoiding_immune_destruction,No,No,1,No
770,hoc_avoiding_immune_destruction,No,No,1,No
771,hoc_avoiding_immune_destruction,No,No,1,No
772,hoc_avoiding_immune_destruction,No,No,1,No
773,hoc_avoiding_immune_destruction,No,No,1,No
774,hoc_avoiding_immune_destruction,No,No,1,No
775,hoc_avoiding_immune_destruction,No,No,1,No
776,hoc_avoiding_immune_destruction,No,No,1,No
777,hoc_avoiding_immune_destruction,No,No,1,No
778,hoc_avoiding_immune_destruction,No,No,1,No
779,hoc_avoiding_immune_destruction,No,No,1,No
780,hoc_avoiding_immune_destruction,No,No,1,No
781,hoc_avoiding_immune_destruction,No,No,1,No
782,hoc_avoiding_immune_destruction,No,No,1,No
783,hoc_avoiding_immune_destruction,No,No,1,No
784,hoc_avoiding_immune_destruction,No,No,1,No
785,hoc_avoiding_immune_destruction,No,No,1,No
786,hoc_avoiding_immune_destruction,No,No,1,No
787,hoc_avoiding_immune_destruction,No,No,1,No
788,hoc_avoiding_immune_destruction,No,No,1,No
789,hoc_avoiding_immune_destruction,No,No,1,No
790,hoc_avoiding_immune_destruction,No,No,1,No
791,hoc_avoiding_immune_destruction,No,No,1,No
792,hoc_avoiding_immune_destruction,No,No,1,No
793,hoc_avoiding_immune_destruction,No,No,1,No
794,hoc_avoiding_immune_destruction,No,No,1,No
795,hoc_avoiding_immune_destruction,No,No,1,No
796,hoc_avoiding_immune_destruction,No,No,1,No
797,hoc_avoiding_immune_destruction,No,No,1,No
798,hoc_avoiding_immune_destruction,No,No,1,No
799,hoc_avoiding_immune_destruction,No,No,1,No
800,hoc_avoiding_immune_destruction,No,No,1,No
801,hoc_avoiding_immune_destruction,No,No,1,No
802,hoc_avoiding_immune_destruction,No,No,1,No
803,hoc_avoiding_immune_destruction,No,No,1,No
804,hoc_avoiding_immune_destruction,No,No,1,No
805,hoc_avoiding_immune_destruction,No,No,1,No
806,hoc_avoiding_immune_destruction,No,No,1,No
807,hoc_avoiding_immune_destruction,No,No,1,No
808,hoc_avoiding_immune_destruction,No,No,1,No
809,hoc_avoiding_immune_destruction,No,No,1,No
810,hoc_avoiding_immune_destruction,No,No,1,No
811,hoc_avoiding_immune_destruction,No,No,1,No
812,hoc_avoiding_immune_destruction,No,No,1,No
813,hoc_avoiding_immune_destruction,No,No,1,No
814,hoc_avoiding_immune_destruction,No,No,1,No
815,hoc_avoiding_immune_destruction,No,No,1,No
816,hoc_avoiding_immune_destruction,No,No,1,No
817,hoc_avoiding_immune_destruction,No,Yes,0,Yes
818,hoc_avoiding_immune_destruction,No,No,1,No
819,hoc_avoiding_immune_destruction,No,No,1,No
820,hoc_avoiding_immune_destruction,No,No,1,No
821,hoc_avoiding_immune_destruction,No,No,1,No
822,hoc_avoiding_immune_destruction,No,No,1,No
823,hoc_avoiding_immune_destruction,No,No,1,No
824,hoc_avoiding_immune_destruction,No,No,1,No
825,hoc_avoiding_immune_destruction,No,No,1,No
826,hoc_avoiding_immune_destruction,No,No,1,No
827,hoc_avoiding_immune_destruction,No,No,1,No
828,hoc_avoiding_immune_destruction,No,No,1,No
829,hoc_avoiding_immune_destruction,No,No,1,No
830,hoc_avoiding_immune_destruction,No,No,1,No
831,hoc_avoiding_immune_destruction,No,No,1,No
832,hoc_avoiding_immune_destruction,No,No,1,No
833,hoc_avoiding_immune_destruction,No,No,1,No
834,hoc_avoiding_immune_destruction,No,No,1,No
835,hoc_avoiding_immune_destruction,No,No,1,No
836,hoc_avoiding_immune_destruction,No,No,1,No
837,hoc_avoiding_immune_destruction,No,No,1,No
838,hoc_avoiding_immune_destruction,No,Yes,0,Yes
839,hoc_avoiding_immune_destruction,No,No,1,No
840,hoc_avoiding_immune_destruction,No,No,1,No
841,hoc_avoiding_immune_destruction,No,No,1,No
842,hoc_avoiding_immune_destruction,No,No,1,No
843,hoc_avoiding_immune_destruction,No,No,1,No
844,hoc_avoiding_immune_destruction,No,No,1,No
845,hoc_avoiding_immune_destruction,No,No,1,No
846,hoc_avoiding_immune_destruction,No,No,1,No
847,hoc_avoiding_immune_destruction,No,No,1,No
848,hoc_avoiding_immune_destruction,No,No,1,No
849,hoc_avoiding_immune_destruction,No,No,1,No
850,hoc_avoiding_immune_destruction,No,No,1,No
851,hoc_avoiding_immune_destruction,No,No,1,No
852,hoc_avoiding_immune_destruction,No,No,1,No
853,hoc_avoiding_immune_destruction,No,No,1,No
854,hoc_avoiding_immune_destruction,No,No,1,No
855,hoc_avoiding_immune_destruction,No,No,1,No
856,hoc_avoiding_immune_destruction,No,No,1,No
857,hoc_avoiding_immune_destruction,No,No,1,No
858,hoc_avoiding_immune_destruction,No,No,1,No
859,hoc_avoiding_immune_destruction,No,No,1,No
860,hoc_avoiding_immune_destruction,No,No,1,No
861,hoc_avoiding_immune_destruction,No,No,1,No
862,hoc_avoiding_immune_destruction,No,No,1,No
863,hoc_avoiding_immune_destruction,No,No,1,No
864,hoc_avoiding_immune_destruction,No,No,1,No
865,hoc_avoiding_immune_destruction,No,No,1,No
866,hoc_avoiding_immune_destruction,No,No,1,No
867,hoc_avoiding_immune_destruction,No,No,1,No
868,hoc_avoiding_immune_destruction,No,No,1,No
869,hoc_avoiding_immune_destruction,No,No,1,No
870,hoc_avoiding_immune_destruction,No,No,1,No
871,hoc_avoiding_immune_destruction,No,No,1,No
872,hoc_avoiding_immune_destruction,No,No,1,No
873,hoc_avoiding_immune_destruction,No,No,1,No
874,hoc_avoiding_immune_destruction,No,No,1,No
875,hoc_avoiding_immune_destruction,No,No,1,No
876,hoc_avoiding_immune_destruction,No,No,1,No
877,hoc_avoiding_immune_destruction,No,Yes,0,Yes
878,hoc_avoiding_immune_destruction,No,No,1,No
879,hoc_avoiding_immune_destruction,No,No,1,No
880,hoc_avoiding_immune_destruction,No,No,1,No
881,hoc_avoiding_immune_destruction,No,No,1,No
882,hoc_avoiding_immune_destruction,No,No,1,No
883,hoc_avoiding_immune_destruction,No,No,1,No
884,hoc_avoiding_immune_destruction,No,No,1,No
885,hoc_avoiding_immune_destruction,No,No,1,No
886,hoc_avoiding_immune_destruction,No,No,1,No
887,hoc_avoiding_immune_destruction,No,No,1,No
888,hoc_avoiding_immune_destruction,No,No,1,No
889,hoc_avoiding_immune_destruction,No,No,1,No
890,hoc_avoiding_immune_destruction,No,No,1,No
891,hoc_avoiding_immune_destruction,No,No,1,No
892,hoc_avoiding_immune_destruction,No,No,1,No
893,hoc_avoiding_immune_destruction,No,No,1,No
894,hoc_avoiding_immune_destruction,No,No,1,No
895,hoc_avoiding_immune_destruction,No,No,1,No
896,hoc_avoiding_immune_destruction,No,No,1,No
897,hoc_avoiding_immune_destruction,No,No,1,No
898,hoc_avoiding_immune_destruction,No,No,1,No
899,hoc_avoiding_immune_destruction,No,No,1,No
900,hoc_avoiding_immune_destruction,No,No,1,No
901,hoc_avoiding_immune_destruction,No,No,1,No
902,hoc_avoiding_immune_destruction,No,No,1,No
903,hoc_avoiding_immune_destruction,No,No,1,No
904,hoc_avoiding_immune_destruction,No,No,1,No
905,hoc_avoiding_immune_destruction,No,No,1,No
906,hoc_avoiding_immune_destruction,No,No,1,No
907,hoc_avoiding_immune_destruction,No,No,1,No
908,hoc_avoiding_immune_destruction,No,No,1,No
909,hoc_avoiding_immune_destruction,No,No,1,No
910,hoc_avoiding_immune_destruction,No,No,1,No
911,hoc_avoiding_immune_destruction,No,No,1,No
912,hoc_avoiding_immune_destruction,No,No,1,No
913,hoc_avoiding_immune_destruction,No,No,1,No
914,hoc_avoiding_immune_destruction,No,No,1,No
915,hoc_avoiding_immune_destruction,No,No,1,No
916,hoc_avoiding_immune_destruction,No,No,1,No
917,hoc_avoiding_immune_destruction,No,No,1,No
918,hoc_avoiding_immune_destruction,No,No,1,No
919,hoc_avoiding_immune_destruction,No,No,1,No
920,hoc_avoiding_immune_destruction,No,No,1,No
921,hoc_avoiding_immune_destruction,No,No,1,No
922,hoc_avoiding_immune_destruction,No,No,1,No
923,hoc_avoiding_immune_destruction,No,No,1,No
924,hoc_avoiding_immune_destruction,No,No,1,No
925,hoc_avoiding_immune_destruction,No,No,1,No
926,hoc_avoiding_immune_destruction,No,No,1,No
927,hoc_avoiding_immune_destruction,No,No,1,No
928,hoc_avoiding_immune_destruction,No,No,1,No
929,hoc_avoiding_immune_destruction,No,No,1,No
930,hoc_avoiding_immune_destruction,No,No,1,No
931,hoc_avoiding_immune_destruction,No,No,1,No
932,hoc_avoiding_immune_destruction,No,No,1,No
933,hoc_avoiding_immune_destruction,No,No,1,No
934,hoc_avoiding_immune_destruction,No,No,1,No
935,hoc_avoiding_immune_destruction,No,No,1,No
936,hoc_avoiding_immune_destruction,No,No,1,No
937,hoc_avoiding_immune_destruction,No,No,1,No
938,hoc_avoiding_immune_destruction,No,No,1,No
939,hoc_avoiding_immune_destruction,No,No,1,No
940,hoc_avoiding_immune_destruction,No,No,1,No
941,hoc_avoiding_immune_destruction,No,No,1,No
942,hoc_avoiding_immune_destruction,No,No,1,No
943,hoc_avoiding_immune_destruction,No,No,1,No
944,hoc_avoiding_immune_destruction,No,No,1,No
945,hoc_avoiding_immune_destruction,No,No,1,No
946,hoc_avoiding_immune_destruction,No,No,1,No
947,hoc_avoiding_immune_destruction,No,No,1,No
948,hoc_avoiding_immune_destruction,No,No,1,No
949,hoc_avoiding_immune_destruction,No,No,1,No
950,hoc_avoiding_immune_destruction,No,No,1,No
951,hoc_avoiding_immune_destruction,No,No,1,No
952,hoc_avoiding_immune_destruction,No,No,1,No
953,hoc_avoiding_immune_destruction,No,No,1,No
954,hoc_avoiding_immune_destruction,No,No,1,No
955,hoc_avoiding_immune_destruction,No,No,1,No
956,hoc_avoiding_immune_destruction,No,No,1,No
957,hoc_avoiding_immune_destruction,No,No,1,No
958,hoc_avoiding_immune_destruction,No,No,1,No
959,hoc_avoiding_immune_destruction,No,No,1,No
960,hoc_avoiding_immune_destruction,No,No,1,No
961,hoc_avoiding_immune_destruction,No,No,1,No
962,hoc_avoiding_immune_destruction,No,No,1,No
963,hoc_avoiding_immune_destruction,No,No,1,No
964,hoc_avoiding_immune_destruction,No,No,1,No
965,hoc_avoiding_immune_destruction,No,No,1,No
966,hoc_avoiding_immune_destruction,No,No,1,No
967,hoc_avoiding_immune_destruction,No,No,1,No
968,hoc_avoiding_immune_destruction,No,No,1,No
969,hoc_avoiding_immune_destruction,No,Yes,0,Yes
970,hoc_avoiding_immune_destruction,No,No,1,No
971,hoc_avoiding_immune_destruction,No,No,1,No
972,hoc_avoiding_immune_destruction,No,No,1,No
973,hoc_avoiding_immune_destruction,No,No,1,No
974,hoc_avoiding_immune_destruction,No,No,1,No
975,hoc_avoiding_immune_destruction,No,No,1,No
976,hoc_avoiding_immune_destruction,No,No,1,No
977,hoc_avoiding_immune_destruction,No,No,1,No
978,hoc_avoiding_immune_destruction,No,No,1,No
979,hoc_avoiding_immune_destruction,No,No,1,No
980,hoc_avoiding_immune_destruction,No,No,1,No
981,hoc_avoiding_immune_destruction,No,No,1,No
982,hoc_avoiding_immune_destruction,No,No,1,No
983,hoc_avoiding_immune_destruction,No,No,1,No
984,hoc_avoiding_immune_destruction,No,No,1,No
985,hoc_avoiding_immune_destruction,No,No,1,No
986,hoc_avoiding_immune_destruction,No,No,1,No
987,hoc_avoiding_immune_destruction,No,No,1,No
988,hoc_avoiding_immune_destruction,No,No,1,No
989,hoc_avoiding_immune_destruction,No,No,1,No
990,hoc_avoiding_immune_destruction,No,No,1,No
991,hoc_avoiding_immune_destruction,No,No,1,No
992,hoc_avoiding_immune_destruction,No,No,1,No
993,hoc_avoiding_immune_destruction,No,No,1,No
994,hoc_avoiding_immune_destruction,No,No,1,No
995,hoc_avoiding_immune_destruction,No,No,1,No
996,hoc_avoiding_immune_destruction,No,No,1,No
997,hoc_avoiding_immune_destruction,No,No,1,No
998,hoc_avoiding_immune_destruction,No,No,1,No
999,hoc_avoiding_immune_destruction,No,No,1,No
1000,hoc_avoiding_immune_destruction,No,No,1,No
1001,hoc_avoiding_immune_destruction,No,No,1,No
1002,hoc_avoiding_immune_destruction,No,No,1,No
1003,hoc_avoiding_immune_destruction,No,No,1,No
1004,hoc_avoiding_immune_destruction,No,No,1,No
1005,hoc_avoiding_immune_destruction,No,No,1,No
1006,hoc_avoiding_immune_destruction,No,No,1,No
1007,hoc_avoiding_immune_destruction,No,No,1,No
1008,hoc_avoiding_immune_destruction,No,No,1,No
1009,hoc_avoiding_immune_destruction,No,No,1,No
1010,hoc_avoiding_immune_destruction,No,No,1,No
1011,hoc_avoiding_immune_destruction,No,No,1,No
1012,hoc_avoiding_immune_destruction,No,No,1,No
1013,hoc_avoiding_immune_destruction,No,Yes,0,Yes
1014,hoc_avoiding_immune_destruction,No,No,1,No
1015,hoc_avoiding_immune_destruction,No,No,1,No
1016,hoc_avoiding_immune_destruction,No,No,1,No
1017,hoc_avoiding_immune_destruction,No,No,1,No
1018,hoc_avoiding_immune_destruction,No,No,1,No
1019,hoc_avoiding_immune_destruction,No,No,1,No
1020,hoc_avoiding_immune_destruction,No,No,1,No
1021,hoc_avoiding_immune_destruction,No,No,1,No
1022,hoc_avoiding_immune_destruction,No,No,1,No
1023,hoc_avoiding_immune_destruction,No,No,1,No
1024,hoc_avoiding_immune_destruction,No,No,1,No
1025,hoc_avoiding_immune_destruction,No,No,1,No
1026,hoc_avoiding_immune_destruction,No,No,1,No
1027,hoc_avoiding_immune_destruction,No,No,1,No
1028,hoc_avoiding_immune_destruction,No,No,1,No
1029,hoc_avoiding_immune_destruction,No,No,1,No
1030,hoc_avoiding_immune_destruction,No,No,1,No
1031,hoc_avoiding_immune_destruction,No,No,1,No
1032,hoc_avoiding_immune_destruction,No,No,1,No
1033,hoc_avoiding_immune_destruction,No,No,1,No
1034,hoc_avoiding_immune_destruction,No,No,1,No
1035,hoc_avoiding_immune_destruction,No,No,1,No
1036,hoc_avoiding_immune_destruction,No,No,1,No
1037,hoc_avoiding_immune_destruction,No,No,1,No
1038,hoc_avoiding_immune_destruction,No,No,1,No
1039,hoc_avoiding_immune_destruction,No,No,1,No
1040,hoc_avoiding_immune_destruction,No,No,1,No
1041,hoc_avoiding_immune_destruction,No,No,1,No
1042,hoc_avoiding_immune_destruction,No,No,1,No
1043,hoc_avoiding_immune_destruction,No,No,1,No
1044,hoc_avoiding_immune_destruction,No,No,1,No
1045,hoc_avoiding_immune_destruction,No,No,1,No
1046,hoc_avoiding_immune_destruction,No,No,1,No
1047,hoc_avoiding_immune_destruction,No,No,1,No
1048,hoc_avoiding_immune_destruction,No,No,1,No
1049,hoc_avoiding_immune_destruction,No,No,1,No
1050,hoc_avoiding_immune_destruction,No,No,1,No
1051,hoc_avoiding_immune_destruction,No,No,1,No
1052,hoc_avoiding_immune_destruction,No,No,1,No
1053,hoc_avoiding_immune_destruction,No,No,1,No
1054,hoc_avoiding_immune_destruction,No,No,1,No
1055,hoc_avoiding_immune_destruction,No,No,1,No
1056,hoc_avoiding_immune_destruction,No,No,1,No
1057,hoc_avoiding_immune_destruction,No,No,1,No
1058,hoc_avoiding_immune_destruction,No,No,1,No
1059,hoc_avoiding_immune_destruction,No,No,1,No
1060,hoc_avoiding_immune_destruction,No,No,1,No
1061,hoc_avoiding_immune_destruction,No,No,1,No
1062,hoc_avoiding_immune_destruction,No,No,1,No
1063,hoc_avoiding_immune_destruction,No,No,1,No
1064,hoc_avoiding_immune_destruction,No,No,1,No
1065,hoc_avoiding_immune_destruction,No,No,1,No
1066,hoc_avoiding_immune_destruction,No,No,1,No
1067,hoc_avoiding_immune_destruction,No,No,1,No
1068,hoc_avoiding_immune_destruction,No,No,1,No
1069,hoc_avoiding_immune_destruction,No,No,1,No
1070,hoc_avoiding_immune_destruction,No,No,1,No
1071,hoc_avoiding_immune_destruction,No,No,1,No
1072,hoc_avoiding_immune_destruction,No,No,1,No
1073,hoc_avoiding_immune_destruction,No,No,1,No
1074,hoc_avoiding_immune_destruction,No,No,1,No
1075,hoc_avoiding_immune_destruction,No,No,1,No
1076,hoc_avoiding_immune_destruction,No,No,1,No
1077,hoc_avoiding_immune_destruction,No,No,1,No
1078,hoc_avoiding_immune_destruction,No,No,1,No
1079,hoc_avoiding_immune_destruction,No,No,1,No
1080,hoc_avoiding_immune_destruction,No,No,1,No
1081,hoc_avoiding_immune_destruction,No,No,1,No
1082,hoc_avoiding_immune_destruction,No,No,1,No
1083,hoc_avoiding_immune_destruction,No,No,1,No
1084,hoc_avoiding_immune_destruction,No,No,1,No
1085,hoc_avoiding_immune_destruction,No,No,1,No
1086,hoc_avoiding_immune_destruction,No,No,1,No
1087,hoc_avoiding_immune_destruction,No,No,1,No
1088,hoc_avoiding_immune_destruction,No,No,1,No
1089,hoc_avoiding_immune_destruction,No,No,1,No
1090,hoc_avoiding_immune_destruction,No,No,1,No
1091,hoc_avoiding_immune_destruction,No,No,1,No
1092,hoc_avoiding_immune_destruction,No,No,1,No
1093,hoc_avoiding_immune_destruction,No,No,1,No
1094,hoc_avoiding_immune_destruction,No,No,1,No
1095,hoc_avoiding_immune_destruction,No,No,1,No
1096,hoc_avoiding_immune_destruction,No,No,1,No
1097,hoc_avoiding_immune_destruction,No,No,1,No
1098,hoc_avoiding_immune_destruction,No,No,1,No
1099,hoc_avoiding_immune_destruction,No,No,1,No
1100,hoc_avoiding_immune_destruction,No,No,1,No
1101,hoc_avoiding_immune_destruction,No,No,1,No
1102,hoc_avoiding_immune_destruction,No,No,1,No
1103,hoc_avoiding_immune_destruction,No,No,1,No
1104,hoc_avoiding_immune_destruction,No,No,1,No
1105,hoc_avoiding_immune_destruction,No,No,1,No
1106,hoc_avoiding_immune_destruction,No,No,1,No
1107,hoc_avoiding_immune_destruction,No,No,1,No
1108,hoc_avoiding_immune_destruction,No,No,1,No
1109,hoc_avoiding_immune_destruction,No,No,1,No
1110,hoc_avoiding_immune_destruction,No,No,1,No
1111,hoc_avoiding_immune_destruction,No,No,1,No
1112,hoc_avoiding_immune_destruction,No,No,1,No
1113,hoc_avoiding_immune_destruction,No,No,1,No
1114,hoc_avoiding_immune_destruction,No,No,1,No
1115,hoc_avoiding_immune_destruction,No,No,1,No
1116,hoc_avoiding_immune_destruction,No,No,1,No
1117,hoc_avoiding_immune_destruction,No,No,1,No
1118,hoc_avoiding_immune_destruction,No,No,1,No
1119,hoc_avoiding_immune_destruction,No,No,1,No
1120,hoc_avoiding_immune_destruction,No,No,1,No
1121,hoc_avoiding_immune_destruction,No,No,1,No
1122,hoc_avoiding_immune_destruction,No,No,1,No
1123,hoc_avoiding_immune_destruction,No,No,1,No
1124,hoc_avoiding_immune_destruction,No,No,1,No
1125,hoc_avoiding_immune_destruction,No,No,1,No
1126,hoc_avoiding_immune_destruction,No,No,1,No
1127,hoc_avoiding_immune_destruction,No,No,1,No
1128,hoc_avoiding_immune_destruction,No,No,1,No
1129,hoc_avoiding_immune_destruction,No,No,1,No
1130,hoc_avoiding_immune_destruction,No,No,1,No
1131,hoc_avoiding_immune_destruction,No,No,1,No
1132,hoc_avoiding_immune_destruction,No,No,1,No
1133,hoc_avoiding_immune_destruction,No,No,1,No
1134,hoc_avoiding_immune_destruction,No,No,1,No
1135,hoc_avoiding_immune_destruction,No,No,1,No
1136,hoc_avoiding_immune_destruction,No,No,1,No
1137,hoc_avoiding_immune_destruction,No,No,1,No
1138,hoc_avoiding_immune_destruction,No,No,1,No
1139,hoc_avoiding_immune_destruction,No,No,1,No
1140,hoc_avoiding_immune_destruction,No,No,1,No
1141,hoc_avoiding_immune_destruction,No,No,1,No
1142,hoc_avoiding_immune_destruction,No,No,1,No
1143,hoc_avoiding_immune_destruction,No,No,1,No
1144,hoc_avoiding_immune_destruction,No,No,1,No
1145,hoc_avoiding_immune_destruction,No,No,1,No
1146,hoc_avoiding_immune_destruction,No,No,1,No
1147,hoc_avoiding_immune_destruction,No,No,1,No
1148,hoc_avoiding_immune_destruction,No,Yes,0,Yes
1149,hoc_avoiding_immune_destruction,No,No,1,No
1150,hoc_avoiding_immune_destruction,No,No,1,No
1151,hoc_avoiding_immune_destruction,No,No,1,No
1152,hoc_avoiding_immune_destruction,No,No,1,No
1153,hoc_avoiding_immune_destruction,No,No,1,No
1154,hoc_avoiding_immune_destruction,No,No,1,No
1155,hoc_avoiding_immune_destruction,No,No,1,No
1156,hoc_avoiding_immune_destruction,No,No,1,No
1157,hoc_avoiding_immune_destruction,No,No,1,No
1158,hoc_avoiding_immune_destruction,No,No,1,No
1159,hoc_avoiding_immune_destruction,No,No,1,No
1160,hoc_avoiding_immune_destruction,No,No,1,No
1161,hoc_avoiding_immune_destruction,No,No,1,No
1162,hoc_avoiding_immune_destruction,No,No,1,No
1163,hoc_avoiding_immune_destruction,No,No,1,No
1164,hoc_avoiding_immune_destruction,No,No,1,No
1165,hoc_avoiding_immune_destruction,No,No,1,No
1166,hoc_avoiding_immune_destruction,No,No,1,No
1167,hoc_avoiding_immune_destruction,No,No,1,No
1168,hoc_avoiding_immune_destruction,No,No,1,No
1169,hoc_avoiding_immune_destruction,No,No,1,No
1170,hoc_avoiding_immune_destruction,No,No,1,No
1171,hoc_avoiding_immune_destruction,No,No,1,No
1172,hoc_avoiding_immune_destruction,No,No,1,No
1173,hoc_avoiding_immune_destruction,No,No,1,No
1174,hoc_avoiding_immune_destruction,No,No,1,No
1175,hoc_avoiding_immune_destruction,No,No,1,No
1176,hoc_avoiding_immune_destruction,No,No,1,No
1177,hoc_avoiding_immune_destruction,No,No,1,No
1178,hoc_avoiding_immune_destruction,No,No,1,No
1179,hoc_avoiding_immune_destruction,No,No,1,No
1180,hoc_avoiding_immune_destruction,No,No,1,No
1181,hoc_avoiding_immune_destruction,No,No,1,No
1182,hoc_avoiding_immune_destruction,No,No,1,No
1183,hoc_avoiding_immune_destruction,No,No,1,No
1184,hoc_avoiding_immune_destruction,No,No,1,No
1185,hoc_avoiding_immune_destruction,No,No,1,No
1186,hoc_avoiding_immune_destruction,No,No,1,No
1187,hoc_avoiding_immune_destruction,No,No,1,No
1188,hoc_avoiding_immune_destruction,No,No,1,No
1189,hoc_avoiding_immune_destruction,No,No,1,No
1190,hoc_avoiding_immune_destruction,No,No,1,No
1191,hoc_avoiding_immune_destruction,No,No,1,No
1192,hoc_avoiding_immune_destruction,No,No,1,No
1193,hoc_avoiding_immune_destruction,No,No,1,No
1194,hoc_avoiding_immune_destruction,No,No,1,No
1195,hoc_avoiding_immune_destruction,No,No,1,No
1196,hoc_avoiding_immune_destruction,No,No,1,No
1197,hoc_avoiding_immune_destruction,No,No,1,No
1198,hoc_avoiding_immune_destruction,No,No,1,No
1199,hoc_avoiding_immune_destruction,No,No,1,No
1200,hoc_avoiding_immune_destruction,No,No,1,No
1201,hoc_avoiding_immune_destruction,No,No,1,No
1202,hoc_avoiding_immune_destruction,No,No,1,No
1203,hoc_avoiding_immune_destruction,No,No,1,No
1204,hoc_avoiding_immune_destruction,No,No,1,No
1205,hoc_avoiding_immune_destruction,No,No,1,No
1206,hoc_avoiding_immune_destruction,No,No,1,No
1207,hoc_avoiding_immune_destruction,No,No,1,No
1208,hoc_avoiding_immune_destruction,No,No,1,No
1209,hoc_avoiding_immune_destruction,No,No,1,No
1210,hoc_avoiding_immune_destruction,No,No,1,No
1211,hoc_avoiding_immune_destruction,No,No,1,No
1212,hoc_avoiding_immune_destruction,No,No,1,No
1213,hoc_avoiding_immune_destruction,No,No,1,No
1214,hoc_avoiding_immune_destruction,No,No,1,No
1215,hoc_avoiding_immune_destruction,No,No,1,No
1216,hoc_avoiding_immune_destruction,No,No,1,No
1217,hoc_avoiding_immune_destruction,No,No,1,No
1218,hoc_avoiding_immune_destruction,No,No,1,No
1219,hoc_avoiding_immune_destruction,No,No,1,No
1220,hoc_avoiding_immune_destruction,No,No,1,No
1221,hoc_avoiding_immune_destruction,No,No,1,No
1222,hoc_avoiding_immune_destruction,No,No,1,No
1223,hoc_avoiding_immune_destruction,No,No,1,No
1224,hoc_avoiding_immune_destruction,No,No,1,No
1225,hoc_avoiding_immune_destruction,No,No,1,No
1226,hoc_avoiding_immune_destruction,No,No,1,No
1227,hoc_avoiding_immune_destruction,No,No,1,No
1228,hoc_avoiding_immune_destruction,No,No,1,No
1229,hoc_avoiding_immune_destruction,No,No,1,No
1230,hoc_avoiding_immune_destruction,No,No,1,No
1231,hoc_avoiding_immune_destruction,No,No,1,No
1232,hoc_avoiding_immune_destruction,No,No,1,No
1233,hoc_avoiding_immune_destruction,No,No,1,No
1234,hoc_avoiding_immune_destruction,No,No,1,No
1235,hoc_avoiding_immune_destruction,No,No,1,No
1236,hoc_avoiding_immune_destruction,No,No,1,No
1237,hoc_avoiding_immune_destruction,No,No,1,No
1238,hoc_avoiding_immune_destruction,No,No,1,No
1239,hoc_avoiding_immune_destruction,No,No,1,No
1240,hoc_avoiding_immune_destruction,No,No,1,No
1241,hoc_avoiding_immune_destruction,No,No,1,No
1242,hoc_avoiding_immune_destruction,No,No,1,No
1243,hoc_avoiding_immune_destruction,No,No,1,No
1244,hoc_avoiding_immune_destruction,No,No,1,No
1245,hoc_avoiding_immune_destruction,No,No,1,No
1246,hoc_avoiding_immune_destruction,No,No,1,No
1247,hoc_avoiding_immune_destruction,No,No,1,No
1248,hoc_avoiding_immune_destruction,No,No,1,No
1249,hoc_avoiding_immune_destruction,No,No,1,No
1250,hoc_avoiding_immune_destruction,No,No,1,No
1251,hoc_avoiding_immune_destruction,No,No,1,No
1252,hoc_avoiding_immune_destruction,No,No,1,No
1253,hoc_avoiding_immune_destruction,No,No,1,No
1254,hoc_avoiding_immune_destruction,No,No,1,No
1255,hoc_avoiding_immune_destruction,No,No,1,No
1256,hoc_avoiding_immune_destruction,No,No,1,No
1257,hoc_avoiding_immune_destruction,No,No,1,No
1258,hoc_avoiding_immune_destruction,No,No,1,No
1259,hoc_avoiding_immune_destruction,No,No,1,No
1260,hoc_avoiding_immune_destruction,No,No,1,No
1261,hoc_avoiding_immune_destruction,No,No,1,No
1262,hoc_avoiding_immune_destruction,No,No,1,No
1263,hoc_avoiding_immune_destruction,No,No,1,No
1264,hoc_avoiding_immune_destruction,No,No,1,No
1265,hoc_avoiding_immune_destruction,No,No,1,No
1266,hoc_avoiding_immune_destruction,No,No,1,No
1267,hoc_avoiding_immune_destruction,No,No,1,No
1268,hoc_avoiding_immune_destruction,No,No,1,No
1269,hoc_avoiding_immune_destruction,No,No,1,No
1270,hoc_avoiding_immune_destruction,No,No,1,No
1271,hoc_avoiding_immune_destruction,Yes,No,0,No
1272,hoc_avoiding_immune_destruction,No,No,1,No
1273,hoc_avoiding_immune_destruction,No,No,1,No
1274,hoc_avoiding_immune_destruction,No,No,1,No
1275,hoc_avoiding_immune_destruction,No,No,1,No
1276,hoc_avoiding_immune_destruction,No,No,1,No
1277,hoc_avoiding_immune_destruction,Yes,Yes,1,Yes
1278,hoc_avoiding_immune_destruction,No,No,1,No
1279,hoc_avoiding_immune_destruction,No,No,1,No
1280,hoc_avoiding_immune_destruction,No,No,1,No
1281,hoc_avoiding_immune_destruction,No,No,1,No
1282,hoc_avoiding_immune_destruction,No,No,1,No
1283,hoc_avoiding_immune_destruction,No,No,1,No
1284,hoc_avoiding_immune_destruction,No,No,1,No
1285,hoc_avoiding_immune_destruction,No,No,1,No
1286,hoc_avoiding_immune_destruction,No,No,1,No
1287,hoc_avoiding_immune_destruction,No,No,1,No
1288,hoc_avoiding_immune_destruction,No,No,1,No
1289,hoc_avoiding_immune_destruction,No,No,1,No
1290,hoc_avoiding_immune_destruction,No,No,1,No
1291,hoc_avoiding_immune_destruction,No,No,1,No
1292,hoc_avoiding_immune_destruction,No,No,1,No
1293,hoc_avoiding_immune_destruction,No,No,1,No
1294,hoc_avoiding_immune_destruction,No,No,1,No
1295,hoc_avoiding_immune_destruction,No,No,1,No
1296,hoc_avoiding_immune_destruction,No,No,1,No
1297,hoc_avoiding_immune_destruction,No,No,1,No
1298,hoc_avoiding_immune_destruction,No,No,1,No
1299,hoc_avoiding_immune_destruction,No,No,1,No
1300,hoc_avoiding_immune_destruction,No,No,1,No
1301,hoc_avoiding_immune_destruction,No,No,1,No
1302,hoc_avoiding_immune_destruction,No,No,1,No
1303,hoc_avoiding_immune_destruction,No,No,1,No
1304,hoc_avoiding_immune_destruction,No,No,1,No
1305,hoc_avoiding_immune_destruction,No,No,1,No
1306,hoc_avoiding_immune_destruction,Yes,No,0,No
1307,hoc_avoiding_immune_destruction,No,No,1,No
1308,hoc_avoiding_immune_destruction,No,No,1,No
1309,hoc_avoiding_immune_destruction,No,No,1,No
1310,hoc_avoiding_immune_destruction,No,No,1,No
1311,hoc_avoiding_immune_destruction,No,No,1,No
1312,hoc_avoiding_immune_destruction,No,No,1,No
1313,hoc_avoiding_immune_destruction,Yes,No,0,No
1314,hoc_avoiding_immune_destruction,No,No,1,No
1315,hoc_avoiding_immune_destruction,No,No,1,No
1316,hoc_avoiding_immune_destruction,No,No,1,No
1317,hoc_avoiding_immune_destruction,No,No,1,No
1318,hoc_avoiding_immune_destruction,No,No,1,No
1319,hoc_avoiding_immune_destruction,No,No,1,No
1320,hoc_avoiding_immune_destruction,No,No,1,No
1321,hoc_avoiding_immune_destruction,No,No,1,No
1322,hoc_avoiding_immune_destruction,No,No,1,No
1323,hoc_avoiding_immune_destruction,No,No,1,No
1324,hoc_avoiding_immune_destruction,No,No,1,No
1325,hoc_avoiding_immune_destruction,No,No,1,No
1326,hoc_avoiding_immune_destruction,No,No,1,No
1327,hoc_avoiding_immune_destruction,Yes,No,0,No
1328,hoc_avoiding_immune_destruction,No,No,1,No
1329,hoc_avoiding_immune_destruction,No,No,1,No
1330,hoc_avoiding_immune_destruction,Yes,No,0,No
1331,hoc_avoiding_immune_destruction,No,No,1,No
1332,hoc_avoiding_immune_destruction,No,No,1,No
1333,hoc_avoiding_immune_destruction,No,No,1,No
1334,hoc_avoiding_immune_destruction,No,No,1,No
1335,hoc_avoiding_immune_destruction,No,No,1,No
1336,hoc_avoiding_immune_destruction,No,No,1,No
1337,hoc_avoiding_immune_destruction,No,No,1,No
1338,hoc_avoiding_immune_destruction,No,No,1,No
1339,hoc_avoiding_immune_destruction,No,No,1,No
1340,hoc_avoiding_immune_destruction,No,No,1,No
1341,hoc_avoiding_immune_destruction,No,No,1,No
1342,hoc_avoiding_immune_destruction,No,No,1,No
1343,hoc_avoiding_immune_destruction,No,No,1,No
1344,hoc_avoiding_immune_destruction,No,No,1,No
1345,hoc_avoiding_immune_destruction,No,No,1,No
1346,hoc_avoiding_immune_destruction,Yes,Yes,1,Yes
1347,hoc_avoiding_immune_destruction,No,No,1,No
1348,hoc_avoiding_immune_destruction,No,No,1,No
1349,hoc_avoiding_immune_destruction,No,No,1,No
1350,hoc_avoiding_immune_destruction,No,No,1,No
1351,hoc_avoiding_immune_destruction,No,No,1,No
1352,hoc_avoiding_immune_destruction,No,No,1,No
1353,hoc_avoiding_immune_destruction,No,No,1,No
1354,hoc_avoiding_immune_destruction,No,No,1,No
1355,hoc_avoiding_immune_destruction,No,No,1,No
1356,hoc_avoiding_immune_destruction,No,No,1,No
1357,hoc_avoiding_immune_destruction,No,No,1,No
1358,hoc_avoiding_immune_destruction,No,No,1,No
1359,hoc_avoiding_immune_destruction,Yes,No,0,No
1360,hoc_avoiding_immune_destruction,No,No,1,No
1361,hoc_avoiding_immune_destruction,No,No,1,No
1362,hoc_avoiding_immune_destruction,No,No,1,No
1363,hoc_avoiding_immune_destruction,No,No,1,No
1364,hoc_avoiding_immune_destruction,No,Yes,0,Yes
1365,hoc_avoiding_immune_destruction,No,No,1,No
1366,hoc_avoiding_immune_destruction,No,No,1,No
1367,hoc_avoiding_immune_destruction,No,No,1,No
1368,hoc_avoiding_immune_destruction,No,No,1,No
1369,hoc_avoiding_immune_destruction,No,No,1,No
1370,hoc_avoiding_immune_destruction,No,No,1,No
1371,hoc_avoiding_immune_destruction,No,No,1,No
1372,hoc_avoiding_immune_destruction,No,No,1,No
1373,hoc_avoiding_immune_destruction,No,No,1,No
1374,hoc_avoiding_immune_destruction,No,No,1,No
1375,hoc_avoiding_immune_destruction,Yes,Yes,1,Yes
1376,hoc_avoiding_immune_destruction,No,No,1,No
1377,hoc_avoiding_immune_destruction,No,No,1,No
1378,hoc_avoiding_immune_destruction,No,No,1,No
1379,hoc_avoiding_immune_destruction,No,No,1,No
1380,hoc_avoiding_immune_destruction,Yes,No,0,No
1381,hoc_avoiding_immune_destruction,No,No,1,No
1382,hoc_avoiding_immune_destruction,No,No,1,No
1383,hoc_avoiding_immune_destruction,No,No,1,No
1384,hoc_avoiding_immune_destruction,No,No,1,No
1385,hoc_avoiding_immune_destruction,No,Yes,0,Yes
1386,hoc_avoiding_immune_destruction,No,No,1,No
1387,hoc_avoiding_immune_destruction,No,No,1,No
1388,hoc_avoiding_immune_destruction,No,No,1,No
1389,hoc_avoiding_immune_destruction,Yes,Yes,1,Yes
1390,hoc_avoiding_immune_destruction,No,No,1,No
1391,hoc_avoiding_immune_destruction,No,No,1,No
1392,hoc_avoiding_immune_destruction,Yes,Yes,1,Yes
1393,hoc_avoiding_immune_destruction,Yes,No,0,No
1394,hoc_avoiding_immune_destruction,No,No,1,No
1395,hoc_avoiding_immune_destruction,No,No,1,No
1396,hoc_avoiding_immune_destruction,Yes,No,0,No
1397,hoc_avoiding_immune_destruction,No,No,1,No
1398,hoc_avoiding_immune_destruction,No,No,1,No
1399,hoc_avoiding_immune_destruction,No,No,1,No
1400,hoc_avoiding_immune_destruction,Yes,No,0,No
1401,hoc_avoiding_immune_destruction,Yes,No,0,No
1402,hoc_avoiding_immune_destruction,No,No,1,No
1403,hoc_avoiding_immune_destruction,No,No,1,No
1404,hoc_avoiding_immune_destruction,No,No,1,No
1405,hoc_avoiding_immune_destruction,No,No,1,No
1406,hoc_avoiding_immune_destruction,No,No,1,No
1407,hoc_avoiding_immune_destruction,No,No,1,No
1408,hoc_avoiding_immune_destruction,Yes,No,0,No
1409,hoc_avoiding_immune_destruction,No,No,1,No
1410,hoc_avoiding_immune_destruction,No,No,1,No
1411,hoc_avoiding_immune_destruction,No,No,1,No
1412,hoc_avoiding_immune_destruction,No,No,1,No
1413,hoc_avoiding_immune_destruction,Yes,No,0,No
1414,hoc_avoiding_immune_destruction,No,No,1,No
1415,hoc_avoiding_immune_destruction,No,No,1,No
1416,hoc_avoiding_immune_destruction,No,No,1,No
1417,hoc_avoiding_immune_destruction,No,No,1,No
1418,hoc_avoiding_immune_destruction,No,No,1,No
1419,hoc_avoiding_immune_destruction,No,Yes,0,Yes
1420,hoc_avoiding_immune_destruction,No,No,1,No
1421,hoc_avoiding_immune_destruction,No,No,1,No
1422,hoc_avoiding_immune_destruction,Yes,No,0,No
1423,hoc_avoiding_immune_destruction,No,No,1,No
1424,hoc_avoiding_immune_destruction,No,No,1,No
1425,hoc_avoiding_immune_destruction,No,No,1,No
1426,hoc_avoiding_immune_destruction,Yes,No,0,No
1427,hoc_avoiding_immune_destruction,No,No,1,No
1428,hoc_avoiding_immune_destruction,No,No,1,No
1429,hoc_avoiding_immune_destruction,No,No,1,No
1430,hoc_avoiding_immune_destruction,No,No,1,No
1431,hoc_avoiding_immune_destruction,No,No,1,No
1432,hoc_avoiding_immune_destruction,No,No,1,No
1433,hoc_avoiding_immune_destruction,No,No,1,No
1434,hoc_avoiding_immune_destruction,No,No,1,No
1435,hoc_avoiding_immune_destruction,No,No,1,No
1436,hoc_avoiding_immune_destruction,No,No,1,No
1437,hoc_avoiding_immune_destruction,No,No,1,No
1438,hoc_avoiding_immune_destruction,No,No,1,No
1439,hoc_avoiding_immune_destruction,No,No,1,No
1440,hoc_avoiding_immune_destruction,No,No,1,No
1441,hoc_avoiding_immune_destruction,No,No,1,No
1442,hoc_avoiding_immune_destruction,No,No,1,No
1443,hoc_avoiding_immune_destruction,Yes,No,0,No
1444,hoc_avoiding_immune_destruction,Yes,Yes,1,Yes
1445,hoc_avoiding_immune_destruction,No,No,1,No
1446,hoc_avoiding_immune_destruction,No,No,1,No
1447,hoc_avoiding_immune_destruction,No,No,1,No
1448,hoc_avoiding_immune_destruction,No,No,1,No
1449,hoc_avoiding_immune_destruction,Yes,No,0,No
1450,hoc_avoiding_immune_destruction,No,No,1,No
1451,hoc_avoiding_immune_destruction,No,No,1,No
1452,hoc_avoiding_immune_destruction,No,No,1,No
1453,hoc_avoiding_immune_destruction,Yes,No,0,No
1454,hoc_avoiding_immune_destruction,No,No,1,No
1455,hoc_avoiding_immune_destruction,No,No,1,No
1456,hoc_avoiding_immune_destruction,No,No,1,No
1457,hoc_avoiding_immune_destruction,No,No,1,No
1458,hoc_avoiding_immune_destruction,No,No,1,No
1459,hoc_avoiding_immune_destruction,No,No,1,No
1460,hoc_avoiding_immune_destruction,No,No,1,No
1461,hoc_avoiding_immune_destruction,No,No,1,No
1462,hoc_avoiding_immune_destruction,No,No,1,No
1463,hoc_avoiding_immune_destruction,No,No,1,No
1464,hoc_avoiding_immune_destruction,No,No,1,No
1465,hoc_avoiding_immune_destruction,No,No,1,No
1466,hoc_avoiding_immune_destruction,No,No,1,No
1467,hoc_avoiding_immune_destruction,No,No,1,No
1468,hoc_avoiding_immune_destruction,No,No,1,No
1469,hoc_avoiding_immune_destruction,No,No,1,No
1470,hoc_avoiding_immune_destruction,No,No,1,No
1471,hoc_avoiding_immune_destruction,No,No,1,No
1472,hoc_avoiding_immune_destruction,No,No,1,No
1473,hoc_avoiding_immune_destruction,No,No,1,No
1474,hoc_avoiding_immune_destruction,No,No,1,No
1475,hoc_avoiding_immune_destruction,No,No,1,No
1476,hoc_avoiding_immune_destruction,No,No,1,No
1477,hoc_avoiding_immune_destruction,No,No,1,No
1478,hoc_avoiding_immune_destruction,No,No,1,No
1479,hoc_avoiding_immune_destruction,Yes,No,0,No
1480,hoc_avoiding_immune_destruction,No,No,1,No
1481,hoc_avoiding_immune_destruction,No,No,1,No
1482,hoc_avoiding_immune_destruction,No,No,1,No
1483,hoc_avoiding_immune_destruction,No,No,1,No
1484,hoc_avoiding_immune_destruction,No,No,1,No
1485,hoc_avoiding_immune_destruction,No,No,1,No
1486,hoc_avoiding_immune_destruction,Yes,No,0,No
1487,hoc_avoiding_immune_destruction,No,No,1,No
1488,hoc_avoiding_immune_destruction,No,No,1,No
1489,hoc_avoiding_immune_destruction,No,No,1,No
1490,hoc_avoiding_immune_destruction,No,No,1,No
1491,hoc_avoiding_immune_destruction,No,No,1,No
1492,hoc_avoiding_immune_destruction,Yes,Yes,1,Yes
1493,hoc_avoiding_immune_destruction,No,No,1,No
1494,hoc_avoiding_immune_destruction,No,No,1,No
1495,hoc_avoiding_immune_destruction,No,No,1,No
1496,hoc_avoiding_immune_destruction,No,No,1,No
1497,hoc_avoiding_immune_destruction,No,No,1,No
1498,hoc_avoiding_immune_destruction,No,No,1,No
1499,hoc_avoiding_immune_destruction,No,No,1,No
1500,hoc_avoiding_immune_destruction,No,No,1,No
1501,hoc_avoiding_immune_destruction,No,No,1,No
1502,hoc_avoiding_immune_destruction,No,No,1,No
1503,hoc_avoiding_immune_destruction,No,No,1,No
1504,hoc_avoiding_immune_destruction,No,No,1,No
1505,hoc_avoiding_immune_destruction,No,No,1,No
1506,hoc_avoiding_immune_destruction,No,No,1,No
1507,hoc_avoiding_immune_destruction,No,No,1,No
1508,hoc_avoiding_immune_destruction,No,No,1,No
1509,hoc_avoiding_immune_destruction,No,No,1,No
1510,hoc_avoiding_immune_destruction,No,No,1,No
1511,hoc_avoiding_immune_destruction,No,No,1,No
1512,hoc_avoiding_immune_destruction,No,Yes,0,Yes
1513,hoc_avoiding_immune_destruction,No,No,1,No
1514,hoc_avoiding_immune_destruction,No,No,1,No
1515,hoc_avoiding_immune_destruction,No,No,1,No
1516,hoc_avoiding_immune_destruction,No,No,1,No
1517,hoc_avoiding_immune_destruction,No,No,1,No
1518,hoc_avoiding_immune_destruction,No,No,1,No
1519,hoc_avoiding_immune_destruction,No,No,1,No
1520,hoc_avoiding_immune_destruction,Yes,No,0,No
1521,hoc_avoiding_immune_destruction,No,No,1,No
1522,hoc_avoiding_immune_destruction,No,No,1,No
1523,hoc_avoiding_immune_destruction,No,No,1,No
1524,hoc_avoiding_immune_destruction,No,No,1,No
1525,hoc_avoiding_immune_destruction,No,No,1,No
1526,hoc_avoiding_immune_destruction,No,No,1,No
1527,hoc_avoiding_immune_destruction,No,No,1,No
1528,hoc_avoiding_immune_destruction,Yes,No,0,No
1529,hoc_avoiding_immune_destruction,No,No,1,No
1530,hoc_avoiding_immune_destruction,No,No,1,No
1531,hoc_avoiding_immune_destruction,No,No,1,No
1532,hoc_avoiding_immune_destruction,No,No,1,No
1533,hoc_avoiding_immune_destruction,No,No,1,No
1534,hoc_avoiding_immune_destruction,No,No,1,No
1535,hoc_avoiding_immune_destruction,No,No,1,No
1536,hoc_avoiding_immune_destruction,No,No,1,No
1537,hoc_avoiding_immune_destruction,No,No,1,No
1538,hoc_avoiding_immune_destruction,No,No,1,No
1539,hoc_avoiding_immune_destruction,No,No,1,No
1540,hoc_avoiding_immune_destruction,No,No,1,No
1541,hoc_avoiding_immune_destruction,No,No,1,No
1542,hoc_avoiding_immune_destruction,No,No,1,No
1543,hoc_avoiding_immune_destruction,No,No,1,No
1544,hoc_avoiding_immune_destruction,No,No,1,No
1545,hoc_avoiding_immune_destruction,No,No,1,No
1546,hoc_avoiding_immune_destruction,No,No,1,No
1547,hoc_avoiding_immune_destruction,No,No,1,No
1548,hoc_avoiding_immune_destruction,No,No,1,No
1549,hoc_avoiding_immune_destruction,Yes,Yes,1,Yes
1550,hoc_avoiding_immune_destruction,No,No,1,No
1551,hoc_avoiding_immune_destruction,No,No,1,No
1552,hoc_avoiding_immune_destruction,No,No,1,No
1553,hoc_avoiding_immune_destruction,No,No,1,No
1554,hoc_avoiding_immune_destruction,No,No,1,No
1555,hoc_avoiding_immune_destruction,No,No,1,No
1556,hoc_avoiding_immune_destruction,No,No,1,No
1557,hoc_avoiding_immune_destruction,No,No,1,No
1558,hoc_avoiding_immune_destruction,No,No,1,No
1559,hoc_avoiding_immune_destruction,No,No,1,No
1560,hoc_avoiding_immune_destruction,No,Yes,0,Yes
1561,hoc_avoiding_immune_destruction,No,No,1,No
1562,hoc_avoiding_immune_destruction,No,No,1,No
1563,hoc_avoiding_immune_destruction,No,No,1,No
1564,hoc_avoiding_immune_destruction,No,No,1,No
1565,hoc_avoiding_immune_destruction,No,No,1,No
1566,hoc_avoiding_immune_destruction,No,No,1,No
1567,hoc_avoiding_immune_destruction,No,No,1,No
1568,hoc_avoiding_immune_destruction,No,No,1,No
1569,hoc_avoiding_immune_destruction,No,No,1,No
1570,hoc_avoiding_immune_destruction,No,No,1,No
1571,hoc_avoiding_immune_destruction,No,No,1,No
1572,hoc_avoiding_immune_destruction,No,No,1,No
1573,hoc_avoiding_immune_destruction,Yes,No,0,No
1574,hoc_avoiding_immune_destruction,No,No,1,No
1575,hoc_avoiding_immune_destruction,No,No,1,No
1576,hoc_avoiding_immune_destruction,No,No,1,No
1577,hoc_avoiding_immune_destruction,No,No,1,No
1578,hoc_avoiding_immune_destruction,Yes,Yes,1,Yes
1579,hoc_avoiding_immune_destruction,No,No,1,No
1580,hoc_avoiding_immune_destruction,No,No,1,No
1581,hoc_avoiding_immune_destruction,No,No,1,No
1582,hoc_avoiding_immune_destruction,No,No,1,No
1583,hoc_avoiding_immune_destruction,No,No,1,No
1584,hoc_avoiding_immune_destruction,No,No,1,No
1585,hoc_avoiding_immune_destruction,No,No,1,No
1586,hoc_avoiding_immune_destruction,No,No,1,No
1587,hoc_avoiding_immune_destruction,No,No,1,No
1588,hoc_avoiding_immune_destruction,No,No,1,No
1589,hoc_avoiding_immune_destruction,No,No,1,No
1590,hoc_avoiding_immune_destruction,No,No,1,No
1591,hoc_avoiding_immune_destruction,No,No,1,No
1592,hoc_avoiding_immune_destruction,No,No,1,No
1593,hoc_avoiding_immune_destruction,No,No,1,No
1594,hoc_avoiding_immune_destruction,No,No,1,No
1595,hoc_avoiding_immune_destruction,No,No,1,No
1596,hoc_avoiding_immune_destruction,No,No,1,No
1597,hoc_avoiding_immune_destruction,No,No,1,No
1598,hoc_avoiding_immune_destruction,No,No,1,No
1599,hoc_avoiding_immune_destruction,No,No,1,No
1600,hoc_avoiding_immune_destruction,Yes,Yes,1,Yes
1601,hoc_avoiding_immune_destruction,No,No,1,No
1602,hoc_avoiding_immune_destruction,No,No,1,No
1603,hoc_avoiding_immune_destruction,No,No,1,No
1604,hoc_avoiding_immune_destruction,No,No,1,No
1605,hoc_avoiding_immune_destruction,No,No,1,No
1606,hoc_avoiding_immune_destruction,No,No,1,No
1607,hoc_avoiding_immune_destruction,No,No,1,No
1608,hoc_avoiding_immune_destruction,No,Yes,0,Yes
1609,hoc_avoiding_immune_destruction,No,No,1,No
1610,hoc_avoiding_immune_destruction,No,No,1,No
1611,hoc_avoiding_immune_destruction,No,No,1,No
1612,hoc_avoiding_immune_destruction,No,No,1,No
1613,hoc_avoiding_immune_destruction,No,No,1,No
1614,hoc_avoiding_immune_destruction,No,No,1,No
1615,hoc_avoiding_immune_destruction,No,No,1,No
1616,hoc_avoiding_immune_destruction,No,No,1,No
1617,hoc_avoiding_immune_destruction,No,No,1,No
1618,hoc_avoiding_immune_destruction,No,No,1,No
1619,hoc_avoiding_immune_destruction,No,No,1,No
1620,hoc_avoiding_immune_destruction,Yes,No,0,No
1621,hoc_avoiding_immune_destruction,Yes,Yes,1,Yes
1622,hoc_avoiding_immune_destruction,No,No,1,No
1623,hoc_avoiding_immune_destruction,No,No,1,No
1624,hoc_avoiding_immune_destruction,No,No,1,No
1625,hoc_avoiding_immune_destruction,No,No,1,No
1626,hoc_avoiding_immune_destruction,No,No,1,No
1627,hoc_avoiding_immune_destruction,No,No,1,No
1628,hoc_avoiding_immune_destruction,No,No,1,No
1629,hoc_avoiding_immune_destruction,No,No,1,No
1630,hoc_avoiding_immune_destruction,No,No,1,No
1631,hoc_avoiding_immune_destruction,No,No,1,No
1632,hoc_avoiding_immune_destruction,No,No,1,No
1633,hoc_avoiding_immune_destruction,No,No,1,No
1634,hoc_avoiding_immune_destruction,No,No,1,No
1635,hoc_avoiding_immune_destruction,No,No,1,No
1636,hoc_avoiding_immune_destruction,No,No,1,No
1637,hoc_avoiding_immune_destruction,No,No,1,No
1638,hoc_avoiding_immune_destruction,No,No,1,No
1639,hoc_avoiding_immune_destruction,Yes,Yes,1,Yes
1640,hoc_avoiding_immune_destruction,No,No,1,No
1641,hoc_avoiding_immune_destruction,No,No,1,No
1642,hoc_avoiding_immune_destruction,No,No,1,No
1643,hoc_avoiding_immune_destruction,No,No,1,No
1644,hoc_avoiding_immune_destruction,Yes,No,0,No
1645,hoc_avoiding_immune_destruction,No,No,1,No
1646,hoc_avoiding_immune_destruction,No,No,1,No
1647,hoc_avoiding_immune_destruction,No,No,1,No
1648,hoc_avoiding_immune_destruction,No,No,1,No
1649,hoc_avoiding_immune_destruction,No,No,1,No
1650,hoc_avoiding_immune_destruction,No,No,1,No
1651,hoc_avoiding_immune_destruction,No,No,1,No
1652,hoc_avoiding_immune_destruction,No,No,1,No
1653,hoc_avoiding_immune_destruction,No,No,1,No
1654,hoc_avoiding_immune_destruction,No,No,1,No
1655,hoc_avoiding_immune_destruction,No,No,1,No
1656,hoc_avoiding_immune_destruction,No,No,1,No
1657,hoc_avoiding_immune_destruction,No,No,1,No
1658,hoc_avoiding_immune_destruction,No,No,1,No
1659,hoc_avoiding_immune_destruction,No,No,1,No
1660,hoc_avoiding_immune_destruction,No,No,1,No
1661,hoc_avoiding_immune_destruction,No,No,1,No
1662,hoc_avoiding_immune_destruction,No,No,1,No
1663,hoc_avoiding_immune_destruction,No,No,1,No
1664,hoc_avoiding_immune_destruction,No,No,1,No
1665,hoc_avoiding_immune_destruction,No,No,1,No
1666,hoc_avoiding_immune_destruction,No,No,1,No
1667,hoc_avoiding_immune_destruction,No,Yes,0,Yes
1668,hoc_avoiding_immune_destruction,No,No,1,No
1669,hoc_avoiding_immune_destruction,Yes,No,0,No
1670,hoc_avoiding_immune_destruction,No,No,1,No
1671,hoc_avoiding_immune_destruction,No,No,1,No
1672,hoc_avoiding_immune_destruction,No,No,1,No
1673,hoc_avoiding_immune_destruction,No,No,1,No
1674,hoc_avoiding_immune_destruction,No,No,1,No
1675,hoc_avoiding_immune_destruction,No,No,1,No
1676,hoc_avoiding_immune_destruction,No,No,1,No
1677,hoc_avoiding_immune_destruction,No,No,1,No
1678,hoc_avoiding_immune_destruction,No,No,1,No
1679,hoc_avoiding_immune_destruction,Yes,Yes,1,Yes
1680,hoc_avoiding_immune_destruction,No,No,1,No
1681,hoc_avoiding_immune_destruction,Yes,No,0,No
1682,hoc_avoiding_immune_destruction,No,No,1,No
1683,hoc_avoiding_immune_destruction,No,No,1,No
1684,hoc_avoiding_immune_destruction,No,No,1,No
1685,hoc_avoiding_immune_destruction,No,No,1,No
1686,hoc_avoiding_immune_destruction,No,No,1,No
1687,hoc_avoiding_immune_destruction,No,No,1,No
1688,hoc_avoiding_immune_destruction,No,No,1,No
1689,hoc_avoiding_immune_destruction,No,No,1,No
1690,hoc_avoiding_immune_destruction,No,No,1,No
1691,hoc_avoiding_immune_destruction,No,No,1,No
1692,hoc_avoiding_immune_destruction,No,No,1,No
1693,hoc_avoiding_immune_destruction,No,No,1,No
1694,hoc_avoiding_immune_destruction,Yes,Yes,1,Yes
1695,hoc_avoiding_immune_destruction,No,No,1,No
1696,hoc_avoiding_immune_destruction,No,Yes,0,Yes
1697,hoc_avoiding_immune_destruction,No,No,1,No
1698,hoc_avoiding_immune_destruction,No,No,1,No
1699,hoc_avoiding_immune_destruction,No,No,1,No
1700,hoc_avoiding_immune_destruction,No,No,1,No
1701,hoc_avoiding_immune_destruction,No,No,1,No
1702,hoc_avoiding_immune_destruction,No,No,1,No
1703,hoc_avoiding_immune_destruction,No,No,1,No
1704,hoc_avoiding_immune_destruction,No,No,1,No
1705,hoc_avoiding_immune_destruction,No,No,1,No
1706,hoc_avoiding_immune_destruction,No,No,1,No
1707,hoc_avoiding_immune_destruction,No,No,1,No
1708,hoc_avoiding_immune_destruction,No,No,1,No
1709,hoc_avoiding_immune_destruction,No,No,1,No
1710,hoc_avoiding_immune_destruction,No,No,1,No
1711,hoc_avoiding_immune_destruction,No,No,1,No
1712,hoc_avoiding_immune_destruction,No,No,1,No
1713,hoc_avoiding_immune_destruction,No,No,1,No
1714,hoc_avoiding_immune_destruction,No,No,1,No
1715,hoc_avoiding_immune_destruction,No,No,1,No
1716,hoc_avoiding_immune_destruction,No,No,1,No
1717,hoc_avoiding_immune_destruction,No,No,1,No
1718,hoc_avoiding_immune_destruction,No,No,1,No
1719,hoc_avoiding_immune_destruction,No,No,1,No
1720,hoc_avoiding_immune_destruction,No,No,1,No
1721,hoc_avoiding_immune_destruction,No,No,1,No
1722,hoc_avoiding_immune_destruction,No,No,1,No
1723,hoc_avoiding_immune_destruction,No,No,1,No
1724,hoc_avoiding_immune_destruction,No,No,1,No
1725,hoc_avoiding_immune_destruction,No,No,1,No
1726,hoc_avoiding_immune_destruction,No,No,1,No
1727,hoc_avoiding_immune_destruction,No,No,1,No
1728,hoc_avoiding_immune_destruction,No,No,1,No
1729,hoc_avoiding_immune_destruction,No,No,1,No
1730,hoc_avoiding_immune_destruction,No,No,1,No
1731,hoc_avoiding_immune_destruction,No,No,1,No
1732,hoc_avoiding_immune_destruction,Yes,No,0,No
1733,hoc_avoiding_immune_destruction,No,No,1,No
1734,hoc_avoiding_immune_destruction,No,No,1,No
1735,hoc_avoiding_immune_destruction,No,No,1,No
1736,hoc_avoiding_immune_destruction,No,No,1,No
1737,hoc_avoiding_immune_destruction,No,No,1,No
1738,hoc_avoiding_immune_destruction,No,No,1,No
1739,hoc_avoiding_immune_destruction,No,No,1,No
1740,hoc_avoiding_immune_destruction,No,No,1,No
1741,hoc_avoiding_immune_destruction,No,No,1,No
1742,hoc_avoiding_immune_destruction,No,No,1,No
1743,hoc_avoiding_immune_destruction,No,No,1,No
1744,hoc_avoiding_immune_destruction,No,No,1,No
1745,hoc_avoiding_immune_destruction,No,No,1,No
1746,hoc_avoiding_immune_destruction,No,No,1,No
1747,hoc_avoiding_immune_destruction,No,No,1,No
1748,hoc_avoiding_immune_destruction,No,No,1,No
1749,hoc_avoiding_immune_destruction,No,No,1,No
1750,hoc_avoiding_immune_destruction,No,No,1,No
1751,hoc_avoiding_immune_destruction,No,No,1,No
1752,hoc_avoiding_immune_destruction,No,No,1,No
1753,hoc_avoiding_immune_destruction,No,No,1,No
1754,hoc_avoiding_immune_destruction,No,No,1,No
1755,hoc_avoiding_immune_destruction,No,No,1,No
1756,hoc_avoiding_immune_destruction,No,No,1,No
1757,hoc_avoiding_immune_destruction,No,No,1,No
1758,hoc_avoiding_immune_destruction,No,No,1,No
1759,hoc_avoiding_immune_destruction,No,No,1,No
1760,hoc_avoiding_immune_destruction,No,No,1,No
1761,hoc_avoiding_immune_destruction,Yes,No,0,No
1762,hoc_avoiding_immune_destruction,No,No,1,No
1763,hoc_avoiding_immune_destruction,No,No,1,No
1764,hoc_avoiding_immune_destruction,No,No,1,No
1765,hoc_avoiding_immune_destruction,No,No,1,No
1766,hoc_avoiding_immune_destruction,No,No,1,No
1767,hoc_avoiding_immune_destruction,No,No,1,No
1768,hoc_avoiding_immune_destruction,No,No,1,No
1769,hoc_avoiding_immune_destruction,No,No,1,No
1770,hoc_avoiding_immune_destruction,No,No,1,No
1771,hoc_avoiding_immune_destruction,No,No,1,No
1772,hoc_avoiding_immune_destruction,No,No,1,No
1773,hoc_avoiding_immune_destruction,No,No,1,No
1774,hoc_avoiding_immune_destruction,No,No,1,No
1775,hoc_avoiding_immune_destruction,No,No,1,No
1776,hoc_avoiding_immune_destruction,No,No,1,No
1777,hoc_avoiding_immune_destruction,No,No,1,No
1778,hoc_avoiding_immune_destruction,No,No,1,No
1779,hoc_avoiding_immune_destruction,No,No,1,No
1780,hoc_avoiding_immune_destruction,No,No,1,No
1781,hoc_avoiding_immune_destruction,No,No,1,No
1782,hoc_avoiding_immune_destruction,No,No,1,No
1783,hoc_avoiding_immune_destruction,No,No,1,No
1784,hoc_avoiding_immune_destruction,No,No,1,No
1785,hoc_avoiding_immune_destruction,No,No,1,No
1786,hoc_avoiding_immune_destruction,No,No,1,No
1787,hoc_avoiding_immune_destruction,Yes,No,0,No
1788,hoc_avoiding_immune_destruction,No,No,1,No
1789,hoc_avoiding_immune_destruction,No,No,1,No
1790,hoc_avoiding_immune_destruction,No,No,1,No
1791,hoc_avoiding_immune_destruction,No,No,1,No
1792,hoc_avoiding_immune_destruction,No,No,1,No
1793,hoc_avoiding_immune_destruction,No,No,1,No
1794,hoc_avoiding_immune_destruction,No,No,1,No
1795,hoc_avoiding_immune_destruction,No,No,1,No
1796,hoc_avoiding_immune_destruction,No,No,1,No
1797,hoc_avoiding_immune_destruction,No,No,1,No
1798,hoc_avoiding_immune_destruction,No,No,1,No
1799,hoc_avoiding_immune_destruction,No,No,1,No
1800,hoc_avoiding_immune_destruction,No,No,1,No
1801,hoc_avoiding_immune_destruction,No,No,1,No
1802,hoc_avoiding_immune_destruction,No,No,1,No
1803,hoc_avoiding_immune_destruction,No,No,1,No
1804,hoc_avoiding_immune_destruction,No,No,1,No
1805,hoc_avoiding_immune_destruction,No,No,1,No
1806,hoc_avoiding_immune_destruction,No,No,1,No
1807,hoc_avoiding_immune_destruction,No,No,1,No
1808,hoc_avoiding_immune_destruction,No,No,1,No
1809,hoc_avoiding_immune_destruction,No,No,1,No
1810,hoc_avoiding_immune_destruction,No,No,1,No
1811,hoc_avoiding_immune_destruction,No,No,1,No
1812,hoc_avoiding_immune_destruction,No,No,1,No
1813,hoc_avoiding_immune_destruction,No,No,1,No
1814,hoc_avoiding_immune_destruction,No,No,1,No
1815,hoc_avoiding_immune_destruction,No,No,1,No
1816,hoc_avoiding_immune_destruction,No,No,1,No
1817,hoc_avoiding_immune_destruction,No,No,1,No
1818,hoc_avoiding_immune_destruction,No,No,1,No
1819,hoc_avoiding_immune_destruction,No,No,1,No
1820,hoc_avoiding_immune_destruction,No,No,1,No
1821,hoc_avoiding_immune_destruction,No,No,1,No
1822,hoc_avoiding_immune_destruction,No,No,1,No
1823,hoc_avoiding_immune_destruction,No,No,1,No
1824,hoc_avoiding_immune_destruction,No,No,1,No
1825,hoc_avoiding_immune_destruction,No,No,1,No
1826,hoc_avoiding_immune_destruction,No,No,1,No
1827,hoc_avoiding_immune_destruction,No,No,1,No
1828,hoc_avoiding_immune_destruction,No,No,1,No
1829,hoc_avoiding_immune_destruction,No,No,1,No
1830,hoc_avoiding_immune_destruction,No,No,1,No
1831,hoc_avoiding_immune_destruction,No,No,1,No
1832,hoc_avoiding_immune_destruction,No,No,1,No
1833,hoc_avoiding_immune_destruction,No,No,1,No
1834,hoc_avoiding_immune_destruction,No,No,1,No
1835,hoc_avoiding_immune_destruction,No,No,1,No
1836,hoc_avoiding_immune_destruction,No,No,1,No
1837,hoc_avoiding_immune_destruction,No,No,1,No
1838,hoc_avoiding_immune_destruction,No,No,1,No
1839,hoc_avoiding_immune_destruction,No,Yes,0,Yes
1840,hoc_avoiding_immune_destruction,No,No,1,No
1841,hoc_avoiding_immune_destruction,No,No,1,No
1842,hoc_avoiding_immune_destruction,No,No,1,No
1843,hoc_avoiding_immune_destruction,No,No,1,No
1844,hoc_avoiding_immune_destruction,No,No,1,No
1845,hoc_avoiding_immune_destruction,No,No,1,No
1846,hoc_avoiding_immune_destruction,No,No,1,No
1847,hoc_avoiding_immune_destruction,No,No,1,No
1848,hoc_avoiding_immune_destruction,No,No,1,No
1849,hoc_avoiding_immune_destruction,No,No,1,No
1850,hoc_avoiding_immune_destruction,No,No,1,No
1851,hoc_avoiding_immune_destruction,No,No,1,No
0,hoc_cellular_energetics,No,No,1,No
1,hoc_cellular_energetics,No,No,1,No
2,hoc_cellular_energetics,No,No,1,No
3,hoc_cellular_energetics,No,No,1,No
4,hoc_cellular_energetics,No,No,1,No
5,hoc_cellular_energetics,No,No,1,No
6,hoc_cellular_energetics,No,No,1,No
7,hoc_cellular_energetics,No,No,1,No
8,hoc_cellular_energetics,No,No,1,No
9,hoc_cellular_energetics,No,No,1,No
10,hoc_cellular_energetics,No,No,1,No
11,hoc_cellular_energetics,No,No,1,No
12,hoc_cellular_energetics,No,No,1,No
13,hoc_cellular_energetics,No,No,1,No
14,hoc_cellular_energetics,No,No,1,No
15,hoc_cellular_energetics,No,No,1,No
16,hoc_cellular_energetics,No,No,1,No
17,hoc_cellular_energetics,No,No,1,No
18,hoc_cellular_energetics,No,No,1,No
19,hoc_cellular_energetics,No,No,1,No
20,hoc_cellular_energetics,No,No,1,No
21,hoc_cellular_energetics,No,No,1,No
22,hoc_cellular_energetics,No,No,1,No
23,hoc_cellular_energetics,No,No,1,No
24,hoc_cellular_energetics,No,No,1,No
25,hoc_cellular_energetics,No,No,1,No
26,hoc_cellular_energetics,No,No,1,No
27,hoc_cellular_energetics,No,No,1,No
28,hoc_cellular_energetics,No,No,1,No
29,hoc_cellular_energetics,No,No,1,No
30,hoc_cellular_energetics,No,No,1,No
31,hoc_cellular_energetics,No,No,1,No
32,hoc_cellular_energetics,No,No,1,No
33,hoc_cellular_energetics,No,No,1,No
34,hoc_cellular_energetics,No,No,1,No
35,hoc_cellular_energetics,No,No,1,No
36,hoc_cellular_energetics,No,No,1,No
37,hoc_cellular_energetics,No,No,1,No
38,hoc_cellular_energetics,No,No,1,No
39,hoc_cellular_energetics,No,No,1,No
40,hoc_cellular_energetics,No,No,1,No
41,hoc_cellular_energetics,No,No,1,No
42,hoc_cellular_energetics,No,No,1,No
43,hoc_cellular_energetics,No,No,1,No
44,hoc_cellular_energetics,No,No,1,No
45,hoc_cellular_energetics,No,No,1,No
46,hoc_cellular_energetics,No,No,1,No
47,hoc_cellular_energetics,No,No,1,No
48,hoc_cellular_energetics,No,No,1,No
49,hoc_cellular_energetics,No,No,1,No
50,hoc_cellular_energetics,No,No,1,No
51,hoc_cellular_energetics,No,No,1,No
52,hoc_cellular_energetics,No,No,1,No
53,hoc_cellular_energetics,No,No,1,No
54,hoc_cellular_energetics,No,No,1,No
55,hoc_cellular_energetics,No,No,1,No
56,hoc_cellular_energetics,No,No,1,No
57,hoc_cellular_energetics,No,No,1,No
58,hoc_cellular_energetics,No,No,1,No
59,hoc_cellular_energetics,No,No,1,No
60,hoc_cellular_energetics,No,No,1,No
61,hoc_cellular_energetics,No,No,1,No
62,hoc_cellular_energetics,No,No,1,No
63,hoc_cellular_energetics,No,No,1,No
64,hoc_cellular_energetics,No,No,1,No
65,hoc_cellular_energetics,No,No,1,No
66,hoc_cellular_energetics,No,No,1,No
67,hoc_cellular_energetics,No,No,1,No
68,hoc_cellular_energetics,No,No,1,No
69,hoc_cellular_energetics,No,No,1,No
70,hoc_cellular_energetics,No,No,1,No
71,hoc_cellular_energetics,No,No,1,No
72,hoc_cellular_energetics,No,No,1,No
73,hoc_cellular_energetics,No,No,1,No
74,hoc_cellular_energetics,No,No,1,No
75,hoc_cellular_energetics,No,No,1,No
76,hoc_cellular_energetics,No,No,1,No
77,hoc_cellular_energetics,Yes,Yes,1,Yes
78,hoc_cellular_energetics,No,No,1,No
79,hoc_cellular_energetics,No,No,1,No
80,hoc_cellular_energetics,No,No,1,No
81,hoc_cellular_energetics,No,No,1,No
82,hoc_cellular_energetics,No,No,1,No
83,hoc_cellular_energetics,No,No,1,No
84,hoc_cellular_energetics,No,No,1,No
85,hoc_cellular_energetics,No,No,1,No
86,hoc_cellular_energetics,No,No,1,No
87,hoc_cellular_energetics,No,No,1,No
88,hoc_cellular_energetics,No,No,1,No
89,hoc_cellular_energetics,No,No,1,No
90,hoc_cellular_energetics,No,No,1,No
91,hoc_cellular_energetics,Yes,Yes,1,Yes
92,hoc_cellular_energetics,No,No,1,No
93,hoc_cellular_energetics,No,No,1,No
94,hoc_cellular_energetics,No,No,1,No
95,hoc_cellular_energetics,No,No,1,No
96,hoc_cellular_energetics,No,No,1,No
97,hoc_cellular_energetics,No,No,1,No
98,hoc_cellular_energetics,No,No,1,No
99,hoc_cellular_energetics,No,No,1,No
100,hoc_cellular_energetics,No,No,1,No
101,hoc_cellular_energetics,No,No,1,No
102,hoc_cellular_energetics,No,No,1,No
103,hoc_cellular_energetics,No,No,1,No
104,hoc_cellular_energetics,No,No,1,No
105,hoc_cellular_energetics,No,No,1,No
106,hoc_cellular_energetics,No,No,1,No
107,hoc_cellular_energetics,No,No,1,No
108,hoc_cellular_energetics,No,No,1,No
109,hoc_cellular_energetics,No,No,1,No
110,hoc_cellular_energetics,No,No,1,No
111,hoc_cellular_energetics,No,No,1,No
112,hoc_cellular_energetics,No,No,1,No
113,hoc_cellular_energetics,No,No,1,No
114,hoc_cellular_energetics,No,No,1,No
115,hoc_cellular_energetics,No,No,1,No
116,hoc_cellular_energetics,No,No,1,No
117,hoc_cellular_energetics,No,No,1,No
118,hoc_cellular_energetics,No,No,1,No
119,hoc_cellular_energetics,No,No,1,No
120,hoc_cellular_energetics,No,No,1,No
121,hoc_cellular_energetics,No,No,1,No
122,hoc_cellular_energetics,No,No,1,No
123,hoc_cellular_energetics,No,No,1,No
124,hoc_cellular_energetics,No,No,1,No
125,hoc_cellular_energetics,No,No,1,No
126,hoc_cellular_energetics,No,No,1,No
127,hoc_cellular_energetics,No,No,1,No
128,hoc_cellular_energetics,No,No,1,No
129,hoc_cellular_energetics,No,No,1,No
130,hoc_cellular_energetics,No,No,1,No
131,hoc_cellular_energetics,No,No,1,No
132,hoc_cellular_energetics,No,No,1,No
133,hoc_cellular_energetics,No,No,1,No
134,hoc_cellular_energetics,No,No,1,No
135,hoc_cellular_energetics,No,No,1,No
136,hoc_cellular_energetics,No,No,1,No
137,hoc_cellular_energetics,No,No,1,No
138,hoc_cellular_energetics,No,No,1,No
139,hoc_cellular_energetics,No,No,1,No
140,hoc_cellular_energetics,No,No,1,No
141,hoc_cellular_energetics,No,No,1,No
142,hoc_cellular_energetics,No,No,1,No
143,hoc_cellular_energetics,No,No,1,No
144,hoc_cellular_energetics,No,No,1,No
145,hoc_cellular_energetics,No,No,1,No
146,hoc_cellular_energetics,No,No,1,No
147,hoc_cellular_energetics,No,No,1,No
148,hoc_cellular_energetics,No,No,1,No
149,hoc_cellular_energetics,No,No,1,No
150,hoc_cellular_energetics,No,No,1,No
151,hoc_cellular_energetics,No,No,1,No
152,hoc_cellular_energetics,No,No,1,No
153,hoc_cellular_energetics,No,No,1,No
154,hoc_cellular_energetics,No,No,1,No
155,hoc_cellular_energetics,No,No,1,No
156,hoc_cellular_energetics,No,No,1,No
157,hoc_cellular_energetics,No,No,1,No
158,hoc_cellular_energetics,No,No,1,No
159,hoc_cellular_energetics,No,No,1,No
160,hoc_cellular_energetics,No,No,1,No
161,hoc_cellular_energetics,No,No,1,No
162,hoc_cellular_energetics,No,No,1,No
163,hoc_cellular_energetics,No,No,1,No
164,hoc_cellular_energetics,No,No,1,No
165,hoc_cellular_energetics,No,No,1,No
166,hoc_cellular_energetics,No,No,1,No
167,hoc_cellular_energetics,No,No,1,No
168,hoc_cellular_energetics,No,No,1,No
169,hoc_cellular_energetics,No,No,1,No
170,hoc_cellular_energetics,No,No,1,No
171,hoc_cellular_energetics,No,No,1,No
172,hoc_cellular_energetics,No,No,1,No
173,hoc_cellular_energetics,No,No,1,No
174,hoc_cellular_energetics,No,No,1,No
175,hoc_cellular_energetics,No,No,1,No
176,hoc_cellular_energetics,No,No,1,No
177,hoc_cellular_energetics,No,No,1,No
178,hoc_cellular_energetics,No,No,1,No
179,hoc_cellular_energetics,No,No,1,No
180,hoc_cellular_energetics,No,No,1,No
181,hoc_cellular_energetics,No,No,1,No
182,hoc_cellular_energetics,No,No,1,No
183,hoc_cellular_energetics,No,No,1,No
184,hoc_cellular_energetics,No,No,1,No
185,hoc_cellular_energetics,No,No,1,No
186,hoc_cellular_energetics,No,No,1,No
187,hoc_cellular_energetics,No,No,1,No
188,hoc_cellular_energetics,No,No,1,No
189,hoc_cellular_energetics,No,No,1,No
190,hoc_cellular_energetics,No,No,1,No
191,hoc_cellular_energetics,No,No,1,No
192,hoc_cellular_energetics,No,No,1,No
193,hoc_cellular_energetics,No,No,1,No
194,hoc_cellular_energetics,No,No,1,No
195,hoc_cellular_energetics,No,No,1,No
196,hoc_cellular_energetics,No,No,1,No
197,hoc_cellular_energetics,No,No,1,No
198,hoc_cellular_energetics,No,No,1,No
199,hoc_cellular_energetics,No,No,1,No
200,hoc_cellular_energetics,No,No,1,No
201,hoc_cellular_energetics,No,No,1,No
202,hoc_cellular_energetics,No,No,1,No
203,hoc_cellular_energetics,No,No,1,No
204,hoc_cellular_energetics,Yes,Yes,1,Yes
205,hoc_cellular_energetics,No,No,1,No
206,hoc_cellular_energetics,No,No,1,No
207,hoc_cellular_energetics,No,No,1,No
208,hoc_cellular_energetics,No,No,1,No
209,hoc_cellular_energetics,No,No,1,No
210,hoc_cellular_energetics,No,No,1,No
211,hoc_cellular_energetics,No,No,1,No
212,hoc_cellular_energetics,No,No,1,No
213,hoc_cellular_energetics,No,No,1,No
214,hoc_cellular_energetics,No,No,1,No
215,hoc_cellular_energetics,No,No,1,No
216,hoc_cellular_energetics,No,No,1,No
217,hoc_cellular_energetics,No,No,1,No
218,hoc_cellular_energetics,No,No,1,No
219,hoc_cellular_energetics,No,No,1,No
220,hoc_cellular_energetics,No,No,1,No
221,hoc_cellular_energetics,No,No,1,No
222,hoc_cellular_energetics,No,No,1,No
223,hoc_cellular_energetics,No,No,1,No
224,hoc_cellular_energetics,No,No,1,No
225,hoc_cellular_energetics,No,No,1,No
226,hoc_cellular_energetics,No,No,1,No
227,hoc_cellular_energetics,No,No,1,No
228,hoc_cellular_energetics,No,No,1,No
229,hoc_cellular_energetics,No,No,1,No
230,hoc_cellular_energetics,No,No,1,No
231,hoc_cellular_energetics,No,No,1,No
232,hoc_cellular_energetics,No,No,1,No
233,hoc_cellular_energetics,No,No,1,No
234,hoc_cellular_energetics,No,No,1,No
235,hoc_cellular_energetics,No,No,1,No
236,hoc_cellular_energetics,No,No,1,No
237,hoc_cellular_energetics,No,No,1,No
238,hoc_cellular_energetics,No,No,1,No
239,hoc_cellular_energetics,No,No,1,No
240,hoc_cellular_energetics,No,No,1,No
241,hoc_cellular_energetics,No,No,1,No
242,hoc_cellular_energetics,No,No,1,No
243,hoc_cellular_energetics,No,No,1,No
244,hoc_cellular_energetics,No,No,1,No
245,hoc_cellular_energetics,No,No,1,No
246,hoc_cellular_energetics,No,No,1,No
247,hoc_cellular_energetics,No,No,1,No
248,hoc_cellular_energetics,No,No,1,No
249,hoc_cellular_energetics,No,No,1,No
250,hoc_cellular_energetics,No,No,1,No
251,hoc_cellular_energetics,No,Yes,0,Yes
252,hoc_cellular_energetics,No,No,1,No
253,hoc_cellular_energetics,No,No,1,No
254,hoc_cellular_energetics,No,No,1,No
255,hoc_cellular_energetics,No,No,1,No
256,hoc_cellular_energetics,No,No,1,No
257,hoc_cellular_energetics,No,No,1,No
258,hoc_cellular_energetics,No,No,1,No
259,hoc_cellular_energetics,No,No,1,No
260,hoc_cellular_energetics,No,No,1,No
261,hoc_cellular_energetics,No,No,1,No
262,hoc_cellular_energetics,No,No,1,No
263,hoc_cellular_energetics,No,No,1,No
264,hoc_cellular_energetics,No,No,1,No
265,hoc_cellular_energetics,No,No,1,No
266,hoc_cellular_energetics,No,No,1,No
267,hoc_cellular_energetics,No,No,1,No
268,hoc_cellular_energetics,No,No,1,No
269,hoc_cellular_energetics,No,No,1,No
270,hoc_cellular_energetics,No,No,1,No
271,hoc_cellular_energetics,No,No,1,No
272,hoc_cellular_energetics,No,No,1,No
273,hoc_cellular_energetics,No,No,1,No
274,hoc_cellular_energetics,No,No,1,No
275,hoc_cellular_energetics,No,No,1,No
276,hoc_cellular_energetics,No,No,1,No
277,hoc_cellular_energetics,No,Yes,0,Yes
278,hoc_cellular_energetics,No,No,1,No
279,hoc_cellular_energetics,No,No,1,No
280,hoc_cellular_energetics,No,No,1,No
281,hoc_cellular_energetics,No,No,1,No
282,hoc_cellular_energetics,No,No,1,No
283,hoc_cellular_energetics,No,No,1,No
284,hoc_cellular_energetics,No,No,1,No
285,hoc_cellular_energetics,No,No,1,No
286,hoc_cellular_energetics,No,No,1,No
287,hoc_cellular_energetics,No,No,1,No
288,hoc_cellular_energetics,No,No,1,No
289,hoc_cellular_energetics,No,No,1,No
290,hoc_cellular_energetics,No,No,1,No
291,hoc_cellular_energetics,No,No,1,No
292,hoc_cellular_energetics,No,No,1,No
293,hoc_cellular_energetics,No,No,1,No
294,hoc_cellular_energetics,No,No,1,No
295,hoc_cellular_energetics,No,No,1,No
296,hoc_cellular_energetics,No,No,1,No
297,hoc_cellular_energetics,No,No,1,No
298,hoc_cellular_energetics,No,No,1,No
299,hoc_cellular_energetics,No,No,1,No
300,hoc_cellular_energetics,No,No,1,No
301,hoc_cellular_energetics,No,No,1,No
302,hoc_cellular_energetics,No,No,1,No
303,hoc_cellular_energetics,No,No,1,No
304,hoc_cellular_energetics,No,No,1,No
305,hoc_cellular_energetics,No,No,1,No
306,hoc_cellular_energetics,No,No,1,No
307,hoc_cellular_energetics,No,No,1,No
308,hoc_cellular_energetics,No,No,1,No
309,hoc_cellular_energetics,No,No,1,No
310,hoc_cellular_energetics,No,No,1,No
311,hoc_cellular_energetics,No,No,1,No
312,hoc_cellular_energetics,No,No,1,No
313,hoc_cellular_energetics,No,No,1,No
314,hoc_cellular_energetics,No,No,1,No
315,hoc_cellular_energetics,No,No,1,No
316,hoc_cellular_energetics,No,No,1,No
317,hoc_cellular_energetics,No,No,1,No
318,hoc_cellular_energetics,No,No,1,No
319,hoc_cellular_energetics,No,No,1,No
320,hoc_cellular_energetics,No,No,1,No
321,hoc_cellular_energetics,No,No,1,No
322,hoc_cellular_energetics,No,No,1,No
323,hoc_cellular_energetics,No,No,1,No
324,hoc_cellular_energetics,No,No,1,No
325,hoc_cellular_energetics,No,No,1,No
326,hoc_cellular_energetics,No,No,1,No
327,hoc_cellular_energetics,No,No,1,No
328,hoc_cellular_energetics,No,No,1,No
329,hoc_cellular_energetics,No,No,1,No
330,hoc_cellular_energetics,No,No,1,No
331,hoc_cellular_energetics,No,No,1,No
332,hoc_cellular_energetics,No,No,1,No
333,hoc_cellular_energetics,No,No,1,No
334,hoc_cellular_energetics,No,No,1,No
335,hoc_cellular_energetics,No,No,1,No
336,hoc_cellular_energetics,No,No,1,No
337,hoc_cellular_energetics,No,No,1,No
338,hoc_cellular_energetics,No,No,1,No
339,hoc_cellular_energetics,No,No,1,No
340,hoc_cellular_energetics,No,No,1,No
341,hoc_cellular_energetics,No,No,1,No
342,hoc_cellular_energetics,Yes,Yes,1,Yes
343,hoc_cellular_energetics,No,No,1,No
344,hoc_cellular_energetics,No,No,1,No
345,hoc_cellular_energetics,No,No,1,No
346,hoc_cellular_energetics,No,No,1,No
347,hoc_cellular_energetics,No,No,1,No
348,hoc_cellular_energetics,No,No,1,No
349,hoc_cellular_energetics,No,No,1,No
350,hoc_cellular_energetics,No,No,1,No
351,hoc_cellular_energetics,No,No,1,No
352,hoc_cellular_energetics,No,No,1,No
353,hoc_cellular_energetics,No,No,1,No
354,hoc_cellular_energetics,No,No,1,No
355,hoc_cellular_energetics,No,No,1,No
356,hoc_cellular_energetics,No,No,1,No
357,hoc_cellular_energetics,No,No,1,No
358,hoc_cellular_energetics,No,No,1,No
359,hoc_cellular_energetics,No,No,1,No
360,hoc_cellular_energetics,No,No,1,No
361,hoc_cellular_energetics,No,No,1,No
362,hoc_cellular_energetics,No,No,1,No
363,hoc_cellular_energetics,Yes,Yes,1,Yes
364,hoc_cellular_energetics,No,No,1,No
365,hoc_cellular_energetics,No,No,1,No
366,hoc_cellular_energetics,No,No,1,No
367,hoc_cellular_energetics,No,No,1,No
368,hoc_cellular_energetics,No,No,1,No
369,hoc_cellular_energetics,No,No,1,No
370,hoc_cellular_energetics,No,No,1,No
371,hoc_cellular_energetics,No,No,1,No
372,hoc_cellular_energetics,No,No,1,No
373,hoc_cellular_energetics,No,No,1,No
374,hoc_cellular_energetics,No,No,1,No
375,hoc_cellular_energetics,No,No,1,No
376,hoc_cellular_energetics,No,No,1,No
377,hoc_cellular_energetics,No,No,1,No
378,hoc_cellular_energetics,No,No,1,No
379,hoc_cellular_energetics,No,No,1,No
380,hoc_cellular_energetics,No,No,1,No
381,hoc_cellular_energetics,No,No,1,No
382,hoc_cellular_energetics,No,No,1,No
383,hoc_cellular_energetics,No,No,1,No
384,hoc_cellular_energetics,No,No,1,No
385,hoc_cellular_energetics,No,No,1,No
386,hoc_cellular_energetics,No,No,1,No
387,hoc_cellular_energetics,No,No,1,No
388,hoc_cellular_energetics,No,No,1,No
389,hoc_cellular_energetics,No,No,1,No
390,hoc_cellular_energetics,No,No,1,No
391,hoc_cellular_energetics,No,No,1,No
392,hoc_cellular_energetics,No,No,1,No
393,hoc_cellular_energetics,No,No,1,No
394,hoc_cellular_energetics,No,No,1,No
395,hoc_cellular_energetics,No,No,1,No
396,hoc_cellular_energetics,No,No,1,No
397,hoc_cellular_energetics,No,No,1,No
398,hoc_cellular_energetics,No,No,1,No
399,hoc_cellular_energetics,No,No,1,No
400,hoc_cellular_energetics,No,No,1,No
401,hoc_cellular_energetics,No,No,1,No
402,hoc_cellular_energetics,No,No,1,No
403,hoc_cellular_energetics,No,No,1,No
404,hoc_cellular_energetics,No,No,1,No
405,hoc_cellular_energetics,No,No,1,No
406,hoc_cellular_energetics,No,No,1,No
407,hoc_cellular_energetics,No,No,1,No
408,hoc_cellular_energetics,No,No,1,No
409,hoc_cellular_energetics,No,No,1,No
410,hoc_cellular_energetics,No,No,1,No
411,hoc_cellular_energetics,No,No,1,No
412,hoc_cellular_energetics,No,No,1,No
413,hoc_cellular_energetics,No,No,1,No
414,hoc_cellular_energetics,No,No,1,No
415,hoc_cellular_energetics,No,No,1,No
416,hoc_cellular_energetics,No,No,1,No
417,hoc_cellular_energetics,No,No,1,No
418,hoc_cellular_energetics,No,No,1,No
419,hoc_cellular_energetics,No,No,1,No
420,hoc_cellular_energetics,No,No,1,No
421,hoc_cellular_energetics,No,No,1,No
422,hoc_cellular_energetics,No,No,1,No
423,hoc_cellular_energetics,No,No,1,No
424,hoc_cellular_energetics,No,No,1,No
425,hoc_cellular_energetics,No,No,1,No
426,hoc_cellular_energetics,No,No,1,No
427,hoc_cellular_energetics,No,No,1,No
428,hoc_cellular_energetics,No,No,1,No
429,hoc_cellular_energetics,No,No,1,No
430,hoc_cellular_energetics,No,No,1,No
431,hoc_cellular_energetics,No,No,1,No
432,hoc_cellular_energetics,No,No,1,No
433,hoc_cellular_energetics,No,No,1,No
434,hoc_cellular_energetics,No,No,1,No
435,hoc_cellular_energetics,No,No,1,No
436,hoc_cellular_energetics,No,No,1,No
437,hoc_cellular_energetics,No,No,1,No
438,hoc_cellular_energetics,No,No,1,No
439,hoc_cellular_energetics,Yes,Yes,1,Yes
440,hoc_cellular_energetics,No,No,1,No
441,hoc_cellular_energetics,No,No,1,No
442,hoc_cellular_energetics,No,No,1,No
443,hoc_cellular_energetics,Yes,Yes,1,Yes
444,hoc_cellular_energetics,No,No,1,No
445,hoc_cellular_energetics,Yes,Yes,1,Yes
446,hoc_cellular_energetics,No,No,1,No
447,hoc_cellular_energetics,Yes,Yes,1,Yes
448,hoc_cellular_energetics,No,No,1,No
449,hoc_cellular_energetics,No,No,1,No
450,hoc_cellular_energetics,No,No,1,No
451,hoc_cellular_energetics,No,No,1,No
452,hoc_cellular_energetics,No,No,1,No
453,hoc_cellular_energetics,No,No,1,No
454,hoc_cellular_energetics,No,No,1,No
455,hoc_cellular_energetics,Yes,Yes,1,Yes
456,hoc_cellular_energetics,No,No,1,No
457,hoc_cellular_energetics,Yes,Yes,1,Yes
458,hoc_cellular_energetics,No,No,1,No
459,hoc_cellular_energetics,Yes,Yes,1,Yes
460,hoc_cellular_energetics,No,No,1,No
461,hoc_cellular_energetics,Yes,Yes,1,Yes
462,hoc_cellular_energetics,No,No,1,No
463,hoc_cellular_energetics,Yes,Yes,1,Yes
464,hoc_cellular_energetics,Yes,Yes,1,Yes
465,hoc_cellular_energetics,No,No,1,No
466,hoc_cellular_energetics,No,No,1,No
467,hoc_cellular_energetics,No,No,1,No
468,hoc_cellular_energetics,Yes,Yes,1,Yes
469,hoc_cellular_energetics,No,No,1,No
470,hoc_cellular_energetics,Yes,Yes,1,Yes
471,hoc_cellular_energetics,No,No,1,No
472,hoc_cellular_energetics,No,No,1,No
473,hoc_cellular_energetics,No,No,1,No
474,hoc_cellular_energetics,No,No,1,No
475,hoc_cellular_energetics,No,No,1,No
476,hoc_cellular_energetics,No,No,1,No
477,hoc_cellular_energetics,No,No,1,No
478,hoc_cellular_energetics,Yes,No,0,No
479,hoc_cellular_energetics,No,No,1,No
480,hoc_cellular_energetics,No,No,1,No
481,hoc_cellular_energetics,No,No,1,No
482,hoc_cellular_energetics,No,No,1,No
483,hoc_cellular_energetics,Yes,Yes,1,Yes
484,hoc_cellular_energetics,Yes,Yes,1,Yes
485,hoc_cellular_energetics,No,No,1,No
486,hoc_cellular_energetics,No,No,1,No
487,hoc_cellular_energetics,No,No,1,No
488,hoc_cellular_energetics,No,No,1,No
489,hoc_cellular_energetics,No,No,1,No
490,hoc_cellular_energetics,No,No,1,No
491,hoc_cellular_energetics,No,No,1,No
492,hoc_cellular_energetics,No,No,1,No
493,hoc_cellular_energetics,No,No,1,No
494,hoc_cellular_energetics,No,No,1,No
495,hoc_cellular_energetics,No,No,1,No
496,hoc_cellular_energetics,Yes,No,0,No
497,hoc_cellular_energetics,No,No,1,No
498,hoc_cellular_energetics,No,No,1,No
499,hoc_cellular_energetics,Yes,Yes,1,Yes
500,hoc_cellular_energetics,No,No,1,No
501,hoc_cellular_energetics,Yes,Yes,1,Yes
502,hoc_cellular_energetics,No,No,1,No
503,hoc_cellular_energetics,No,No,1,No
504,hoc_cellular_energetics,No,No,1,No
505,hoc_cellular_energetics,No,No,1,No
506,hoc_cellular_energetics,No,No,1,No
507,hoc_cellular_energetics,No,No,1,No
508,hoc_cellular_energetics,Yes,Yes,1,Yes
509,hoc_cellular_energetics,No,No,1,No
510,hoc_cellular_energetics,Yes,Yes,1,Yes
511,hoc_cellular_energetics,No,No,1,No
512,hoc_cellular_energetics,Yes,Yes,1,Yes
513,hoc_cellular_energetics,No,No,1,No
514,hoc_cellular_energetics,No,No,1,No
515,hoc_cellular_energetics,No,No,1,No
516,hoc_cellular_energetics,No,No,1,No
517,hoc_cellular_energetics,No,No,1,No
518,hoc_cellular_energetics,Yes,Yes,1,Yes
519,hoc_cellular_energetics,Yes,Yes,1,Yes
520,hoc_cellular_energetics,No,No,1,No
521,hoc_cellular_energetics,Yes,Yes,1,Yes
522,hoc_cellular_energetics,Yes,Yes,1,Yes
523,hoc_cellular_energetics,Yes,Yes,1,Yes
524,hoc_cellular_energetics,No,No,1,No
525,hoc_cellular_energetics,Yes,Yes,1,Yes
526,hoc_cellular_energetics,No,No,1,No
527,hoc_cellular_energetics,No,No,1,No
528,hoc_cellular_energetics,No,No,1,No
529,hoc_cellular_energetics,No,Yes,0,Yes
530,hoc_cellular_energetics,Yes,Yes,1,Yes
531,hoc_cellular_energetics,No,Yes,0,Yes
532,hoc_cellular_energetics,No,No,1,No
533,hoc_cellular_energetics,No,No,1,No
534,hoc_cellular_energetics,No,No,1,No
535,hoc_cellular_energetics,No,No,1,No
536,hoc_cellular_energetics,No,No,1,No
537,hoc_cellular_energetics,No,No,1,No
538,hoc_cellular_energetics,No,No,1,No
539,hoc_cellular_energetics,No,No,1,No
540,hoc_cellular_energetics,Yes,No,0,No
541,hoc_cellular_energetics,No,No,1,No
542,hoc_cellular_energetics,No,No,1,No
543,hoc_cellular_energetics,No,No,1,No
544,hoc_cellular_energetics,No,No,1,No
545,hoc_cellular_energetics,No,No,1,No
546,hoc_cellular_energetics,No,No,1,No
547,hoc_cellular_energetics,No,Yes,0,Yes
548,hoc_cellular_energetics,No,No,1,No
549,hoc_cellular_energetics,No,No,1,No
550,hoc_cellular_energetics,No,No,1,No
551,hoc_cellular_energetics,No,No,1,No
552,hoc_cellular_energetics,No,No,1,No
553,hoc_cellular_energetics,No,No,1,No
554,hoc_cellular_energetics,No,No,1,No
555,hoc_cellular_energetics,Yes,Yes,1,Yes
556,hoc_cellular_energetics,No,No,1,No
557,hoc_cellular_energetics,Yes,Yes,1,Yes
558,hoc_cellular_energetics,No,No,1,No
559,hoc_cellular_energetics,No,No,1,No
560,hoc_cellular_energetics,No,No,1,No
561,hoc_cellular_energetics,No,No,1,No
562,hoc_cellular_energetics,No,No,1,No
563,hoc_cellular_energetics,No,No,1,No
564,hoc_cellular_energetics,No,No,1,No
565,hoc_cellular_energetics,No,No,1,No
566,hoc_cellular_energetics,No,No,1,No
567,hoc_cellular_energetics,No,No,1,No
568,hoc_cellular_energetics,No,No,1,No
569,hoc_cellular_energetics,No,No,1,No
570,hoc_cellular_energetics,No,No,1,No
571,hoc_cellular_energetics,No,No,1,No
572,hoc_cellular_energetics,No,No,1,No
573,hoc_cellular_energetics,No,No,1,No
574,hoc_cellular_energetics,No,No,1,No
575,hoc_cellular_energetics,No,No,1,No
576,hoc_cellular_energetics,No,No,1,No
577,hoc_cellular_energetics,No,No,1,No
578,hoc_cellular_energetics,No,No,1,No
579,hoc_cellular_energetics,No,No,1,No
580,hoc_cellular_energetics,No,Yes,0,Yes
581,hoc_cellular_energetics,No,No,1,No
582,hoc_cellular_energetics,No,No,1,No
583,hoc_cellular_energetics,No,No,1,No
584,hoc_cellular_energetics,No,No,1,No
585,hoc_cellular_energetics,No,No,1,No
586,hoc_cellular_energetics,No,No,1,No
587,hoc_cellular_energetics,Yes,Yes,1,Yes
588,hoc_cellular_energetics,No,No,1,No
589,hoc_cellular_energetics,No,No,1,No
590,hoc_cellular_energetics,No,No,1,No
591,hoc_cellular_energetics,Yes,Yes,1,Yes
592,hoc_cellular_energetics,No,No,1,No
593,hoc_cellular_energetics,No,No,1,No
594,hoc_cellular_energetics,No,No,1,No
595,hoc_cellular_energetics,No,No,1,No
596,hoc_cellular_energetics,No,No,1,No
597,hoc_cellular_energetics,No,No,1,No
598,hoc_cellular_energetics,No,No,1,No
599,hoc_cellular_energetics,No,No,1,No
600,hoc_cellular_energetics,No,No,1,No
601,hoc_cellular_energetics,No,No,1,No
602,hoc_cellular_energetics,No,No,1,No
603,hoc_cellular_energetics,No,No,1,No
604,hoc_cellular_energetics,No,No,1,No
605,hoc_cellular_energetics,No,No,1,No
606,hoc_cellular_energetics,No,No,1,No
607,hoc_cellular_energetics,No,No,1,No
608,hoc_cellular_energetics,No,No,1,No
609,hoc_cellular_energetics,No,No,1,No
610,hoc_cellular_energetics,No,No,1,No
611,hoc_cellular_energetics,No,No,1,No
612,hoc_cellular_energetics,Yes,Yes,1,Yes
613,hoc_cellular_energetics,No,No,1,No
614,hoc_cellular_energetics,No,No,1,No
615,hoc_cellular_energetics,No,No,1,No
616,hoc_cellular_energetics,No,No,1,No
617,hoc_cellular_energetics,No,No,1,No
618,hoc_cellular_energetics,No,No,1,No
619,hoc_cellular_energetics,No,No,1,No
620,hoc_cellular_energetics,No,No,1,No
621,hoc_cellular_energetics,No,No,1,No
622,hoc_cellular_energetics,No,No,1,No
623,hoc_cellular_energetics,No,No,1,No
624,hoc_cellular_energetics,No,No,1,No
625,hoc_cellular_energetics,No,No,1,No
626,hoc_cellular_energetics,No,No,1,No
627,hoc_cellular_energetics,No,No,1,No
628,hoc_cellular_energetics,Yes,Yes,1,Yes
629,hoc_cellular_energetics,No,No,1,No
630,hoc_cellular_energetics,No,No,1,No
631,hoc_cellular_energetics,No,No,1,No
632,hoc_cellular_energetics,No,Yes,0,Yes
633,hoc_cellular_energetics,No,No,1,No
634,hoc_cellular_energetics,No,No,1,No
635,hoc_cellular_energetics,No,No,1,No
636,hoc_cellular_energetics,No,No,1,No
637,hoc_cellular_energetics,No,No,1,No
638,hoc_cellular_energetics,No,No,1,No
639,hoc_cellular_energetics,No,No,1,No
640,hoc_cellular_energetics,No,No,1,No
641,hoc_cellular_energetics,No,No,1,No
642,hoc_cellular_energetics,No,No,1,No
643,hoc_cellular_energetics,Yes,Yes,1,Yes
644,hoc_cellular_energetics,Yes,Yes,1,Yes
645,hoc_cellular_energetics,No,No,1,No
646,hoc_cellular_energetics,No,No,1,No
647,hoc_cellular_energetics,Yes,Yes,1,Yes
648,hoc_cellular_energetics,No,No,1,No
649,hoc_cellular_energetics,No,No,1,No
650,hoc_cellular_energetics,No,No,1,No
651,hoc_cellular_energetics,No,No,1,No
652,hoc_cellular_energetics,No,Yes,0,Yes
653,hoc_cellular_energetics,No,No,1,No
654,hoc_cellular_energetics,No,No,1,No
655,hoc_cellular_energetics,No,No,1,No
656,hoc_cellular_energetics,No,No,1,No
657,hoc_cellular_energetics,No,No,1,No
658,hoc_cellular_energetics,No,No,1,No
659,hoc_cellular_energetics,No,No,1,No
660,hoc_cellular_energetics,No,No,1,No
661,hoc_cellular_energetics,No,No,1,No
662,hoc_cellular_energetics,No,No,1,No
663,hoc_cellular_energetics,No,No,1,No
664,hoc_cellular_energetics,No,No,1,No
665,hoc_cellular_energetics,No,No,1,No
666,hoc_cellular_energetics,No,No,1,No
667,hoc_cellular_energetics,No,No,1,No
668,hoc_cellular_energetics,No,No,1,No
669,hoc_cellular_energetics,No,No,1,No
670,hoc_cellular_energetics,No,No,1,No
671,hoc_cellular_energetics,No,No,1,No
672,hoc_cellular_energetics,No,No,1,No
673,hoc_cellular_energetics,No,No,1,No
674,hoc_cellular_energetics,No,No,1,No
675,hoc_cellular_energetics,No,No,1,No
676,hoc_cellular_energetics,No,No,1,No
677,hoc_cellular_energetics,No,No,1,No
678,hoc_cellular_energetics,No,No,1,No
679,hoc_cellular_energetics,No,No,1,No
680,hoc_cellular_energetics,No,No,1,No
681,hoc_cellular_energetics,No,No,1,No
682,hoc_cellular_energetics,No,No,1,No
683,hoc_cellular_energetics,No,No,1,No
684,hoc_cellular_energetics,No,No,1,No
685,hoc_cellular_energetics,No,No,1,No
686,hoc_cellular_energetics,No,No,1,No
687,hoc_cellular_energetics,No,No,1,No
688,hoc_cellular_energetics,No,No,1,No
689,hoc_cellular_energetics,No,No,1,No
690,hoc_cellular_energetics,No,No,1,No
691,hoc_cellular_energetics,No,No,1,No
692,hoc_cellular_energetics,No,No,1,No
693,hoc_cellular_energetics,No,No,1,No
694,hoc_cellular_energetics,No,No,1,No
695,hoc_cellular_energetics,No,No,1,No
696,hoc_cellular_energetics,No,No,1,No
697,hoc_cellular_energetics,No,No,1,No
698,hoc_cellular_energetics,Yes,Yes,1,Yes
699,hoc_cellular_energetics,No,No,1,No
700,hoc_cellular_energetics,No,No,1,No
701,hoc_cellular_energetics,No,No,1,No
702,hoc_cellular_energetics,No,No,1,No
703,hoc_cellular_energetics,No,No,1,No
704,hoc_cellular_energetics,No,No,1,No
705,hoc_cellular_energetics,No,No,1,No
706,hoc_cellular_energetics,No,No,1,No
707,hoc_cellular_energetics,No,No,1,No
708,hoc_cellular_energetics,No,No,1,No
709,hoc_cellular_energetics,No,No,1,No
710,hoc_cellular_energetics,No,No,1,No
711,hoc_cellular_energetics,No,No,1,No
712,hoc_cellular_energetics,No,No,1,No
713,hoc_cellular_energetics,No,No,1,No
714,hoc_cellular_energetics,No,No,1,No
715,hoc_cellular_energetics,No,No,1,No
716,hoc_cellular_energetics,No,No,1,No
717,hoc_cellular_energetics,No,No,1,No
718,hoc_cellular_energetics,No,No,1,No
719,hoc_cellular_energetics,No,No,1,No
720,hoc_cellular_energetics,No,No,1,No
721,hoc_cellular_energetics,No,No,1,No
722,hoc_cellular_energetics,No,No,1,No
723,hoc_cellular_energetics,No,No,1,No
724,hoc_cellular_energetics,No,No,1,No
725,hoc_cellular_energetics,No,No,1,No
726,hoc_cellular_energetics,Yes,Yes,1,Yes
727,hoc_cellular_energetics,No,No,1,No
728,hoc_cellular_energetics,No,No,1,No
729,hoc_cellular_energetics,No,No,1,No
730,hoc_cellular_energetics,No,No,1,No
731,hoc_cellular_energetics,No,No,1,No
732,hoc_cellular_energetics,No,No,1,No
733,hoc_cellular_energetics,No,No,1,No
734,hoc_cellular_energetics,No,No,1,No
735,hoc_cellular_energetics,No,No,1,No
736,hoc_cellular_energetics,No,No,1,No
737,hoc_cellular_energetics,No,No,1,No
738,hoc_cellular_energetics,No,No,1,No
739,hoc_cellular_energetics,No,No,1,No
740,hoc_cellular_energetics,No,No,1,No
741,hoc_cellular_energetics,No,No,1,No
742,hoc_cellular_energetics,No,No,1,No
743,hoc_cellular_energetics,No,No,1,No
744,hoc_cellular_energetics,No,No,1,No
745,hoc_cellular_energetics,No,No,1,No
746,hoc_cellular_energetics,No,No,1,No
747,hoc_cellular_energetics,No,No,1,No
748,hoc_cellular_energetics,No,No,1,No
749,hoc_cellular_energetics,No,No,1,No
750,hoc_cellular_energetics,No,No,1,No
751,hoc_cellular_energetics,No,No,1,No
752,hoc_cellular_energetics,No,No,1,No
753,hoc_cellular_energetics,No,No,1,No
754,hoc_cellular_energetics,No,No,1,No
755,hoc_cellular_energetics,No,No,1,No
756,hoc_cellular_energetics,No,No,1,No
757,hoc_cellular_energetics,No,No,1,No
758,hoc_cellular_energetics,No,No,1,No
759,hoc_cellular_energetics,No,Yes,0,Yes
760,hoc_cellular_energetics,No,No,1,No
761,hoc_cellular_energetics,No,No,1,No
762,hoc_cellular_energetics,No,No,1,No
763,hoc_cellular_energetics,No,No,1,No
764,hoc_cellular_energetics,No,No,1,No
765,hoc_cellular_energetics,No,No,1,No
766,hoc_cellular_energetics,No,No,1,No
767,hoc_cellular_energetics,No,No,1,No
768,hoc_cellular_energetics,No,No,1,No
769,hoc_cellular_energetics,No,No,1,No
770,hoc_cellular_energetics,No,No,1,No
771,hoc_cellular_energetics,Yes,Yes,1,Yes
772,hoc_cellular_energetics,No,No,1,No
773,hoc_cellular_energetics,No,No,1,No
774,hoc_cellular_energetics,No,No,1,No
775,hoc_cellular_energetics,No,No,1,No
776,hoc_cellular_energetics,No,No,1,No
777,hoc_cellular_energetics,No,No,1,No
778,hoc_cellular_energetics,No,No,1,No
779,hoc_cellular_energetics,No,No,1,No
780,hoc_cellular_energetics,No,No,1,No
781,hoc_cellular_energetics,No,No,1,No
782,hoc_cellular_energetics,No,No,1,No
783,hoc_cellular_energetics,No,No,1,No
784,hoc_cellular_energetics,No,No,1,No
785,hoc_cellular_energetics,No,No,1,No
786,hoc_cellular_energetics,No,No,1,No
787,hoc_cellular_energetics,No,No,1,No
788,hoc_cellular_energetics,No,No,1,No
789,hoc_cellular_energetics,No,No,1,No
790,hoc_cellular_energetics,No,No,1,No
791,hoc_cellular_energetics,No,No,1,No
792,hoc_cellular_energetics,No,No,1,No
793,hoc_cellular_energetics,No,No,1,No
794,hoc_cellular_energetics,No,No,1,No
795,hoc_cellular_energetics,No,No,1,No
796,hoc_cellular_energetics,No,No,1,No
797,hoc_cellular_energetics,No,No,1,No
798,hoc_cellular_energetics,No,No,1,No
799,hoc_cellular_energetics,No,No,1,No
800,hoc_cellular_energetics,No,No,1,No
801,hoc_cellular_energetics,No,No,1,No
802,hoc_cellular_energetics,No,No,1,No
803,hoc_cellular_energetics,No,No,1,No
804,hoc_cellular_energetics,No,No,1,No
805,hoc_cellular_energetics,No,No,1,No
806,hoc_cellular_energetics,No,No,1,No
807,hoc_cellular_energetics,No,No,1,No
808,hoc_cellular_energetics,No,No,1,No
809,hoc_cellular_energetics,No,No,1,No
810,hoc_cellular_energetics,No,No,1,No
811,hoc_cellular_energetics,No,No,1,No
812,hoc_cellular_energetics,No,No,1,No
813,hoc_cellular_energetics,No,No,1,No
814,hoc_cellular_energetics,No,No,1,No
815,hoc_cellular_energetics,No,No,1,No
816,hoc_cellular_energetics,No,No,1,No
817,hoc_cellular_energetics,No,No,1,No
818,hoc_cellular_energetics,No,No,1,No
819,hoc_cellular_energetics,No,No,1,No
820,hoc_cellular_energetics,No,No,1,No
821,hoc_cellular_energetics,No,No,1,No
822,hoc_cellular_energetics,No,No,1,No
823,hoc_cellular_energetics,No,No,1,No
824,hoc_cellular_energetics,No,No,1,No
825,hoc_cellular_energetics,No,No,1,No
826,hoc_cellular_energetics,No,No,1,No
827,hoc_cellular_energetics,No,No,1,No
828,hoc_cellular_energetics,No,No,1,No
829,hoc_cellular_energetics,No,No,1,No
830,hoc_cellular_energetics,No,No,1,No
831,hoc_cellular_energetics,No,No,1,No
832,hoc_cellular_energetics,No,No,1,No
833,hoc_cellular_energetics,No,No,1,No
834,hoc_cellular_energetics,No,No,1,No
835,hoc_cellular_energetics,No,No,1,No
836,hoc_cellular_energetics,No,No,1,No
837,hoc_cellular_energetics,No,No,1,No
838,hoc_cellular_energetics,No,No,1,No
839,hoc_cellular_energetics,No,No,1,No
840,hoc_cellular_energetics,No,No,1,No
841,hoc_cellular_energetics,No,No,1,No
842,hoc_cellular_energetics,No,No,1,No
843,hoc_cellular_energetics,No,No,1,No
844,hoc_cellular_energetics,No,No,1,No
845,hoc_cellular_energetics,No,No,1,No
846,hoc_cellular_energetics,No,No,1,No
847,hoc_cellular_energetics,No,No,1,No
848,hoc_cellular_energetics,No,No,1,No
849,hoc_cellular_energetics,No,No,1,No
850,hoc_cellular_energetics,No,No,1,No
851,hoc_cellular_energetics,No,No,1,No
852,hoc_cellular_energetics,No,No,1,No
853,hoc_cellular_energetics,No,No,1,No
854,hoc_cellular_energetics,No,No,1,No
855,hoc_cellular_energetics,No,No,1,No
856,hoc_cellular_energetics,No,No,1,No
857,hoc_cellular_energetics,No,No,1,No
858,hoc_cellular_energetics,No,No,1,No
859,hoc_cellular_energetics,No,No,1,No
860,hoc_cellular_energetics,No,No,1,No
861,hoc_cellular_energetics,No,No,1,No
862,hoc_cellular_energetics,No,No,1,No
863,hoc_cellular_energetics,No,No,1,No
864,hoc_cellular_energetics,No,No,1,No
865,hoc_cellular_energetics,No,No,1,No
866,hoc_cellular_energetics,Yes,Yes,1,Yes
867,hoc_cellular_energetics,No,No,1,No
868,hoc_cellular_energetics,No,Yes,0,Yes
869,hoc_cellular_energetics,No,No,1,No
870,hoc_cellular_energetics,No,No,1,No
871,hoc_cellular_energetics,No,No,1,No
872,hoc_cellular_energetics,Yes,Yes,1,Yes
873,hoc_cellular_energetics,No,No,1,No
874,hoc_cellular_energetics,No,No,1,No
875,hoc_cellular_energetics,No,No,1,No
876,hoc_cellular_energetics,No,No,1,No
877,hoc_cellular_energetics,No,No,1,No
878,hoc_cellular_energetics,No,No,1,No
879,hoc_cellular_energetics,No,No,1,No
880,hoc_cellular_energetics,No,No,1,No
881,hoc_cellular_energetics,No,No,1,No
882,hoc_cellular_energetics,No,No,1,No
883,hoc_cellular_energetics,No,No,1,No
884,hoc_cellular_energetics,No,No,1,No
885,hoc_cellular_energetics,No,No,1,No
886,hoc_cellular_energetics,No,Yes,0,Yes
887,hoc_cellular_energetics,No,No,1,No
888,hoc_cellular_energetics,No,No,1,No
889,hoc_cellular_energetics,No,No,1,No
890,hoc_cellular_energetics,No,Yes,0,Yes
891,hoc_cellular_energetics,No,No,1,No
892,hoc_cellular_energetics,No,No,1,No
893,hoc_cellular_energetics,No,No,1,No
894,hoc_cellular_energetics,No,No,1,No
895,hoc_cellular_energetics,No,No,1,No
896,hoc_cellular_energetics,No,No,1,No
897,hoc_cellular_energetics,No,No,1,No
898,hoc_cellular_energetics,No,No,1,No
899,hoc_cellular_energetics,No,No,1,No
900,hoc_cellular_energetics,Yes,No,0,No
901,hoc_cellular_energetics,No,No,1,No
902,hoc_cellular_energetics,Yes,Yes,1,Yes
903,hoc_cellular_energetics,No,No,1,No
904,hoc_cellular_energetics,No,No,1,No
905,hoc_cellular_energetics,No,No,1,No
906,hoc_cellular_energetics,Yes,Yes,1,Yes
907,hoc_cellular_energetics,No,No,1,No
908,hoc_cellular_energetics,No,No,1,No
909,hoc_cellular_energetics,No,No,1,No
910,hoc_cellular_energetics,No,No,1,No
911,hoc_cellular_energetics,No,No,1,No
912,hoc_cellular_energetics,No,No,1,No
913,hoc_cellular_energetics,No,No,1,No
914,hoc_cellular_energetics,No,No,1,No
915,hoc_cellular_energetics,No,No,1,No
916,hoc_cellular_energetics,No,No,1,No
917,hoc_cellular_energetics,No,No,1,No
918,hoc_cellular_energetics,No,No,1,No
919,hoc_cellular_energetics,No,No,1,No
920,hoc_cellular_energetics,No,No,1,No
921,hoc_cellular_energetics,No,No,1,No
922,hoc_cellular_energetics,No,No,1,No
923,hoc_cellular_energetics,No,No,1,No
924,hoc_cellular_energetics,No,No,1,No
925,hoc_cellular_energetics,No,No,1,No
926,hoc_cellular_energetics,No,No,1,No
927,hoc_cellular_energetics,No,No,1,No
928,hoc_cellular_energetics,No,No,1,No
929,hoc_cellular_energetics,No,No,1,No
930,hoc_cellular_energetics,No,No,1,No
931,hoc_cellular_energetics,No,No,1,No
932,hoc_cellular_energetics,No,No,1,No
933,hoc_cellular_energetics,No,No,1,No
934,hoc_cellular_energetics,No,No,1,No
935,hoc_cellular_energetics,No,No,1,No
936,hoc_cellular_energetics,No,No,1,No
937,hoc_cellular_energetics,No,No,1,No
938,hoc_cellular_energetics,No,No,1,No
939,hoc_cellular_energetics,No,No,1,No
940,hoc_cellular_energetics,No,No,1,No
941,hoc_cellular_energetics,No,No,1,No
942,hoc_cellular_energetics,No,No,1,No
943,hoc_cellular_energetics,No,No,1,No
944,hoc_cellular_energetics,No,No,1,No
945,hoc_cellular_energetics,No,No,1,No
946,hoc_cellular_energetics,No,Yes,0,Yes
947,hoc_cellular_energetics,No,No,1,No
948,hoc_cellular_energetics,No,No,1,No
949,hoc_cellular_energetics,No,No,1,No
950,hoc_cellular_energetics,No,No,1,No
951,hoc_cellular_energetics,No,No,1,No
952,hoc_cellular_energetics,No,No,1,No
953,hoc_cellular_energetics,No,No,1,No
954,hoc_cellular_energetics,No,No,1,No
955,hoc_cellular_energetics,No,Yes,0,Yes
956,hoc_cellular_energetics,No,No,1,No
957,hoc_cellular_energetics,No,No,1,No
958,hoc_cellular_energetics,No,Yes,0,Yes
959,hoc_cellular_energetics,No,No,1,No
960,hoc_cellular_energetics,No,No,1,No
961,hoc_cellular_energetics,No,No,1,No
962,hoc_cellular_energetics,No,No,1,No
963,hoc_cellular_energetics,Yes,Yes,1,Yes
964,hoc_cellular_energetics,No,No,1,No
965,hoc_cellular_energetics,No,No,1,No
966,hoc_cellular_energetics,No,No,1,No
967,hoc_cellular_energetics,No,No,1,No
968,hoc_cellular_energetics,No,No,1,No
969,hoc_cellular_energetics,No,Yes,0,Yes
970,hoc_cellular_energetics,No,No,1,No
971,hoc_cellular_energetics,No,No,1,No
972,hoc_cellular_energetics,No,No,1,No
973,hoc_cellular_energetics,No,No,1,No
974,hoc_cellular_energetics,No,No,1,No
975,hoc_cellular_energetics,No,No,1,No
976,hoc_cellular_energetics,No,No,1,No
977,hoc_cellular_energetics,Yes,Yes,1,Yes
978,hoc_cellular_energetics,No,No,1,No
979,hoc_cellular_energetics,No,No,1,No
980,hoc_cellular_energetics,No,Yes,0,Yes
981,hoc_cellular_energetics,No,No,1,No
982,hoc_cellular_energetics,No,No,1,No
983,hoc_cellular_energetics,Yes,Yes,1,Yes
984,hoc_cellular_energetics,No,No,1,No
985,hoc_cellular_energetics,No,No,1,No
986,hoc_cellular_energetics,No,No,1,No
987,hoc_cellular_energetics,No,No,1,No
988,hoc_cellular_energetics,No,No,1,No
989,hoc_cellular_energetics,No,No,1,No
990,hoc_cellular_energetics,No,No,1,No
991,hoc_cellular_energetics,No,No,1,No
992,hoc_cellular_energetics,No,No,1,No
993,hoc_cellular_energetics,No,No,1,No
994,hoc_cellular_energetics,No,No,1,No
995,hoc_cellular_energetics,Yes,Yes,1,Yes
996,hoc_cellular_energetics,No,No,1,No
997,hoc_cellular_energetics,No,No,1,No
998,hoc_cellular_energetics,No,No,1,No
999,hoc_cellular_energetics,No,No,1,No
1000,hoc_cellular_energetics,No,No,1,No
1001,hoc_cellular_energetics,No,No,1,No
1002,hoc_cellular_energetics,No,No,1,No
1003,hoc_cellular_energetics,No,No,1,No
1004,hoc_cellular_energetics,No,No,1,No
1005,hoc_cellular_energetics,No,No,1,No
1006,hoc_cellular_energetics,No,No,1,No
1007,hoc_cellular_energetics,No,No,1,No
1008,hoc_cellular_energetics,No,No,1,No
1009,hoc_cellular_energetics,No,No,1,No
1010,hoc_cellular_energetics,No,No,1,No
1011,hoc_cellular_energetics,No,Yes,0,Yes
1012,hoc_cellular_energetics,No,No,1,No
1013,hoc_cellular_energetics,Yes,Yes,1,Yes
1014,hoc_cellular_energetics,No,No,1,No
1015,hoc_cellular_energetics,No,No,1,No
1016,hoc_cellular_energetics,No,No,1,No
1017,hoc_cellular_energetics,No,No,1,No
1018,hoc_cellular_energetics,No,No,1,No
1019,hoc_cellular_energetics,No,No,1,No
1020,hoc_cellular_energetics,No,No,1,No
1021,hoc_cellular_energetics,No,No,1,No
1022,hoc_cellular_energetics,No,No,1,No
1023,hoc_cellular_energetics,No,No,1,No
1024,hoc_cellular_energetics,No,No,1,No
1025,hoc_cellular_energetics,No,No,1,No
1026,hoc_cellular_energetics,No,Yes,0,Yes
1027,hoc_cellular_energetics,No,No,1,No
1028,hoc_cellular_energetics,No,No,1,No
1029,hoc_cellular_energetics,No,No,1,No
1030,hoc_cellular_energetics,No,No,1,No
1031,hoc_cellular_energetics,No,No,1,No
1032,hoc_cellular_energetics,No,No,1,No
1033,hoc_cellular_energetics,No,Yes,0,Yes
1034,hoc_cellular_energetics,No,No,1,No
1035,hoc_cellular_energetics,No,No,1,No
1036,hoc_cellular_energetics,No,No,1,No
1037,hoc_cellular_energetics,No,No,1,No
1038,hoc_cellular_energetics,No,No,1,No
1039,hoc_cellular_energetics,No,No,1,No
1040,hoc_cellular_energetics,No,No,1,No
1041,hoc_cellular_energetics,No,No,1,No
1042,hoc_cellular_energetics,No,No,1,No
1043,hoc_cellular_energetics,No,No,1,No
1044,hoc_cellular_energetics,No,No,1,No
1045,hoc_cellular_energetics,Yes,Yes,1,Yes
1046,hoc_cellular_energetics,No,No,1,No
1047,hoc_cellular_energetics,No,No,1,No
1048,hoc_cellular_energetics,No,Yes,0,Yes
1049,hoc_cellular_energetics,No,No,1,No
1050,hoc_cellular_energetics,No,No,1,No
1051,hoc_cellular_energetics,No,No,1,No
1052,hoc_cellular_energetics,No,No,1,No
1053,hoc_cellular_energetics,No,No,1,No
1054,hoc_cellular_energetics,No,No,1,No
1055,hoc_cellular_energetics,No,No,1,No
1056,hoc_cellular_energetics,No,No,1,No
1057,hoc_cellular_energetics,No,No,1,No
1058,hoc_cellular_energetics,No,No,1,No
1059,hoc_cellular_energetics,No,No,1,No
1060,hoc_cellular_energetics,No,No,1,No
1061,hoc_cellular_energetics,No,No,1,No
1062,hoc_cellular_energetics,No,No,1,No
1063,hoc_cellular_energetics,No,No,1,No
1064,hoc_cellular_energetics,No,No,1,No
1065,hoc_cellular_energetics,No,No,1,No
1066,hoc_cellular_energetics,No,No,1,No
1067,hoc_cellular_energetics,No,Yes,0,Yes
1068,hoc_cellular_energetics,No,No,1,No
1069,hoc_cellular_energetics,No,No,1,No
1070,hoc_cellular_energetics,No,No,1,No
1071,hoc_cellular_energetics,No,No,1,No
1072,hoc_cellular_energetics,No,No,1,No
1073,hoc_cellular_energetics,No,No,1,No
1074,hoc_cellular_energetics,No,No,1,No
1075,hoc_cellular_energetics,No,No,1,No
1076,hoc_cellular_energetics,No,No,1,No
1077,hoc_cellular_energetics,No,No,1,No
1078,hoc_cellular_energetics,No,No,1,No
1079,hoc_cellular_energetics,No,No,1,No
1080,hoc_cellular_energetics,No,No,1,No
1081,hoc_cellular_energetics,Yes,Yes,1,Yes
1082,hoc_cellular_energetics,No,No,1,No
1083,hoc_cellular_energetics,No,No,1,No
1084,hoc_cellular_energetics,No,No,1,No
1085,hoc_cellular_energetics,Yes,Yes,1,Yes
1086,hoc_cellular_energetics,No,No,1,No
1087,hoc_cellular_energetics,No,No,1,No
1088,hoc_cellular_energetics,No,No,1,No
1089,hoc_cellular_energetics,No,No,1,No
1090,hoc_cellular_energetics,No,No,1,No
1091,hoc_cellular_energetics,No,No,1,No
1092,hoc_cellular_energetics,No,No,1,No
1093,hoc_cellular_energetics,No,No,1,No
1094,hoc_cellular_energetics,No,No,1,No
1095,hoc_cellular_energetics,No,No,1,No
1096,hoc_cellular_energetics,No,No,1,No
1097,hoc_cellular_energetics,No,No,1,No
1098,hoc_cellular_energetics,No,No,1,No
1099,hoc_cellular_energetics,No,No,1,No
1100,hoc_cellular_energetics,No,No,1,No
1101,hoc_cellular_energetics,No,No,1,No
1102,hoc_cellular_energetics,No,No,1,No
1103,hoc_cellular_energetics,Yes,Yes,1,Yes
1104,hoc_cellular_energetics,No,No,1,No
1105,hoc_cellular_energetics,No,No,1,No
1106,hoc_cellular_energetics,No,No,1,No
1107,hoc_cellular_energetics,No,No,1,No
1108,hoc_cellular_energetics,No,No,1,No
1109,hoc_cellular_energetics,Yes,Yes,1,Yes
1110,hoc_cellular_energetics,No,No,1,No
1111,hoc_cellular_energetics,No,No,1,No
1112,hoc_cellular_energetics,No,No,1,No
1113,hoc_cellular_energetics,No,No,1,No
1114,hoc_cellular_energetics,No,No,1,No
1115,hoc_cellular_energetics,No,No,1,No
1116,hoc_cellular_energetics,No,No,1,No
1117,hoc_cellular_energetics,No,No,1,No
1118,hoc_cellular_energetics,No,No,1,No
1119,hoc_cellular_energetics,No,No,1,No
1120,hoc_cellular_energetics,No,No,1,No
1121,hoc_cellular_energetics,Yes,Yes,1,Yes
1122,hoc_cellular_energetics,No,No,1,No
1123,hoc_cellular_energetics,No,No,1,No
1124,hoc_cellular_energetics,No,No,1,No
1125,hoc_cellular_energetics,No,No,1,No
1126,hoc_cellular_energetics,No,No,1,No
1127,hoc_cellular_energetics,No,No,1,No
1128,hoc_cellular_energetics,No,No,1,No
1129,hoc_cellular_energetics,No,No,1,No
1130,hoc_cellular_energetics,No,No,1,No
1131,hoc_cellular_energetics,No,No,1,No
1132,hoc_cellular_energetics,Yes,Yes,1,Yes
1133,hoc_cellular_energetics,No,No,1,No
1134,hoc_cellular_energetics,No,No,1,No
1135,hoc_cellular_energetics,No,No,1,No
1136,hoc_cellular_energetics,No,No,1,No
1137,hoc_cellular_energetics,No,No,1,No
1138,hoc_cellular_energetics,No,No,1,No
1139,hoc_cellular_energetics,No,No,1,No
1140,hoc_cellular_energetics,No,No,1,No
1141,hoc_cellular_energetics,No,No,1,No
1142,hoc_cellular_energetics,No,No,1,No
1143,hoc_cellular_energetics,No,No,1,No
1144,hoc_cellular_energetics,No,No,1,No
1145,hoc_cellular_energetics,No,No,1,No
1146,hoc_cellular_energetics,No,No,1,No
1147,hoc_cellular_energetics,No,No,1,No
1148,hoc_cellular_energetics,No,No,1,No
1149,hoc_cellular_energetics,No,No,1,No
1150,hoc_cellular_energetics,No,No,1,No
1151,hoc_cellular_energetics,No,No,1,No
1152,hoc_cellular_energetics,No,No,1,No
1153,hoc_cellular_energetics,No,No,1,No
1154,hoc_cellular_energetics,No,No,1,No
1155,hoc_cellular_energetics,No,No,1,No
1156,hoc_cellular_energetics,No,No,1,No
1157,hoc_cellular_energetics,No,No,1,No
1158,hoc_cellular_energetics,No,No,1,No
1159,hoc_cellular_energetics,Yes,Yes,1,Yes
1160,hoc_cellular_energetics,No,No,1,No
1161,hoc_cellular_energetics,No,No,1,No
1162,hoc_cellular_energetics,Yes,Yes,1,Yes
1163,hoc_cellular_energetics,No,No,1,No
1164,hoc_cellular_energetics,No,No,1,No
1165,hoc_cellular_energetics,No,No,1,No
1166,hoc_cellular_energetics,No,No,1,No
1167,hoc_cellular_energetics,No,No,1,No
1168,hoc_cellular_energetics,No,No,1,No
1169,hoc_cellular_energetics,No,No,1,No
1170,hoc_cellular_energetics,No,No,1,No
1171,hoc_cellular_energetics,No,No,1,No
1172,hoc_cellular_energetics,No,No,1,No
1173,hoc_cellular_energetics,No,No,1,No
1174,hoc_cellular_energetics,No,No,1,No
1175,hoc_cellular_energetics,No,No,1,No
1176,hoc_cellular_energetics,No,No,1,No
1177,hoc_cellular_energetics,No,Yes,0,Yes
1178,hoc_cellular_energetics,No,No,1,No
1179,hoc_cellular_energetics,No,No,1,No
1180,hoc_cellular_energetics,No,No,1,No
1181,hoc_cellular_energetics,No,No,1,No
1182,hoc_cellular_energetics,No,No,1,No
1183,hoc_cellular_energetics,No,No,1,No
1184,hoc_cellular_energetics,No,No,1,No
1185,hoc_cellular_energetics,No,Yes,0,Yes
1186,hoc_cellular_energetics,No,No,1,No
1187,hoc_cellular_energetics,No,No,1,No
1188,hoc_cellular_energetics,No,No,1,No
1189,hoc_cellular_energetics,No,No,1,No
1190,hoc_cellular_energetics,No,No,1,No
1191,hoc_cellular_energetics,No,Yes,0,Yes
1192,hoc_cellular_energetics,No,No,1,No
1193,hoc_cellular_energetics,No,No,1,No
1194,hoc_cellular_energetics,No,No,1,No
1195,hoc_cellular_energetics,No,No,1,No
1196,hoc_cellular_energetics,No,No,1,No
1197,hoc_cellular_energetics,No,No,1,No
1198,hoc_cellular_energetics,No,No,1,No
1199,hoc_cellular_energetics,No,No,1,No
1200,hoc_cellular_energetics,No,Yes,0,Yes
1201,hoc_cellular_energetics,No,No,1,No
1202,hoc_cellular_energetics,No,No,1,No
1203,hoc_cellular_energetics,No,No,1,No
1204,hoc_cellular_energetics,No,No,1,No
1205,hoc_cellular_energetics,No,No,1,No
1206,hoc_cellular_energetics,No,No,1,No
1207,hoc_cellular_energetics,No,No,1,No
1208,hoc_cellular_energetics,No,No,1,No
1209,hoc_cellular_energetics,No,No,1,No
1210,hoc_cellular_energetics,No,No,1,No
1211,hoc_cellular_energetics,No,No,1,No
1212,hoc_cellular_energetics,No,No,1,No
1213,hoc_cellular_energetics,No,No,1,No
1214,hoc_cellular_energetics,No,No,1,No
1215,hoc_cellular_energetics,No,No,1,No
1216,hoc_cellular_energetics,No,No,1,No
1217,hoc_cellular_energetics,No,No,1,No
1218,hoc_cellular_energetics,No,No,1,No
1219,hoc_cellular_energetics,No,No,1,No
1220,hoc_cellular_energetics,No,No,1,No
1221,hoc_cellular_energetics,No,No,1,No
1222,hoc_cellular_energetics,Yes,Yes,1,Yes
1223,hoc_cellular_energetics,No,No,1,No
1224,hoc_cellular_energetics,No,No,1,No
1225,hoc_cellular_energetics,No,No,1,No
1226,hoc_cellular_energetics,No,Yes,0,Yes
1227,hoc_cellular_energetics,No,No,1,No
1228,hoc_cellular_energetics,No,No,1,No
1229,hoc_cellular_energetics,No,No,1,No
1230,hoc_cellular_energetics,No,No,1,No
1231,hoc_cellular_energetics,No,No,1,No
1232,hoc_cellular_energetics,No,No,1,No
1233,hoc_cellular_energetics,No,No,1,No
1234,hoc_cellular_energetics,No,No,1,No
1235,hoc_cellular_energetics,No,No,1,No
1236,hoc_cellular_energetics,Yes,Yes,1,Yes
1237,hoc_cellular_energetics,No,No,1,No
1238,hoc_cellular_energetics,No,No,1,No
1239,hoc_cellular_energetics,No,No,1,No
1240,hoc_cellular_energetics,No,No,1,No
1241,hoc_cellular_energetics,No,No,1,No
1242,hoc_cellular_energetics,No,No,1,No
1243,hoc_cellular_energetics,No,No,1,No
1244,hoc_cellular_energetics,No,No,1,No
1245,hoc_cellular_energetics,No,No,1,No
1246,hoc_cellular_energetics,No,No,1,No
1247,hoc_cellular_energetics,No,No,1,No
1248,hoc_cellular_energetics,No,No,1,No
1249,hoc_cellular_energetics,Yes,Yes,1,Yes
1250,hoc_cellular_energetics,No,No,1,No
1251,hoc_cellular_energetics,No,No,1,No
1252,hoc_cellular_energetics,Yes,Yes,1,Yes
1253,hoc_cellular_energetics,No,No,1,No
1254,hoc_cellular_energetics,No,No,1,No
1255,hoc_cellular_energetics,No,No,1,No
1256,hoc_cellular_energetics,No,No,1,No
1257,hoc_cellular_energetics,No,No,1,No
1258,hoc_cellular_energetics,No,No,1,No
1259,hoc_cellular_energetics,No,No,1,No
1260,hoc_cellular_energetics,No,No,1,No
1261,hoc_cellular_energetics,No,No,1,No
1262,hoc_cellular_energetics,No,No,1,No
1263,hoc_cellular_energetics,No,No,1,No
1264,hoc_cellular_energetics,No,No,1,No
1265,hoc_cellular_energetics,No,No,1,No
1266,hoc_cellular_energetics,No,No,1,No
1267,hoc_cellular_energetics,No,No,1,No
1268,hoc_cellular_energetics,No,No,1,No
1269,hoc_cellular_energetics,No,No,1,No
1270,hoc_cellular_energetics,No,No,1,No
1271,hoc_cellular_energetics,No,No,1,No
1272,hoc_cellular_energetics,No,No,1,No
1273,hoc_cellular_energetics,No,No,1,No
1274,hoc_cellular_energetics,No,Yes,0,Yes
1275,hoc_cellular_energetics,No,No,1,No
1276,hoc_cellular_energetics,Yes,Yes,1,Yes
1277,hoc_cellular_energetics,No,No,1,No
1278,hoc_cellular_energetics,No,No,1,No
1279,hoc_cellular_energetics,No,No,1,No
1280,hoc_cellular_energetics,No,Yes,0,Yes
1281,hoc_cellular_energetics,No,No,1,No
1282,hoc_cellular_energetics,No,No,1,No
1283,hoc_cellular_energetics,No,No,1,No
1284,hoc_cellular_energetics,No,No,1,No
1285,hoc_cellular_energetics,No,Yes,0,Yes
1286,hoc_cellular_energetics,No,No,1,No
1287,hoc_cellular_energetics,No,No,1,No
1288,hoc_cellular_energetics,No,No,1,No
1289,hoc_cellular_energetics,No,No,1,No
1290,hoc_cellular_energetics,No,No,1,No
1291,hoc_cellular_energetics,No,No,1,No
1292,hoc_cellular_energetics,No,No,1,No
1293,hoc_cellular_energetics,No,No,1,No
1294,hoc_cellular_energetics,No,No,1,No
1295,hoc_cellular_energetics,No,No,1,No
1296,hoc_cellular_energetics,No,No,1,No
1297,hoc_cellular_energetics,No,No,1,No
1298,hoc_cellular_energetics,No,No,1,No
1299,hoc_cellular_energetics,No,No,1,No
1300,hoc_cellular_energetics,No,No,1,No
1301,hoc_cellular_energetics,No,No,1,No
1302,hoc_cellular_energetics,No,Yes,0,Yes
1303,hoc_cellular_energetics,No,No,1,No
1304,hoc_cellular_energetics,No,No,1,No
1305,hoc_cellular_energetics,No,No,1,No
1306,hoc_cellular_energetics,No,No,1,No
1307,hoc_cellular_energetics,No,No,1,No
1308,hoc_cellular_energetics,No,No,1,No
1309,hoc_cellular_energetics,No,No,1,No
1310,hoc_cellular_energetics,No,No,1,No
1311,hoc_cellular_energetics,No,No,1,No
1312,hoc_cellular_energetics,No,No,1,No
1313,hoc_cellular_energetics,No,No,1,No
1314,hoc_cellular_energetics,No,No,1,No
1315,hoc_cellular_energetics,No,No,1,No
1316,hoc_cellular_energetics,No,No,1,No
1317,hoc_cellular_energetics,No,No,1,No
1318,hoc_cellular_energetics,No,Yes,0,Yes
1319,hoc_cellular_energetics,No,No,1,No
1320,hoc_cellular_energetics,No,No,1,No
1321,hoc_cellular_energetics,No,No,1,No
1322,hoc_cellular_energetics,No,No,1,No
1323,hoc_cellular_energetics,No,No,1,No
1324,hoc_cellular_energetics,No,No,1,No
1325,hoc_cellular_energetics,No,No,1,No
1326,hoc_cellular_energetics,No,No,1,No
1327,hoc_cellular_energetics,No,No,1,No
1328,hoc_cellular_energetics,No,No,1,No
1329,hoc_cellular_energetics,No,No,1,No
1330,hoc_cellular_energetics,No,No,1,No
1331,hoc_cellular_energetics,No,No,1,No
1332,hoc_cellular_energetics,No,No,1,No
1333,hoc_cellular_energetics,No,No,1,No
1334,hoc_cellular_energetics,No,No,1,No
1335,hoc_cellular_energetics,No,No,1,No
1336,hoc_cellular_energetics,No,No,1,No
1337,hoc_cellular_energetics,No,No,1,No
1338,hoc_cellular_energetics,No,No,1,No
1339,hoc_cellular_energetics,No,No,1,No
1340,hoc_cellular_energetics,No,No,1,No
1341,hoc_cellular_energetics,Yes,Yes,1,Yes
1342,hoc_cellular_energetics,No,No,1,No
1343,hoc_cellular_energetics,No,No,1,No
1344,hoc_cellular_energetics,No,No,1,No
1345,hoc_cellular_energetics,No,No,1,No
1346,hoc_cellular_energetics,No,No,1,No
1347,hoc_cellular_energetics,No,No,1,No
1348,hoc_cellular_energetics,No,No,1,No
1349,hoc_cellular_energetics,No,Yes,0,Yes
1350,hoc_cellular_energetics,No,No,1,No
1351,hoc_cellular_energetics,No,No,1,No
1352,hoc_cellular_energetics,No,No,1,No
1353,hoc_cellular_energetics,No,No,1,No
1354,hoc_cellular_energetics,No,No,1,No
1355,hoc_cellular_energetics,No,No,1,No
1356,hoc_cellular_energetics,No,No,1,No
1357,hoc_cellular_energetics,No,No,1,No
1358,hoc_cellular_energetics,No,No,1,No
1359,hoc_cellular_energetics,No,No,1,No
1360,hoc_cellular_energetics,No,No,1,No
1361,hoc_cellular_energetics,No,No,1,No
1362,hoc_cellular_energetics,No,No,1,No
1363,hoc_cellular_energetics,No,No,1,No
1364,hoc_cellular_energetics,No,No,1,No
1365,hoc_cellular_energetics,No,No,1,No
1366,hoc_cellular_energetics,No,No,1,No
1367,hoc_cellular_energetics,No,No,1,No
1368,hoc_cellular_energetics,No,No,1,No
1369,hoc_cellular_energetics,No,No,1,No
1370,hoc_cellular_energetics,No,No,1,No
1371,hoc_cellular_energetics,No,No,1,No
1372,hoc_cellular_energetics,No,No,1,No
1373,hoc_cellular_energetics,No,No,1,No
1374,hoc_cellular_energetics,No,No,1,No
1375,hoc_cellular_energetics,No,No,1,No
1376,hoc_cellular_energetics,No,No,1,No
1377,hoc_cellular_energetics,No,No,1,No
1378,hoc_cellular_energetics,No,No,1,No
1379,hoc_cellular_energetics,No,No,1,No
1380,hoc_cellular_energetics,No,No,1,No
1381,hoc_cellular_energetics,No,No,1,No
1382,hoc_cellular_energetics,No,No,1,No
1383,hoc_cellular_energetics,No,No,1,No
1384,hoc_cellular_energetics,No,No,1,No
1385,hoc_cellular_energetics,No,No,1,No
1386,hoc_cellular_energetics,No,No,1,No
1387,hoc_cellular_energetics,No,No,1,No
1388,hoc_cellular_energetics,No,No,1,No
1389,hoc_cellular_energetics,No,No,1,No
1390,hoc_cellular_energetics,No,No,1,No
1391,hoc_cellular_energetics,No,No,1,No
1392,hoc_cellular_energetics,No,No,1,No
1393,hoc_cellular_energetics,No,No,1,No
1394,hoc_cellular_energetics,No,No,1,No
1395,hoc_cellular_energetics,No,No,1,No
1396,hoc_cellular_energetics,No,No,1,No
1397,hoc_cellular_energetics,No,No,1,No
1398,hoc_cellular_energetics,No,No,1,No
1399,hoc_cellular_energetics,No,Yes,0,Yes
1400,hoc_cellular_energetics,No,No,1,No
1401,hoc_cellular_energetics,No,No,1,No
1402,hoc_cellular_energetics,No,No,1,No
1403,hoc_cellular_energetics,No,Yes,0,Yes
1404,hoc_cellular_energetics,No,No,1,No
1405,hoc_cellular_energetics,No,No,1,No
1406,hoc_cellular_energetics,No,No,1,No
1407,hoc_cellular_energetics,No,No,1,No
1408,hoc_cellular_energetics,No,No,1,No
1409,hoc_cellular_energetics,No,No,1,No
1410,hoc_cellular_energetics,No,No,1,No
1411,hoc_cellular_energetics,No,No,1,No
1412,hoc_cellular_energetics,No,Yes,0,Yes
1413,hoc_cellular_energetics,No,No,1,No
1414,hoc_cellular_energetics,No,No,1,No
1415,hoc_cellular_energetics,No,No,1,No
1416,hoc_cellular_energetics,No,No,1,No
1417,hoc_cellular_energetics,No,No,1,No
1418,hoc_cellular_energetics,Yes,Yes,1,Yes
1419,hoc_cellular_energetics,No,No,1,No
1420,hoc_cellular_energetics,No,No,1,No
1421,hoc_cellular_energetics,No,No,1,No
1422,hoc_cellular_energetics,No,No,1,No
1423,hoc_cellular_energetics,No,No,1,No
1424,hoc_cellular_energetics,No,Yes,0,Yes
1425,hoc_cellular_energetics,No,No,1,No
1426,hoc_cellular_energetics,No,No,1,No
1427,hoc_cellular_energetics,Yes,Yes,1,Yes
1428,hoc_cellular_energetics,No,No,1,No
1429,hoc_cellular_energetics,No,No,1,No
1430,hoc_cellular_energetics,No,Yes,0,Yes
1431,hoc_cellular_energetics,No,No,1,No
1432,hoc_cellular_energetics,No,No,1,No
1433,hoc_cellular_energetics,No,No,1,No
1434,hoc_cellular_energetics,No,No,1,No
1435,hoc_cellular_energetics,No,No,1,No
1436,hoc_cellular_energetics,No,No,1,No
1437,hoc_cellular_energetics,No,No,1,No
1438,hoc_cellular_energetics,No,No,1,No
1439,hoc_cellular_energetics,No,No,1,No
1440,hoc_cellular_energetics,No,No,1,No
1441,hoc_cellular_energetics,Yes,Yes,1,Yes
1442,hoc_cellular_energetics,No,No,1,No
1443,hoc_cellular_energetics,No,No,1,No
1444,hoc_cellular_energetics,No,No,1,No
1445,hoc_cellular_energetics,No,No,1,No
1446,hoc_cellular_energetics,No,No,1,No
1447,hoc_cellular_energetics,No,No,1,No
1448,hoc_cellular_energetics,No,No,1,No
1449,hoc_cellular_energetics,No,No,1,No
1450,hoc_cellular_energetics,No,No,1,No
1451,hoc_cellular_energetics,No,No,1,No
1452,hoc_cellular_energetics,No,No,1,No
1453,hoc_cellular_energetics,No,No,1,No
1454,hoc_cellular_energetics,No,No,1,No
1455,hoc_cellular_energetics,No,No,1,No
1456,hoc_cellular_energetics,No,No,1,No
1457,hoc_cellular_energetics,No,No,1,No
1458,hoc_cellular_energetics,No,No,1,No
1459,hoc_cellular_energetics,No,No,1,No
1460,hoc_cellular_energetics,No,No,1,No
1461,hoc_cellular_energetics,No,No,1,No
1462,hoc_cellular_energetics,No,Yes,0,Yes
1463,hoc_cellular_energetics,No,No,1,No
1464,hoc_cellular_energetics,No,No,1,No
1465,hoc_cellular_energetics,No,No,1,No
1466,hoc_cellular_energetics,No,No,1,No
1467,hoc_cellular_energetics,No,No,1,No
1468,hoc_cellular_energetics,No,No,1,No
1469,hoc_cellular_energetics,No,No,1,No
1470,hoc_cellular_energetics,No,No,1,No
1471,hoc_cellular_energetics,No,No,1,No
1472,hoc_cellular_energetics,No,No,1,No
1473,hoc_cellular_energetics,No,No,1,No
1474,hoc_cellular_energetics,No,No,1,No
1475,hoc_cellular_energetics,No,No,1,No
1476,hoc_cellular_energetics,No,No,1,No
1477,hoc_cellular_energetics,No,No,1,No
1478,hoc_cellular_energetics,No,No,1,No
1479,hoc_cellular_energetics,No,No,1,No
1480,hoc_cellular_energetics,No,No,1,No
1481,hoc_cellular_energetics,No,No,1,No
1482,hoc_cellular_energetics,No,No,1,No
1483,hoc_cellular_energetics,Yes,Yes,1,Yes
1484,hoc_cellular_energetics,No,No,1,No
1485,hoc_cellular_energetics,No,Yes,0,Yes
1486,hoc_cellular_energetics,No,No,1,No
1487,hoc_cellular_energetics,No,No,1,No
1488,hoc_cellular_energetics,No,No,1,No
1489,hoc_cellular_energetics,No,No,1,No
1490,hoc_cellular_energetics,No,No,1,No
1491,hoc_cellular_energetics,No,No,1,No
1492,hoc_cellular_energetics,No,No,1,No
1493,hoc_cellular_energetics,No,No,1,No
1494,hoc_cellular_energetics,No,No,1,No
1495,hoc_cellular_energetics,No,No,1,No
1496,hoc_cellular_energetics,No,No,1,No
1497,hoc_cellular_energetics,No,No,1,No
1498,hoc_cellular_energetics,No,No,1,No
1499,hoc_cellular_energetics,No,No,1,No
1500,hoc_cellular_energetics,No,No,1,No
1501,hoc_cellular_energetics,No,No,1,No
1502,hoc_cellular_energetics,No,No,1,No
1503,hoc_cellular_energetics,No,No,1,No
1504,hoc_cellular_energetics,No,No,1,No
1505,hoc_cellular_energetics,No,No,1,No
1506,hoc_cellular_energetics,No,No,1,No
1507,hoc_cellular_energetics,No,No,1,No
1508,hoc_cellular_energetics,No,No,1,No
1509,hoc_cellular_energetics,No,No,1,No
1510,hoc_cellular_energetics,No,No,1,No
1511,hoc_cellular_energetics,No,No,1,No
1512,hoc_cellular_energetics,No,Yes,0,Yes
1513,hoc_cellular_energetics,No,No,1,No
1514,hoc_cellular_energetics,No,No,1,No
1515,hoc_cellular_energetics,No,No,1,No
1516,hoc_cellular_energetics,No,Yes,0,Yes
1517,hoc_cellular_energetics,No,No,1,No
1518,hoc_cellular_energetics,No,No,1,No
1519,hoc_cellular_energetics,No,No,1,No
1520,hoc_cellular_energetics,No,No,1,No
1521,hoc_cellular_energetics,No,No,1,No
1522,hoc_cellular_energetics,No,No,1,No
1523,hoc_cellular_energetics,No,No,1,No
1524,hoc_cellular_energetics,No,No,1,No
1525,hoc_cellular_energetics,No,Yes,0,Yes
1526,hoc_cellular_energetics,No,No,1,No
1527,hoc_cellular_energetics,No,No,1,No
1528,hoc_cellular_energetics,No,No,1,No
1529,hoc_cellular_energetics,No,No,1,No
1530,hoc_cellular_energetics,No,Yes,0,Yes
1531,hoc_cellular_energetics,No,No,1,No
1532,hoc_cellular_energetics,No,No,1,No
1533,hoc_cellular_energetics,No,No,1,No
1534,hoc_cellular_energetics,No,No,1,No
1535,hoc_cellular_energetics,No,Yes,0,Yes
1536,hoc_cellular_energetics,Yes,Yes,1,Yes
1537,hoc_cellular_energetics,No,No,1,No
1538,hoc_cellular_energetics,No,No,1,No
1539,hoc_cellular_energetics,No,No,1,No
1540,hoc_cellular_energetics,No,No,1,No
1541,hoc_cellular_energetics,No,No,1,No
1542,hoc_cellular_energetics,No,No,1,No
1543,hoc_cellular_energetics,No,No,1,No
1544,hoc_cellular_energetics,No,No,1,No
1545,hoc_cellular_energetics,No,No,1,No
1546,hoc_cellular_energetics,No,No,1,No
1547,hoc_cellular_energetics,No,No,1,No
1548,hoc_cellular_energetics,No,No,1,No
1549,hoc_cellular_energetics,No,No,1,No
1550,hoc_cellular_energetics,No,Yes,0,Yes
1551,hoc_cellular_energetics,No,No,1,No
1552,hoc_cellular_energetics,No,No,1,No
1553,hoc_cellular_energetics,No,No,1,No
1554,hoc_cellular_energetics,No,No,1,No
1555,hoc_cellular_energetics,No,No,1,No
1556,hoc_cellular_energetics,No,No,1,No
1557,hoc_cellular_energetics,No,No,1,No
1558,hoc_cellular_energetics,No,No,1,No
1559,hoc_cellular_energetics,No,No,1,No
1560,hoc_cellular_energetics,No,No,1,No
1561,hoc_cellular_energetics,No,No,1,No
1562,hoc_cellular_energetics,No,No,1,No
1563,hoc_cellular_energetics,No,No,1,No
1564,hoc_cellular_energetics,No,No,1,No
1565,hoc_cellular_energetics,No,No,1,No
1566,hoc_cellular_energetics,No,Yes,0,Yes
1567,hoc_cellular_energetics,No,No,1,No
1568,hoc_cellular_energetics,No,No,1,No
1569,hoc_cellular_energetics,No,No,1,No
1570,hoc_cellular_energetics,No,No,1,No
1571,hoc_cellular_energetics,Yes,Yes,1,Yes
1572,hoc_cellular_energetics,No,No,1,No
1573,hoc_cellular_energetics,No,No,1,No
1574,hoc_cellular_energetics,No,No,1,No
1575,hoc_cellular_energetics,No,No,1,No
1576,hoc_cellular_energetics,No,No,1,No
1577,hoc_cellular_energetics,No,No,1,No
1578,hoc_cellular_energetics,No,No,1,No
1579,hoc_cellular_energetics,No,No,1,No
1580,hoc_cellular_energetics,No,No,1,No
1581,hoc_cellular_energetics,No,No,1,No
1582,hoc_cellular_energetics,No,No,1,No
1583,hoc_cellular_energetics,No,No,1,No
1584,hoc_cellular_energetics,No,No,1,No
1585,hoc_cellular_energetics,No,No,1,No
1586,hoc_cellular_energetics,No,No,1,No
1587,hoc_cellular_energetics,No,No,1,No
1588,hoc_cellular_energetics,No,No,1,No
1589,hoc_cellular_energetics,No,No,1,No
1590,hoc_cellular_energetics,No,No,1,No
1591,hoc_cellular_energetics,No,No,1,No
1592,hoc_cellular_energetics,No,No,1,No
1593,hoc_cellular_energetics,No,No,1,No
1594,hoc_cellular_energetics,No,No,1,No
1595,hoc_cellular_energetics,No,No,1,No
1596,hoc_cellular_energetics,No,No,1,No
1597,hoc_cellular_energetics,No,No,1,No
1598,hoc_cellular_energetics,Yes,Yes,1,Yes
1599,hoc_cellular_energetics,No,No,1,No
1600,hoc_cellular_energetics,No,No,1,No
1601,hoc_cellular_energetics,No,No,1,No
1602,hoc_cellular_energetics,No,No,1,No
1603,hoc_cellular_energetics,No,No,1,No
1604,hoc_cellular_energetics,No,No,1,No
1605,hoc_cellular_energetics,No,No,1,No
1606,hoc_cellular_energetics,No,No,1,No
1607,hoc_cellular_energetics,No,No,1,No
1608,hoc_cellular_energetics,No,No,1,No
1609,hoc_cellular_energetics,No,No,1,No
1610,hoc_cellular_energetics,No,No,1,No
1611,hoc_cellular_energetics,No,Yes,0,Yes
1612,hoc_cellular_energetics,No,No,1,No
1613,hoc_cellular_energetics,No,No,1,No
1614,hoc_cellular_energetics,No,No,1,No
1615,hoc_cellular_energetics,No,No,1,No
1616,hoc_cellular_energetics,Yes,Yes,1,Yes
1617,hoc_cellular_energetics,No,No,1,No
1618,hoc_cellular_energetics,No,No,1,No
1619,hoc_cellular_energetics,No,No,1,No
1620,hoc_cellular_energetics,No,No,1,No
1621,hoc_cellular_energetics,No,No,1,No
1622,hoc_cellular_energetics,No,No,1,No
1623,hoc_cellular_energetics,No,No,1,No
1624,hoc_cellular_energetics,No,No,1,No
1625,hoc_cellular_energetics,No,No,1,No
1626,hoc_cellular_energetics,No,Yes,0,Yes
1627,hoc_cellular_energetics,No,No,1,No
1628,hoc_cellular_energetics,No,No,1,No
1629,hoc_cellular_energetics,Yes,Yes,1,Yes
1630,hoc_cellular_energetics,No,No,1,No
1631,hoc_cellular_energetics,No,No,1,No
1632,hoc_cellular_energetics,No,No,1,No
1633,hoc_cellular_energetics,No,No,1,No
1634,hoc_cellular_energetics,No,No,1,No
1635,hoc_cellular_energetics,No,No,1,No
1636,hoc_cellular_energetics,No,No,1,No
1637,hoc_cellular_energetics,No,No,1,No
1638,hoc_cellular_energetics,No,No,1,No
1639,hoc_cellular_energetics,No,No,1,No
1640,hoc_cellular_energetics,No,No,1,No
1641,hoc_cellular_energetics,No,No,1,No
1642,hoc_cellular_energetics,No,No,1,No
1643,hoc_cellular_energetics,No,No,1,No
1644,hoc_cellular_energetics,No,No,1,No
1645,hoc_cellular_energetics,No,No,1,No
1646,hoc_cellular_energetics,No,No,1,No
1647,hoc_cellular_energetics,No,No,1,No
1648,hoc_cellular_energetics,No,No,1,No
1649,hoc_cellular_energetics,No,No,1,No
1650,hoc_cellular_energetics,No,No,1,No
1651,hoc_cellular_energetics,No,Yes,0,Yes
1652,hoc_cellular_energetics,No,No,1,No
1653,hoc_cellular_energetics,Yes,Yes,1,Yes
1654,hoc_cellular_energetics,No,No,1,No
1655,hoc_cellular_energetics,No,Yes,0,Yes
1656,hoc_cellular_energetics,No,No,1,No
1657,hoc_cellular_energetics,No,No,1,No
1658,hoc_cellular_energetics,No,No,1,No
1659,hoc_cellular_energetics,No,No,1,No
1660,hoc_cellular_energetics,No,Yes,0,Yes
1661,hoc_cellular_energetics,No,No,1,No
1662,hoc_cellular_energetics,No,No,1,No
1663,hoc_cellular_energetics,No,No,1,No
1664,hoc_cellular_energetics,No,No,1,No
1665,hoc_cellular_energetics,No,No,1,No
1666,hoc_cellular_energetics,No,No,1,No
1667,hoc_cellular_energetics,No,No,1,No
1668,hoc_cellular_energetics,No,No,1,No
1669,hoc_cellular_energetics,No,No,1,No
1670,hoc_cellular_energetics,No,No,1,No
1671,hoc_cellular_energetics,No,No,1,No
1672,hoc_cellular_energetics,No,No,1,No
1673,hoc_cellular_energetics,No,No,1,No
1674,hoc_cellular_energetics,No,No,1,No
1675,hoc_cellular_energetics,No,No,1,No
1676,hoc_cellular_energetics,No,No,1,No
1677,hoc_cellular_energetics,No,No,1,No
1678,hoc_cellular_energetics,No,No,1,No
1679,hoc_cellular_energetics,No,No,1,No
1680,hoc_cellular_energetics,No,No,1,No
1681,hoc_cellular_energetics,No,No,1,No
1682,hoc_cellular_energetics,No,No,1,No
1683,hoc_cellular_energetics,No,No,1,No
1684,hoc_cellular_energetics,No,No,1,No
1685,hoc_cellular_energetics,No,No,1,No
1686,hoc_cellular_energetics,No,No,1,No
1687,hoc_cellular_energetics,No,No,1,No
1688,hoc_cellular_energetics,No,No,1,No
1689,hoc_cellular_energetics,No,Yes,0,Yes
1690,hoc_cellular_energetics,No,No,1,No
1691,hoc_cellular_energetics,No,No,1,No
1692,hoc_cellular_energetics,No,No,1,No
1693,hoc_cellular_energetics,No,No,1,No
1694,hoc_cellular_energetics,No,No,1,No
1695,hoc_cellular_energetics,No,No,1,No
1696,hoc_cellular_energetics,No,Yes,0,Yes
1697,hoc_cellular_energetics,No,No,1,No
1698,hoc_cellular_energetics,No,No,1,No
1699,hoc_cellular_energetics,No,No,1,No
1700,hoc_cellular_energetics,No,No,1,No
1701,hoc_cellular_energetics,No,No,1,No
1702,hoc_cellular_energetics,No,No,1,No
1703,hoc_cellular_energetics,No,No,1,No
1704,hoc_cellular_energetics,No,No,1,No
1705,hoc_cellular_energetics,No,No,1,No
1706,hoc_cellular_energetics,Yes,Yes,1,Yes
1707,hoc_cellular_energetics,No,No,1,No
1708,hoc_cellular_energetics,No,No,1,No
1709,hoc_cellular_energetics,No,Yes,0,Yes
1710,hoc_cellular_energetics,No,No,1,No
1711,hoc_cellular_energetics,No,No,1,No
1712,hoc_cellular_energetics,No,No,1,No
1713,hoc_cellular_energetics,No,No,1,No
1714,hoc_cellular_energetics,No,No,1,No
1715,hoc_cellular_energetics,No,Yes,0,Yes
1716,hoc_cellular_energetics,No,No,1,No
1717,hoc_cellular_energetics,No,No,1,No
1718,hoc_cellular_energetics,No,No,1,No
1719,hoc_cellular_energetics,No,No,1,No
1720,hoc_cellular_energetics,No,No,1,No
1721,hoc_cellular_energetics,No,No,1,No
1722,hoc_cellular_energetics,No,No,1,No
1723,hoc_cellular_energetics,No,No,1,No
1724,hoc_cellular_energetics,No,No,1,No
1725,hoc_cellular_energetics,No,No,1,No
1726,hoc_cellular_energetics,No,No,1,No
1727,hoc_cellular_energetics,No,No,1,No
1728,hoc_cellular_energetics,No,No,1,No
1729,hoc_cellular_energetics,No,No,1,No
1730,hoc_cellular_energetics,No,No,1,No
1731,hoc_cellular_energetics,No,No,1,No
1732,hoc_cellular_energetics,No,No,1,No
1733,hoc_cellular_energetics,No,No,1,No
1734,hoc_cellular_energetics,No,No,1,No
1735,hoc_cellular_energetics,No,No,1,No
1736,hoc_cellular_energetics,No,No,1,No
1737,hoc_cellular_energetics,No,No,1,No
1738,hoc_cellular_energetics,No,No,1,No
1739,hoc_cellular_energetics,No,No,1,No
1740,hoc_cellular_energetics,No,No,1,No
1741,hoc_cellular_energetics,No,Yes,0,Yes
1742,hoc_cellular_energetics,No,No,1,No
1743,hoc_cellular_energetics,Yes,Yes,1,Yes
1744,hoc_cellular_energetics,No,No,1,No
1745,hoc_cellular_energetics,No,No,1,No
1746,hoc_cellular_energetics,No,No,1,No
1747,hoc_cellular_energetics,No,No,1,No
1748,hoc_cellular_energetics,No,No,1,No
1749,hoc_cellular_energetics,No,Yes,0,Yes
1750,hoc_cellular_energetics,No,Yes,0,Yes
1751,hoc_cellular_energetics,No,No,1,No
1752,hoc_cellular_energetics,No,No,1,No
1753,hoc_cellular_energetics,No,No,1,No
1754,hoc_cellular_energetics,No,No,1,No
1755,hoc_cellular_energetics,No,Yes,0,Yes
1756,hoc_cellular_energetics,No,No,1,No
1757,hoc_cellular_energetics,No,No,1,No
1758,hoc_cellular_energetics,No,No,1,No
1759,hoc_cellular_energetics,No,No,1,No
1760,hoc_cellular_energetics,No,No,1,No
1761,hoc_cellular_energetics,No,No,1,No
1762,hoc_cellular_energetics,No,No,1,No
1763,hoc_cellular_energetics,No,No,1,No
1764,hoc_cellular_energetics,No,No,1,No
1765,hoc_cellular_energetics,No,No,1,No
1766,hoc_cellular_energetics,No,No,1,No
1767,hoc_cellular_energetics,No,No,1,No
1768,hoc_cellular_energetics,No,No,1,No
1769,hoc_cellular_energetics,No,No,1,No
1770,hoc_cellular_energetics,No,No,1,No
1771,hoc_cellular_energetics,No,No,1,No
1772,hoc_cellular_energetics,No,No,1,No
1773,hoc_cellular_energetics,No,No,1,No
1774,hoc_cellular_energetics,No,No,1,No
1775,hoc_cellular_energetics,No,No,1,No
1776,hoc_cellular_energetics,No,Yes,0,Yes
1777,hoc_cellular_energetics,No,No,1,No
1778,hoc_cellular_energetics,No,No,1,No
1779,hoc_cellular_energetics,No,No,1,No
1780,hoc_cellular_energetics,No,No,1,No
1781,hoc_cellular_energetics,No,No,1,No
1782,hoc_cellular_energetics,No,No,1,No
1783,hoc_cellular_energetics,No,No,1,No
1784,hoc_cellular_energetics,No,No,1,No
1785,hoc_cellular_energetics,No,No,1,No
1786,hoc_cellular_energetics,No,No,1,No
1787,hoc_cellular_energetics,No,No,1,No
1788,hoc_cellular_energetics,No,No,1,No
1789,hoc_cellular_energetics,No,No,1,No
1790,hoc_cellular_energetics,No,No,1,No
1791,hoc_cellular_energetics,No,No,1,No
1792,hoc_cellular_energetics,No,No,1,No
1793,hoc_cellular_energetics,No,No,1,No
1794,hoc_cellular_energetics,No,No,1,No
1795,hoc_cellular_energetics,No,No,1,No
1796,hoc_cellular_energetics,No,No,1,No
1797,hoc_cellular_energetics,No,No,1,No
1798,hoc_cellular_energetics,No,No,1,No
1799,hoc_cellular_energetics,No,No,1,No
1800,hoc_cellular_energetics,No,No,1,No
1801,hoc_cellular_energetics,No,No,1,No
1802,hoc_cellular_energetics,No,No,1,No
1803,hoc_cellular_energetics,No,No,1,No
1804,hoc_cellular_energetics,No,No,1,No
1805,hoc_cellular_energetics,No,No,1,No
1806,hoc_cellular_energetics,No,No,1,No
1807,hoc_cellular_energetics,No,No,1,No
1808,hoc_cellular_energetics,No,No,1,No
1809,hoc_cellular_energetics,No,No,1,No
1810,hoc_cellular_energetics,Yes,Yes,1,Yes
1811,hoc_cellular_energetics,No,No,1,No
1812,hoc_cellular_energetics,No,No,1,No
1813,hoc_cellular_energetics,No,No,1,No
1814,hoc_cellular_energetics,Yes,Yes,1,Yes
1815,hoc_cellular_energetics,No,No,1,No
1816,hoc_cellular_energetics,No,No,1,No
1817,hoc_cellular_energetics,Yes,No,0,No
1818,hoc_cellular_energetics,No,No,1,No
1819,hoc_cellular_energetics,No,No,1,No
1820,hoc_cellular_energetics,Yes,Yes,1,Yes
1821,hoc_cellular_energetics,Yes,Yes,1,Yes
1822,hoc_cellular_energetics,No,No,1,No
1823,hoc_cellular_energetics,No,Yes,0,Yes
1824,hoc_cellular_energetics,No,No,1,No
1825,hoc_cellular_energetics,No,No,1,No
1826,hoc_cellular_energetics,No,No,1,No
1827,hoc_cellular_energetics,No,No,1,No
1828,hoc_cellular_energetics,No,No,1,No
1829,hoc_cellular_energetics,No,No,1,No
1830,hoc_cellular_energetics,Yes,Yes,1,Yes
1831,hoc_cellular_energetics,Yes,Yes,1,Yes
1832,hoc_cellular_energetics,Yes,Yes,1,Yes
1833,hoc_cellular_energetics,No,No,1,No
1834,hoc_cellular_energetics,Yes,Yes,1,Yes
1835,hoc_cellular_energetics,Yes,Yes,1,Yes
1836,hoc_cellular_energetics,Yes,Yes,1,Yes
1837,hoc_cellular_energetics,Yes,Yes,1,Yes
1838,hoc_cellular_energetics,Yes,Yes,1,Yes
1839,hoc_cellular_energetics,No,Yes,0,Yes
1840,hoc_cellular_energetics,Yes,Yes,1,Yes
1841,hoc_cellular_energetics,No,No,1,No
1842,hoc_cellular_energetics,Yes,Yes,1,Yes
1843,hoc_cellular_energetics,Yes,Yes,1,Yes
1844,hoc_cellular_energetics,No,No,1,No
1845,hoc_cellular_energetics,Yes,Yes,1,Yes
1846,hoc_cellular_energetics,No,No,1,No
1847,hoc_cellular_energetics,Yes,Yes,1,Yes
1848,hoc_cellular_energetics,Yes,Yes,1,Yes
1849,hoc_cellular_energetics,Yes,Yes,1,Yes
1850,hoc_cellular_energetics,Yes,Yes,1,Yes
1851,hoc_cellular_energetics,Yes,Yes,1,Yes
0,hoc_enabling_replicative_immortality,No,No,1,No
1,hoc_enabling_replicative_immortality,No,No,1,No
2,hoc_enabling_replicative_immortality,No,No,1,No
3,hoc_enabling_replicative_immortality,No,No,1,No
4,hoc_enabling_replicative_immortality,No,No,1,No
5,hoc_enabling_replicative_immortality,No,No,1,No
6,hoc_enabling_replicative_immortality,No,No,1,No
7,hoc_enabling_replicative_immortality,Yes,Yes,1,Yes
8,hoc_enabling_replicative_immortality,No,No,1,No
9,hoc_enabling_replicative_immortality,Yes,No,0,No
10,hoc_enabling_replicative_immortality,Yes,Yes,1,Yes
11,hoc_enabling_replicative_immortality,No,No,1,No
12,hoc_enabling_replicative_immortality,No,No,1,No
13,hoc_enabling_replicative_immortality,Yes,No,0,No
14,hoc_enabling_replicative_immortality,Yes,Yes,1,Yes
15,hoc_enabling_replicative_immortality,No,No,1,No
16,hoc_enabling_replicative_immortality,No,No,1,No
17,hoc_enabling_replicative_immortality,Yes,No,0,No
18,hoc_enabling_replicative_immortality,No,No,1,No
19,hoc_enabling_replicative_immortality,No,No,1,No
20,hoc_enabling_replicative_immortality,No,No,1,No
21,hoc_enabling_replicative_immortality,Yes,No,0,No
22,hoc_enabling_replicative_immortality,Yes,Yes,1,Yes
23,hoc_enabling_replicative_immortality,No,No,1,No
24,hoc_enabling_replicative_immortality,No,No,1,No
25,hoc_enabling_replicative_immortality,No,No,1,No
26,hoc_enabling_replicative_immortality,Yes,Yes,1,Yes
27,hoc_enabling_replicative_immortality,No,No,1,No
28,hoc_enabling_replicative_immortality,No,No,1,No
29,hoc_enabling_replicative_immortality,No,Yes,0,Yes
30,hoc_enabling_replicative_immortality,No,No,1,No
31,hoc_enabling_replicative_immortality,Yes,No,0,No
32,hoc_enabling_replicative_immortality,Yes,Yes,1,Yes
33,hoc_enabling_replicative_immortality,No,No,1,No
34,hoc_enabling_replicative_immortality,No,No,1,No
35,hoc_enabling_replicative_immortality,No,No,1,No
36,hoc_enabling_replicative_immortality,Yes,Yes,1,Yes
37,hoc_enabling_replicative_immortality,No,No,1,No
38,hoc_enabling_replicative_immortality,Yes,No,0,No
39,hoc_enabling_replicative_immortality,No,No,1,No
40,hoc_enabling_replicative_immortality,Yes,No,0,No
41,hoc_enabling_replicative_immortality,No,No,1,No
42,hoc_enabling_replicative_immortality,No,No,1,No
43,hoc_enabling_replicative_immortality,No,No,1,No
44,hoc_enabling_replicative_immortality,No,No,1,No
45,hoc_enabling_replicative_immortality,Yes,No,0,No
46,hoc_enabling_replicative_immortality,Yes,No,0,No
47,hoc_enabling_replicative_immortality,No,No,1,No
48,hoc_enabling_replicative_immortality,No,No,1,No
49,hoc_enabling_replicative_immortality,Yes,Yes,1,Yes
50,hoc_enabling_replicative_immortality,Yes,Yes,1,Yes
51,hoc_enabling_replicative_immortality,No,No,1,No
52,hoc_enabling_replicative_immortality,No,No,1,No
53,hoc_enabling_replicative_immortality,Yes,No,0,No
54,hoc_enabling_replicative_immortality,No,No,1,No
55,hoc_enabling_replicative_immortality,Yes,Yes,1,Yes
56,hoc_enabling_replicative_immortality,No,Yes,0,Yes
57,hoc_enabling_replicative_immortality,No,No,1,No
58,hoc_enabling_replicative_immortality,No,No,1,No
59,hoc_enabling_replicative_immortality,No,No,1,No
60,hoc_enabling_replicative_immortality,No,No,1,No
61,hoc_enabling_replicative_immortality,No,No,1,No
62,hoc_enabling_replicative_immortality,No,No,1,No
63,hoc_enabling_replicative_immortality,No,No,1,No
64,hoc_enabling_replicative_immortality,Yes,No,0,No
65,hoc_enabling_replicative_immortality,Yes,Yes,1,Yes
66,hoc_enabling_replicative_immortality,No,No,1,No
67,hoc_enabling_replicative_immortality,Yes,Yes,1,Yes
68,hoc_enabling_replicative_immortality,No,No,1,No
69,hoc_enabling_replicative_immortality,No,No,1,No
70,hoc_enabling_replicative_immortality,No,No,1,No
71,hoc_enabling_replicative_immortality,No,No,1,No
72,hoc_enabling_replicative_immortality,No,No,1,No
73,hoc_enabling_replicative_immortality,No,No,1,No
74,hoc_enabling_replicative_immortality,No,No,1,No
75,hoc_enabling_replicative_immortality,Yes,No,0,No
76,hoc_enabling_replicative_immortality,No,No,1,No
77,hoc_enabling_replicative_immortality,No,No,1,No
78,hoc_enabling_replicative_immortality,No,No,1,No
79,hoc_enabling_replicative_immortality,No,No,1,No
80,hoc_enabling_replicative_immortality,No,No,1,No
81,hoc_enabling_replicative_immortality,No,No,1,No
82,hoc_enabling_replicative_immortality,No,No,1,No
83,hoc_enabling_replicative_immortality,No,No,1,No
84,hoc_enabling_replicative_immortality,No,Yes,0,Yes
85,hoc_enabling_replicative_immortality,No,No,1,No
86,hoc_enabling_replicative_immortality,No,No,1,No
87,hoc_enabling_replicative_immortality,No,No,1,No
88,hoc_enabling_replicative_immortality,No,No,1,No
89,hoc_enabling_replicative_immortality,No,No,1,No
90,hoc_enabling_replicative_immortality,No,No,1,No
91,hoc_enabling_replicative_immortality,No,No,1,No
92,hoc_enabling_replicative_immortality,No,No,1,No
93,hoc_enabling_replicative_immortality,No,No,1,No
94,hoc_enabling_replicative_immortality,No,No,1,No
95,hoc_enabling_replicative_immortality,No,No,1,No
96,hoc_enabling_replicative_immortality,No,No,1,No
97,hoc_enabling_replicative_immortality,No,No,1,No
98,hoc_enabling_replicative_immortality,No,No,1,No
99,hoc_enabling_replicative_immortality,No,No,1,No
100,hoc_enabling_replicative_immortality,Yes,No,0,No
101,hoc_enabling_replicative_immortality,No,No,1,No
102,hoc_enabling_replicative_immortality,No,No,1,No
103,hoc_enabling_replicative_immortality,Yes,Yes,1,Yes
104,hoc_enabling_replicative_immortality,No,Yes,0,Yes
105,hoc_enabling_replicative_immortality,Yes,Yes,1,Yes
106,hoc_enabling_replicative_immortality,No,No,1,No
107,hoc_enabling_replicative_immortality,No,No,1,No
108,hoc_enabling_replicative_immortality,No,No,1,No
109,hoc_enabling_replicative_immortality,No,No,1,No
110,hoc_enabling_replicative_immortality,No,No,1,No
111,hoc_enabling_replicative_immortality,No,No,1,No
112,hoc_enabling_replicative_immortality,No,No,1,No
113,hoc_enabling_replicative_immortality,No,No,1,No
114,hoc_enabling_replicative_immortality,No,No,1,No
115,hoc_enabling_replicative_immortality,No,No,1,No
116,hoc_enabling_replicative_immortality,No,No,1,No
117,hoc_enabling_replicative_immortality,No,No,1,No
118,hoc_enabling_replicative_immortality,No,No,1,No
119,hoc_enabling_replicative_immortality,No,No,1,No
120,hoc_enabling_replicative_immortality,No,No,1,No
121,hoc_enabling_replicative_immortality,No,No,1,No
122,hoc_enabling_replicative_immortality,No,No,1,No
123,hoc_enabling_replicative_immortality,No,No,1,No
124,hoc_enabling_replicative_immortality,No,No,1,No
125,hoc_enabling_replicative_immortality,Yes,No,0,No
126,hoc_enabling_replicative_immortality,No,No,1,No
127,hoc_enabling_replicative_immortality,No,No,1,No
128,hoc_enabling_replicative_immortality,No,No,1,No
129,hoc_enabling_replicative_immortality,No,No,1,No
130,hoc_enabling_replicative_immortality,No,No,1,No
131,hoc_enabling_replicative_immortality,No,No,1,No
132,hoc_enabling_replicative_immortality,Yes,No,0,No
133,hoc_enabling_replicative_immortality,No,No,1,No
134,hoc_enabling_replicative_immortality,No,No,1,No
135,hoc_enabling_replicative_immortality,Yes,Yes,1,Yes
136,hoc_enabling_replicative_immortality,No,No,1,No
137,hoc_enabling_replicative_immortality,No,No,1,No
138,hoc_enabling_replicative_immortality,No,No,1,No
139,hoc_enabling_replicative_immortality,No,No,1,No
140,hoc_enabling_replicative_immortality,No,No,1,No
141,hoc_enabling_replicative_immortality,No,No,1,No
142,hoc_enabling_replicative_immortality,No,No,1,No
143,hoc_enabling_replicative_immortality,No,No,1,No
144,hoc_enabling_replicative_immortality,No,No,1,No
145,hoc_enabling_replicative_immortality,No,No,1,No
146,hoc_enabling_replicative_immortality,No,No,1,No
147,hoc_enabling_replicative_immortality,No,No,1,No
148,hoc_enabling_replicative_immortality,No,Yes,0,Yes
149,hoc_enabling_replicative_immortality,No,No,1,No
150,hoc_enabling_replicative_immortality,No,No,1,No
151,hoc_enabling_replicative_immortality,No,No,1,No
152,hoc_enabling_replicative_immortality,No,No,1,No
153,hoc_enabling_replicative_immortality,No,No,1,No
154,hoc_enabling_replicative_immortality,No,No,1,No
155,hoc_enabling_replicative_immortality,No,No,1,No
156,hoc_enabling_replicative_immortality,No,No,1,No
157,hoc_enabling_replicative_immortality,No,No,1,No
158,hoc_enabling_replicative_immortality,No,No,1,No
159,hoc_enabling_replicative_immortality,No,No,1,No
160,hoc_enabling_replicative_immortality,Yes,No,0,No
161,hoc_enabling_replicative_immortality,No,No,1,No
162,hoc_enabling_replicative_immortality,No,No,1,No
163,hoc_enabling_replicative_immortality,No,No,1,No
164,hoc_enabling_replicative_immortality,No,No,1,No
165,hoc_enabling_replicative_immortality,No,No,1,No
166,hoc_enabling_replicative_immortality,No,No,1,No
167,hoc_enabling_replicative_immortality,No,No,1,No
168,hoc_enabling_replicative_immortality,No,No,1,No
169,hoc_enabling_replicative_immortality,No,No,1,No
170,hoc_enabling_replicative_immortality,No,No,1,No
171,hoc_enabling_replicative_immortality,No,No,1,No
172,hoc_enabling_replicative_immortality,No,No,1,No
173,hoc_enabling_replicative_immortality,No,No,1,No
174,hoc_enabling_replicative_immortality,No,No,1,No
175,hoc_enabling_replicative_immortality,No,No,1,No
176,hoc_enabling_replicative_immortality,No,No,1,No
177,hoc_enabling_replicative_immortality,No,No,1,No
178,hoc_enabling_replicative_immortality,No,No,1,No
179,hoc_enabling_replicative_immortality,No,No,1,No
180,hoc_enabling_replicative_immortality,No,No,1,No
181,hoc_enabling_replicative_immortality,No,No,1,No
182,hoc_enabling_replicative_immortality,No,No,1,No
183,hoc_enabling_replicative_immortality,No,No,1,No
184,hoc_enabling_replicative_immortality,No,No,1,No
185,hoc_enabling_replicative_immortality,No,No,1,No
186,hoc_enabling_replicative_immortality,No,No,1,No
187,hoc_enabling_replicative_immortality,No,No,1,No
188,hoc_enabling_replicative_immortality,No,No,1,No
189,hoc_enabling_replicative_immortality,No,No,1,No
190,hoc_enabling_replicative_immortality,No,No,1,No
191,hoc_enabling_replicative_immortality,No,No,1,No
192,hoc_enabling_replicative_immortality,No,No,1,No
193,hoc_enabling_replicative_immortality,No,No,1,No
194,hoc_enabling_replicative_immortality,Yes,Yes,1,Yes
195,hoc_enabling_replicative_immortality,No,No,1,No
196,hoc_enabling_replicative_immortality,No,No,1,No
197,hoc_enabling_replicative_immortality,No,No,1,No
198,hoc_enabling_replicative_immortality,No,No,1,No
199,hoc_enabling_replicative_immortality,No,No,1,No
200,hoc_enabling_replicative_immortality,No,No,1,No
201,hoc_enabling_replicative_immortality,No,No,1,No
202,hoc_enabling_replicative_immortality,No,No,1,No
203,hoc_enabling_replicative_immortality,Yes,No,0,No
204,hoc_enabling_replicative_immortality,No,No,1,No
205,hoc_enabling_replicative_immortality,No,No,1,No
206,hoc_enabling_replicative_immortality,No,No,1,No
207,hoc_enabling_replicative_immortality,No,No,1,No
208,hoc_enabling_replicative_immortality,No,No,1,No
209,hoc_enabling_replicative_immortality,No,No,1,No
210,hoc_enabling_replicative_immortality,No,No,1,No
211,hoc_enabling_replicative_immortality,No,No,1,No
212,hoc_enabling_replicative_immortality,No,No,1,No
213,hoc_enabling_replicative_immortality,No,No,1,No
214,hoc_enabling_replicative_immortality,No,Yes,0,Yes
215,hoc_enabling_replicative_immortality,No,No,1,No
216,hoc_enabling_replicative_immortality,No,No,1,No
217,hoc_enabling_replicative_immortality,No,No,1,No
218,hoc_enabling_replicative_immortality,No,No,1,No
219,hoc_enabling_replicative_immortality,No,No,1,No
220,hoc_enabling_replicative_immortality,No,No,1,No
221,hoc_enabling_replicative_immortality,No,No,1,No
222,hoc_enabling_replicative_immortality,No,No,1,No
223,hoc_enabling_replicative_immortality,No,No,1,No
224,hoc_enabling_replicative_immortality,No,No,1,No
225,hoc_enabling_replicative_immortality,No,No,1,No
226,hoc_enabling_replicative_immortality,No,No,1,No
227,hoc_enabling_replicative_immortality,No,No,1,No
228,hoc_enabling_replicative_immortality,No,No,1,No
229,hoc_enabling_replicative_immortality,No,No,1,No
230,hoc_enabling_replicative_immortality,No,No,1,No
231,hoc_enabling_replicative_immortality,No,No,1,No
232,hoc_enabling_replicative_immortality,No,No,1,No
233,hoc_enabling_replicative_immortality,No,No,1,No
234,hoc_enabling_replicative_immortality,No,No,1,No
235,hoc_enabling_replicative_immortality,No,No,1,No
236,hoc_enabling_replicative_immortality,No,No,1,No
237,hoc_enabling_replicative_immortality,No,No,1,No
238,hoc_enabling_replicative_immortality,No,No,1,No
239,hoc_enabling_replicative_immortality,No,No,1,No
240,hoc_enabling_replicative_immortality,No,No,1,No
241,hoc_enabling_replicative_immortality,No,No,1,No
242,hoc_enabling_replicative_immortality,No,No,1,No
243,hoc_enabling_replicative_immortality,No,No,1,No
244,hoc_enabling_replicative_immortality,No,No,1,No
245,hoc_enabling_replicative_immortality,No,No,1,No
246,hoc_enabling_replicative_immortality,No,No,1,No
247,hoc_enabling_replicative_immortality,No,No,1,No
248,hoc_enabling_replicative_immortality,No,No,1,No
249,hoc_enabling_replicative_immortality,No,No,1,No
250,hoc_enabling_replicative_immortality,No,No,1,No
251,hoc_enabling_replicative_immortality,No,No,1,No
252,hoc_enabling_replicative_immortality,No,Yes,0,Yes
253,hoc_enabling_replicative_immortality,No,No,1,No
254,hoc_enabling_replicative_immortality,No,No,1,No
255,hoc_enabling_replicative_immortality,No,No,1,No
256,hoc_enabling_replicative_immortality,No,No,1,No
257,hoc_enabling_replicative_immortality,No,No,1,No
258,hoc_enabling_replicative_immortality,No,No,1,No
259,hoc_enabling_replicative_immortality,No,No,1,No
260,hoc_enabling_replicative_immortality,Yes,Yes,1,Yes
261,hoc_enabling_replicative_immortality,No,No,1,No
262,hoc_enabling_replicative_immortality,No,No,1,No
263,hoc_enabling_replicative_immortality,No,No,1,No
264,hoc_enabling_replicative_immortality,No,No,1,No
265,hoc_enabling_replicative_immortality,No,No,1,No
266,hoc_enabling_replicative_immortality,No,No,1,No
267,hoc_enabling_replicative_immortality,No,No,1,No
268,hoc_enabling_replicative_immortality,No,No,1,No
269,hoc_enabling_replicative_immortality,No,No,1,No
270,hoc_enabling_replicative_immortality,No,No,1,No
271,hoc_enabling_replicative_immortality,No,No,1,No
272,hoc_enabling_replicative_immortality,No,No,1,No
273,hoc_enabling_replicative_immortality,No,No,1,No
274,hoc_enabling_replicative_immortality,No,No,1,No
275,hoc_enabling_replicative_immortality,No,No,1,No
276,hoc_enabling_replicative_immortality,No,No,1,No
277,hoc_enabling_replicative_immortality,No,No,1,No
278,hoc_enabling_replicative_immortality,No,No,1,No
279,hoc_enabling_replicative_immortality,No,No,1,No
280,hoc_enabling_replicative_immortality,No,No,1,No
281,hoc_enabling_replicative_immortality,No,No,1,No
282,hoc_enabling_replicative_immortality,No,No,1,No
283,hoc_enabling_replicative_immortality,No,No,1,No
284,hoc_enabling_replicative_immortality,Yes,No,0,No
285,hoc_enabling_replicative_immortality,Yes,No,0,No
286,hoc_enabling_replicative_immortality,No,No,1,No
287,hoc_enabling_replicative_immortality,Yes,No,0,No
288,hoc_enabling_replicative_immortality,No,No,1,No
289,hoc_enabling_replicative_immortality,No,No,1,No
290,hoc_enabling_replicative_immortality,No,No,1,No
291,hoc_enabling_replicative_immortality,No,No,1,No
292,hoc_enabling_replicative_immortality,No,No,1,No
293,hoc_enabling_replicative_immortality,No,No,1,No
294,hoc_enabling_replicative_immortality,No,No,1,No
295,hoc_enabling_replicative_immortality,No,No,1,No
296,hoc_enabling_replicative_immortality,No,No,1,No
297,hoc_enabling_replicative_immortality,No,No,1,No
298,hoc_enabling_replicative_immortality,No,No,1,No
299,hoc_enabling_replicative_immortality,Yes,Yes,1,Yes
300,hoc_enabling_replicative_immortality,No,Yes,0,Yes
301,hoc_enabling_replicative_immortality,No,No,1,No
302,hoc_enabling_replicative_immortality,No,No,1,No
303,hoc_enabling_replicative_immortality,No,No,1,No
304,hoc_enabling_replicative_immortality,No,No,1,No
305,hoc_enabling_replicative_immortality,No,No,1,No
306,hoc_enabling_replicative_immortality,No,No,1,No
307,hoc_enabling_replicative_immortality,No,No,1,No
308,hoc_enabling_replicative_immortality,No,No,1,No
309,hoc_enabling_replicative_immortality,Yes,Yes,1,Yes
310,hoc_enabling_replicative_immortality,Yes,No,0,No
311,hoc_enabling_replicative_immortality,Yes,Yes,1,Yes
312,hoc_enabling_replicative_immortality,No,No,1,No
313,hoc_enabling_replicative_immortality,Yes,Yes,1,Yes
314,hoc_enabling_replicative_immortality,No,No,1,No
315,hoc_enabling_replicative_immortality,No,No,1,No
316,hoc_enabling_replicative_immortality,No,No,1,No
317,hoc_enabling_replicative_immortality,No,No,1,No
318,hoc_enabling_replicative_immortality,Yes,No,0,No
319,hoc_enabling_replicative_immortality,No,No,1,No
320,hoc_enabling_replicative_immortality,No,No,1,No
321,hoc_enabling_replicative_immortality,No,No,1,No
322,hoc_enabling_replicative_immortality,No,No,1,No
323,hoc_enabling_replicative_immortality,No,No,1,No
324,hoc_enabling_replicative_immortality,No,No,1,No
325,hoc_enabling_replicative_immortality,Yes,No,0,No
326,hoc_enabling_replicative_immortality,No,No,1,No
327,hoc_enabling_replicative_immortality,No,No,1,No
328,hoc_enabling_replicative_immortality,No,No,1,No
329,hoc_enabling_replicative_immortality,Yes,Yes,1,Yes
330,hoc_enabling_replicative_immortality,No,No,1,No
331,hoc_enabling_replicative_immortality,No,No,1,No
332,hoc_enabling_replicative_immortality,No,No,1,No
333,hoc_enabling_replicative_immortality,No,No,1,No
334,hoc_enabling_replicative_immortality,Yes,No,0,No
335,hoc_enabling_replicative_immortality,No,No,1,No
336,hoc_enabling_replicative_immortality,No,No,1,No
337,hoc_enabling_replicative_immortality,Yes,Yes,1,Yes
338,hoc_enabling_replicative_immortality,No,No,1,No
339,hoc_enabling_replicative_immortality,No,No,1,No
340,hoc_enabling_replicative_immortality,No,No,1,No
341,hoc_enabling_replicative_immortality,No,No,1,No
342,hoc_enabling_replicative_immortality,No,No,1,No
343,hoc_enabling_replicative_immortality,No,No,1,No
344,hoc_enabling_replicative_immortality,No,No,1,No
345,hoc_enabling_replicative_immortality,No,No,1,No
346,hoc_enabling_replicative_immortality,No,No,1,No
347,hoc_enabling_replicative_immortality,Yes,Yes,1,Yes
348,hoc_enabling_replicative_immortality,No,No,1,No
349,hoc_enabling_replicative_immortality,No,No,1,No
350,hoc_enabling_replicative_immortality,No,No,1,No
351,hoc_enabling_replicative_immortality,No,No,1,No
352,hoc_enabling_replicative_immortality,No,No,1,No
353,hoc_enabling_replicative_immortality,No,No,1,No
354,hoc_enabling_replicative_immortality,No,No,1,No
355,hoc_enabling_replicative_immortality,No,No,1,No
356,hoc_enabling_replicative_immortality,No,No,1,No
357,hoc_enabling_replicative_immortality,No,No,1,No
358,hoc_enabling_replicative_immortality,No,No,1,No
359,hoc_enabling_replicative_immortality,No,No,1,No
360,hoc_enabling_replicative_immortality,No,No,1,No
361,hoc_enabling_replicative_immortality,No,No,1,No
362,hoc_enabling_replicative_immortality,No,No,1,No
363,hoc_enabling_replicative_immortality,No,No,1,No
364,hoc_enabling_replicative_immortality,No,No,1,No
365,hoc_enabling_replicative_immortality,No,No,1,No
366,hoc_enabling_replicative_immortality,No,No,1,No
367,hoc_enabling_replicative_immortality,No,No,1,No
368,hoc_enabling_replicative_immortality,No,No,1,No
369,hoc_enabling_replicative_immortality,No,No,1,No
370,hoc_enabling_replicative_immortality,No,No,1,No
371,hoc_enabling_replicative_immortality,No,No,1,No
372,hoc_enabling_replicative_immortality,No,No,1,No
373,hoc_enabling_replicative_immortality,No,No,1,No
374,hoc_enabling_replicative_immortality,No,No,1,No
375,hoc_enabling_replicative_immortality,No,Yes,0,Yes
376,hoc_enabling_replicative_immortality,No,No,1,No
377,hoc_enabling_replicative_immortality,No,No,1,No
378,hoc_enabling_replicative_immortality,No,No,1,No
379,hoc_enabling_replicative_immortality,No,No,1,No
380,hoc_enabling_replicative_immortality,No,No,1,No
381,hoc_enabling_replicative_immortality,No,No,1,No
382,hoc_enabling_replicative_immortality,No,No,1,No
383,hoc_enabling_replicative_immortality,No,No,1,No
384,hoc_enabling_replicative_immortality,No,No,1,No
385,hoc_enabling_replicative_immortality,No,No,1,No
386,hoc_enabling_replicative_immortality,No,No,1,No
387,hoc_enabling_replicative_immortality,No,No,1,No
388,hoc_enabling_replicative_immortality,Yes,No,0,No
389,hoc_enabling_replicative_immortality,No,No,1,No
390,hoc_enabling_replicative_immortality,No,No,1,No
391,hoc_enabling_replicative_immortality,No,No,1,No
392,hoc_enabling_replicative_immortality,No,No,1,No
393,hoc_enabling_replicative_immortality,No,No,1,No
394,hoc_enabling_replicative_immortality,No,No,1,No
395,hoc_enabling_replicative_immortality,No,No,1,No
396,hoc_enabling_replicative_immortality,No,No,1,No
397,hoc_enabling_replicative_immortality,No,No,1,No
398,hoc_enabling_replicative_immortality,No,No,1,No
399,hoc_enabling_replicative_immortality,No,No,1,No
400,hoc_enabling_replicative_immortality,No,No,1,No
401,hoc_enabling_replicative_immortality,No,No,1,No
402,hoc_enabling_replicative_immortality,No,No,1,No
403,hoc_enabling_replicative_immortality,No,No,1,No
404,hoc_enabling_replicative_immortality,No,No,1,No
405,hoc_enabling_replicative_immortality,No,No,1,No
406,hoc_enabling_replicative_immortality,No,No,1,No
407,hoc_enabling_replicative_immortality,Yes,No,0,No
408,hoc_enabling_replicative_immortality,No,No,1,No
409,hoc_enabling_replicative_immortality,No,No,1,No
410,hoc_enabling_replicative_immortality,No,No,1,No
411,hoc_enabling_replicative_immortality,No,No,1,No
412,hoc_enabling_replicative_immortality,No,No,1,No
413,hoc_enabling_replicative_immortality,No,No,1,No
414,hoc_enabling_replicative_immortality,No,No,1,No
415,hoc_enabling_replicative_immortality,No,No,1,No
416,hoc_enabling_replicative_immortality,Yes,Yes,1,Yes
417,hoc_enabling_replicative_immortality,No,No,1,No
418,hoc_enabling_replicative_immortality,Yes,No,0,No
419,hoc_enabling_replicative_immortality,Yes,Yes,1,Yes
420,hoc_enabling_replicative_immortality,No,No,1,No
421,hoc_enabling_replicative_immortality,Yes,Yes,1,Yes
422,hoc_enabling_replicative_immortality,No,No,1,No
423,hoc_enabling_replicative_immortality,No,No,1,No
424,hoc_enabling_replicative_immortality,No,No,1,No
425,hoc_enabling_replicative_immortality,No,No,1,No
426,hoc_enabling_replicative_immortality,No,No,1,No
427,hoc_enabling_replicative_immortality,No,No,1,No
428,hoc_enabling_replicative_immortality,No,No,1,No
429,hoc_enabling_replicative_immortality,Yes,No,0,No
430,hoc_enabling_replicative_immortality,No,No,1,No
431,hoc_enabling_replicative_immortality,No,No,1,No
432,hoc_enabling_replicative_immortality,No,No,1,No
433,hoc_enabling_replicative_immortality,No,No,1,No
434,hoc_enabling_replicative_immortality,No,No,1,No
435,hoc_enabling_replicative_immortality,No,No,1,No
436,hoc_enabling_replicative_immortality,No,No,1,No
437,hoc_enabling_replicative_immortality,No,Yes,0,Yes
438,hoc_enabling_replicative_immortality,No,No,1,No
439,hoc_enabling_replicative_immortality,No,No,1,No
440,hoc_enabling_replicative_immortality,No,Yes,0,Yes
441,hoc_enabling_replicative_immortality,No,No,1,No
442,hoc_enabling_replicative_immortality,No,No,1,No
443,hoc_enabling_replicative_immortality,No,No,1,No
444,hoc_enabling_replicative_immortality,No,No,1,No
445,hoc_enabling_replicative_immortality,No,No,1,No
446,hoc_enabling_replicative_immortality,No,No,1,No
447,hoc_enabling_replicative_immortality,No,No,1,No
448,hoc_enabling_replicative_immortality,No,No,1,No
449,hoc_enabling_replicative_immortality,No,No,1,No
450,hoc_enabling_replicative_immortality,No,No,1,No
451,hoc_enabling_replicative_immortality,No,No,1,No
452,hoc_enabling_replicative_immortality,No,No,1,No
453,hoc_enabling_replicative_immortality,No,No,1,No
454,hoc_enabling_replicative_immortality,No,No,1,No
455,hoc_enabling_replicative_immortality,No,No,1,No
456,hoc_enabling_replicative_immortality,No,No,1,No
457,hoc_enabling_replicative_immortality,No,No,1,No
458,hoc_enabling_replicative_immortality,No,No,1,No
459,hoc_enabling_replicative_immortality,No,No,1,No
460,hoc_enabling_replicative_immortality,No,No,1,No
461,hoc_enabling_replicative_immortality,No,No,1,No
462,hoc_enabling_replicative_immortality,No,No,1,No
463,hoc_enabling_replicative_immortality,No,Yes,0,Yes
464,hoc_enabling_replicative_immortality,No,No,1,No
465,hoc_enabling_replicative_immortality,No,No,1,No
466,hoc_enabling_replicative_immortality,No,No,1,No
467,hoc_enabling_replicative_immortality,No,No,1,No
468,hoc_enabling_replicative_immortality,No,No,1,No
469,hoc_enabling_replicative_immortality,No,No,1,No
470,hoc_enabling_replicative_immortality,No,No,1,No
471,hoc_enabling_replicative_immortality,No,No,1,No
472,hoc_enabling_replicative_immortality,No,No,1,No
473,hoc_enabling_replicative_immortality,No,No,1,No
474,hoc_enabling_replicative_immortality,No,No,1,No
475,hoc_enabling_replicative_immortality,No,No,1,No
476,hoc_enabling_replicative_immortality,No,No,1,No
477,hoc_enabling_replicative_immortality,No,No,1,No
478,hoc_enabling_replicative_immortality,No,No,1,No
479,hoc_enabling_replicative_immortality,No,No,1,No
480,hoc_enabling_replicative_immortality,No,No,1,No
481,hoc_enabling_replicative_immortality,No,No,1,No
482,hoc_enabling_replicative_immortality,No,No,1,No
483,hoc_enabling_replicative_immortality,No,No,1,No
484,hoc_enabling_replicative_immortality,No,No,1,No
485,hoc_enabling_replicative_immortality,No,No,1,No
486,hoc_enabling_replicative_immortality,No,No,1,No
487,hoc_enabling_replicative_immortality,No,No,1,No
488,hoc_enabling_replicative_immortality,No,No,1,No
489,hoc_enabling_replicative_immortality,No,No,1,No
490,hoc_enabling_replicative_immortality,No,No,1,No
491,hoc_enabling_replicative_immortality,No,No,1,No
492,hoc_enabling_replicative_immortality,No,No,1,No
493,hoc_enabling_replicative_immortality,No,No,1,No
494,hoc_enabling_replicative_immortality,No,No,1,No
495,hoc_enabling_replicative_immortality,No,Yes,0,Yes
496,hoc_enabling_replicative_immortality,No,Yes,0,Yes
497,hoc_enabling_replicative_immortality,No,No,1,No
498,hoc_enabling_replicative_immortality,No,No,1,No
499,hoc_enabling_replicative_immortality,No,No,1,No
500,hoc_enabling_replicative_immortality,No,No,1,No
501,hoc_enabling_replicative_immortality,No,No,1,No
502,hoc_enabling_replicative_immortality,No,No,1,No
503,hoc_enabling_replicative_immortality,No,No,1,No
504,hoc_enabling_replicative_immortality,No,No,1,No
505,hoc_enabling_replicative_immortality,No,No,1,No
506,hoc_enabling_replicative_immortality,No,No,1,No
507,hoc_enabling_replicative_immortality,No,No,1,No
508,hoc_enabling_replicative_immortality,No,No,1,No
509,hoc_enabling_replicative_immortality,No,No,1,No
510,hoc_enabling_replicative_immortality,No,No,1,No
511,hoc_enabling_replicative_immortality,No,No,1,No
512,hoc_enabling_replicative_immortality,No,No,1,No
513,hoc_enabling_replicative_immortality,No,No,1,No
514,hoc_enabling_replicative_immortality,No,No,1,No
515,hoc_enabling_replicative_immortality,No,No,1,No
516,hoc_enabling_replicative_immortality,No,No,1,No
517,hoc_enabling_replicative_immortality,No,No,1,No
518,hoc_enabling_replicative_immortality,No,No,1,No
519,hoc_enabling_replicative_immortality,No,No,1,No
520,hoc_enabling_replicative_immortality,No,No,1,No
521,hoc_enabling_replicative_immortality,No,No,1,No
522,hoc_enabling_replicative_immortality,No,No,1,No
523,hoc_enabling_replicative_immortality,No,No,1,No
524,hoc_enabling_replicative_immortality,No,No,1,No
525,hoc_enabling_replicative_immortality,No,No,1,No
526,hoc_enabling_replicative_immortality,No,No,1,No
527,hoc_enabling_replicative_immortality,No,No,1,No
528,hoc_enabling_replicative_immortality,No,No,1,No
529,hoc_enabling_replicative_immortality,No,No,1,No
530,hoc_enabling_replicative_immortality,No,No,1,No
531,hoc_enabling_replicative_immortality,No,No,1,No
532,hoc_enabling_replicative_immortality,No,No,1,No
533,hoc_enabling_replicative_immortality,No,No,1,No
534,hoc_enabling_replicative_immortality,No,No,1,No
535,hoc_enabling_replicative_immortality,No,No,1,No
536,hoc_enabling_replicative_immortality,No,No,1,No
537,hoc_enabling_replicative_immortality,No,No,1,No
538,hoc_enabling_replicative_immortality,No,No,1,No
539,hoc_enabling_replicative_immortality,No,No,1,No
540,hoc_enabling_replicative_immortality,No,No,1,No
541,hoc_enabling_replicative_immortality,No,No,1,No
542,hoc_enabling_replicative_immortality,No,Yes,0,Yes
543,hoc_enabling_replicative_immortality,No,No,1,No
544,hoc_enabling_replicative_immortality,No,Yes,0,Yes
545,hoc_enabling_replicative_immortality,No,No,1,No
546,hoc_enabling_replicative_immortality,No,No,1,No
547,hoc_enabling_replicative_immortality,No,No,1,No
548,hoc_enabling_replicative_immortality,No,No,1,No
549,hoc_enabling_replicative_immortality,No,No,1,No
550,hoc_enabling_replicative_immortality,No,No,1,No
551,hoc_enabling_replicative_immortality,No,No,1,No
552,hoc_enabling_replicative_immortality,No,No,1,No
553,hoc_enabling_replicative_immortality,No,No,1,No
554,hoc_enabling_replicative_immortality,No,No,1,No
555,hoc_enabling_replicative_immortality,No,No,1,No
556,hoc_enabling_replicative_immortality,No,No,1,No
557,hoc_enabling_replicative_immortality,No,No,1,No
558,hoc_enabling_replicative_immortality,No,No,1,No
559,hoc_enabling_replicative_immortality,No,No,1,No
560,hoc_enabling_replicative_immortality,No,No,1,No
561,hoc_enabling_replicative_immortality,No,No,1,No
562,hoc_enabling_replicative_immortality,No,No,1,No
563,hoc_enabling_replicative_immortality,No,No,1,No
564,hoc_enabling_replicative_immortality,No,No,1,No
565,hoc_enabling_replicative_immortality,No,No,1,No
566,hoc_enabling_replicative_immortality,No,No,1,No
567,hoc_enabling_replicative_immortality,No,No,1,No
568,hoc_enabling_replicative_immortality,No,No,1,No
569,hoc_enabling_replicative_immortality,No,No,1,No
570,hoc_enabling_replicative_immortality,No,No,1,No
571,hoc_enabling_replicative_immortality,No,No,1,No
572,hoc_enabling_replicative_immortality,No,No,1,No
573,hoc_enabling_replicative_immortality,No,No,1,No
574,hoc_enabling_replicative_immortality,No,No,1,No
575,hoc_enabling_replicative_immortality,No,No,1,No
576,hoc_enabling_replicative_immortality,No,No,1,No
577,hoc_enabling_replicative_immortality,No,No,1,No
578,hoc_enabling_replicative_immortality,No,No,1,No
579,hoc_enabling_replicative_immortality,No,No,1,No
580,hoc_enabling_replicative_immortality,No,No,1,No
581,hoc_enabling_replicative_immortality,No,No,1,No
582,hoc_enabling_replicative_immortality,No,No,1,No
583,hoc_enabling_replicative_immortality,No,No,1,No
584,hoc_enabling_replicative_immortality,No,No,1,No
585,hoc_enabling_replicative_immortality,No,No,1,No
586,hoc_enabling_replicative_immortality,No,No,1,No
587,hoc_enabling_replicative_immortality,No,No,1,No
588,hoc_enabling_replicative_immortality,No,No,1,No
589,hoc_enabling_replicative_immortality,No,No,1,No
590,hoc_enabling_replicative_immortality,No,No,1,No
591,hoc_enabling_replicative_immortality,Yes,No,0,No
592,hoc_enabling_replicative_immortality,No,No,1,No
593,hoc_enabling_replicative_immortality,No,No,1,No
594,hoc_enabling_replicative_immortality,No,No,1,No
595,hoc_enabling_replicative_immortality,No,No,1,No
596,hoc_enabling_replicative_immortality,No,No,1,No
597,hoc_enabling_replicative_immortality,No,No,1,No
598,hoc_enabling_replicative_immortality,No,No,1,No
599,hoc_enabling_replicative_immortality,No,No,1,No
600,hoc_enabling_replicative_immortality,No,No,1,No
601,hoc_enabling_replicative_immortality,No,No,1,No
602,hoc_enabling_replicative_immortality,No,No,1,No
603,hoc_enabling_replicative_immortality,No,No,1,No
604,hoc_enabling_replicative_immortality,No,No,1,No
605,hoc_enabling_replicative_immortality,No,No,1,No
606,hoc_enabling_replicative_immortality,No,No,1,No
607,hoc_enabling_replicative_immortality,No,No,1,No
608,hoc_enabling_replicative_immortality,No,No,1,No
609,hoc_enabling_replicative_immortality,No,No,1,No
610,hoc_enabling_replicative_immortality,No,No,1,No
611,hoc_enabling_replicative_immortality,No,No,1,No
612,hoc_enabling_replicative_immortality,No,No,1,No
613,hoc_enabling_replicative_immortality,No,No,1,No
614,hoc_enabling_replicative_immortality,No,No,1,No
615,hoc_enabling_replicative_immortality,No,No,1,No
616,hoc_enabling_replicative_immortality,No,No,1,No
617,hoc_enabling_replicative_immortality,No,No,1,No
618,hoc_enabling_replicative_immortality,No,No,1,No
619,hoc_enabling_replicative_immortality,No,No,1,No
620,hoc_enabling_replicative_immortality,No,No,1,No
621,hoc_enabling_replicative_immortality,No,No,1,No
622,hoc_enabling_replicative_immortality,No,No,1,No
623,hoc_enabling_replicative_immortality,No,No,1,No
624,hoc_enabling_replicative_immortality,No,No,1,No
625,hoc_enabling_replicative_immortality,No,No,1,No
626,hoc_enabling_replicative_immortality,No,No,1,No
627,hoc_enabling_replicative_immortality,No,No,1,No
628,hoc_enabling_replicative_immortality,No,No,1,No
629,hoc_enabling_replicative_immortality,No,No,1,No
630,hoc_enabling_replicative_immortality,No,No,1,No
631,hoc_enabling_replicative_immortality,No,No,1,No
632,hoc_enabling_replicative_immortality,No,No,1,No
633,hoc_enabling_replicative_immortality,No,No,1,No
634,hoc_enabling_replicative_immortality,No,Yes,0,Yes
635,hoc_enabling_replicative_immortality,No,No,1,No
636,hoc_enabling_replicative_immortality,No,No,1,No
637,hoc_enabling_replicative_immortality,No,No,1,No
638,hoc_enabling_replicative_immortality,No,No,1,No
639,hoc_enabling_replicative_immortality,No,No,1,No
640,hoc_enabling_replicative_immortality,No,No,1,No
641,hoc_enabling_replicative_immortality,No,No,1,No
642,hoc_enabling_replicative_immortality,No,No,1,No
643,hoc_enabling_replicative_immortality,No,No,1,No
644,hoc_enabling_replicative_immortality,No,No,1,No
645,hoc_enabling_replicative_immortality,No,No,1,No
646,hoc_enabling_replicative_immortality,No,No,1,No
647,hoc_enabling_replicative_immortality,No,No,1,No
648,hoc_enabling_replicative_immortality,No,No,1,No
649,hoc_enabling_replicative_immortality,Yes,Yes,1,Yes
650,hoc_enabling_replicative_immortality,No,No,1,No
651,hoc_enabling_replicative_immortality,No,No,1,No
652,hoc_enabling_replicative_immortality,No,Yes,0,Yes
653,hoc_enabling_replicative_immortality,No,No,1,No
654,hoc_enabling_replicative_immortality,No,No,1,No
655,hoc_enabling_replicative_immortality,No,No,1,No
656,hoc_enabling_replicative_immortality,No,No,1,No
657,hoc_enabling_replicative_immortality,No,No,1,No
658,hoc_enabling_replicative_immortality,No,No,1,No
659,hoc_enabling_replicative_immortality,No,No,1,No
660,hoc_enabling_replicative_immortality,No,No,1,No
661,hoc_enabling_replicative_immortality,No,No,1,No
662,hoc_enabling_replicative_immortality,No,No,1,No
663,hoc_enabling_replicative_immortality,No,No,1,No
664,hoc_enabling_replicative_immortality,No,No,1,No
665,hoc_enabling_replicative_immortality,No,No,1,No
666,hoc_enabling_replicative_immortality,No,No,1,No
667,hoc_enabling_replicative_immortality,Yes,No,0,No
668,hoc_enabling_replicative_immortality,No,No,1,No
669,hoc_enabling_replicative_immortality,No,No,1,No
670,hoc_enabling_replicative_immortality,No,No,1,No
671,hoc_enabling_replicative_immortality,No,No,1,No
672,hoc_enabling_replicative_immortality,No,No,1,No
673,hoc_enabling_replicative_immortality,No,No,1,No
674,hoc_enabling_replicative_immortality,No,No,1,No
675,hoc_enabling_replicative_immortality,No,No,1,No
676,hoc_enabling_replicative_immortality,No,No,1,No
677,hoc_enabling_replicative_immortality,No,No,1,No
678,hoc_enabling_replicative_immortality,No,No,1,No
679,hoc_enabling_replicative_immortality,No,No,1,No
680,hoc_enabling_replicative_immortality,No,No,1,No
681,hoc_enabling_replicative_immortality,No,No,1,No
682,hoc_enabling_replicative_immortality,No,No,1,No
683,hoc_enabling_replicative_immortality,No,No,1,No
684,hoc_enabling_replicative_immortality,No,No,1,No
685,hoc_enabling_replicative_immortality,Yes,No,0,No
686,hoc_enabling_replicative_immortality,No,No,1,No
687,hoc_enabling_replicative_immortality,No,No,1,No
688,hoc_enabling_replicative_immortality,No,No,1,No
689,hoc_enabling_replicative_immortality,No,Yes,0,Yes
690,hoc_enabling_replicative_immortality,No,No,1,No
691,hoc_enabling_replicative_immortality,No,No,1,No
692,hoc_enabling_replicative_immortality,No,No,1,No
693,hoc_enabling_replicative_immortality,No,No,1,No
694,hoc_enabling_replicative_immortality,No,No,1,No
695,hoc_enabling_replicative_immortality,No,No,1,No
696,hoc_enabling_replicative_immortality,Yes,No,0,No
697,hoc_enabling_replicative_immortality,No,No,1,No
698,hoc_enabling_replicative_immortality,No,No,1,No
699,hoc_enabling_replicative_immortality,No,No,1,No
700,hoc_enabling_replicative_immortality,No,No,1,No
701,hoc_enabling_replicative_immortality,No,No,1,No
702,hoc_enabling_replicative_immortality,No,No,1,No
703,hoc_enabling_replicative_immortality,No,No,1,No
704,hoc_enabling_replicative_immortality,No,No,1,No
705,hoc_enabling_replicative_immortality,No,No,1,No
706,hoc_enabling_replicative_immortality,Yes,No,0,No
707,hoc_enabling_replicative_immortality,No,No,1,No
708,hoc_enabling_replicative_immortality,No,No,1,No
709,hoc_enabling_replicative_immortality,No,No,1,No
710,hoc_enabling_replicative_immortality,No,No,1,No
711,hoc_enabling_replicative_immortality,No,No,1,No
712,hoc_enabling_replicative_immortality,No,No,1,No
713,hoc_enabling_replicative_immortality,No,No,1,No
714,hoc_enabling_replicative_immortality,No,No,1,No
715,hoc_enabling_replicative_immortality,No,No,1,No
716,hoc_enabling_replicative_immortality,No,No,1,No
717,hoc_enabling_replicative_immortality,No,No,1,No
718,hoc_enabling_replicative_immortality,No,No,1,No
719,hoc_enabling_replicative_immortality,No,No,1,No
720,hoc_enabling_replicative_immortality,No,No,1,No
721,hoc_enabling_replicative_immortality,No,No,1,No
722,hoc_enabling_replicative_immortality,No,No,1,No
723,hoc_enabling_replicative_immortality,No,No,1,No
724,hoc_enabling_replicative_immortality,No,No,1,No
725,hoc_enabling_replicative_immortality,No,No,1,No
726,hoc_enabling_replicative_immortality,No,No,1,No
727,hoc_enabling_replicative_immortality,No,No,1,No
728,hoc_enabling_replicative_immortality,No,No,1,No
729,hoc_enabling_replicative_immortality,No,No,1,No
730,hoc_enabling_replicative_immortality,No,No,1,No
731,hoc_enabling_replicative_immortality,No,No,1,No
732,hoc_enabling_replicative_immortality,No,No,1,No
733,hoc_enabling_replicative_immortality,No,No,1,No
734,hoc_enabling_replicative_immortality,No,No,1,No
735,hoc_enabling_replicative_immortality,No,No,1,No
736,hoc_enabling_replicative_immortality,No,No,1,No
737,hoc_enabling_replicative_immortality,No,No,1,No
738,hoc_enabling_replicative_immortality,No,No,1,No
739,hoc_enabling_replicative_immortality,No,No,1,No
740,hoc_enabling_replicative_immortality,No,Yes,0,Yes
741,hoc_enabling_replicative_immortality,No,No,1,No
742,hoc_enabling_replicative_immortality,No,No,1,No
743,hoc_enabling_replicative_immortality,No,No,1,No
744,hoc_enabling_replicative_immortality,No,No,1,No
745,hoc_enabling_replicative_immortality,No,No,1,No
746,hoc_enabling_replicative_immortality,No,No,1,No
747,hoc_enabling_replicative_immortality,No,No,1,No
748,hoc_enabling_replicative_immortality,No,No,1,No
749,hoc_enabling_replicative_immortality,No,No,1,No
750,hoc_enabling_replicative_immortality,No,No,1,No
751,hoc_enabling_replicative_immortality,No,No,1,No
752,hoc_enabling_replicative_immortality,No,No,1,No
753,hoc_enabling_replicative_immortality,No,Yes,0,Yes
754,hoc_enabling_replicative_immortality,No,No,1,No
755,hoc_enabling_replicative_immortality,No,Yes,0,Yes
756,hoc_enabling_replicative_immortality,No,No,1,No
757,hoc_enabling_replicative_immortality,No,No,1,No
758,hoc_enabling_replicative_immortality,No,No,1,No
759,hoc_enabling_replicative_immortality,No,No,1,No
760,hoc_enabling_replicative_immortality,No,No,1,No
761,hoc_enabling_replicative_immortality,No,No,1,No
762,hoc_enabling_replicative_immortality,No,No,1,No
763,hoc_enabling_replicative_immortality,No,No,1,No
764,hoc_enabling_replicative_immortality,No,No,1,No
765,hoc_enabling_replicative_immortality,No,No,1,No
766,hoc_enabling_replicative_immortality,No,No,1,No
767,hoc_enabling_replicative_immortality,No,No,1,No
768,hoc_enabling_replicative_immortality,No,No,1,No
769,hoc_enabling_replicative_immortality,No,No,1,No
770,hoc_enabling_replicative_immortality,No,No,1,No
771,hoc_enabling_replicative_immortality,No,No,1,No
772,hoc_enabling_replicative_immortality,No,No,1,No
773,hoc_enabling_replicative_immortality,No,No,1,No
774,hoc_enabling_replicative_immortality,No,No,1,No
775,hoc_enabling_replicative_immortality,No,No,1,No
776,hoc_enabling_replicative_immortality,No,No,1,No
777,hoc_enabling_replicative_immortality,No,No,1,No
778,hoc_enabling_replicative_immortality,Yes,No,0,No
779,hoc_enabling_replicative_immortality,No,No,1,No
780,hoc_enabling_replicative_immortality,No,No,1,No
781,hoc_enabling_replicative_immortality,No,No,1,No
782,hoc_enabling_replicative_immortality,No,Yes,0,Yes
783,hoc_enabling_replicative_immortality,No,No,1,No
784,hoc_enabling_replicative_immortality,No,No,1,No
785,hoc_enabling_replicative_immortality,No,No,1,No
786,hoc_enabling_replicative_immortality,No,Yes,0,Yes
787,hoc_enabling_replicative_immortality,No,No,1,No
788,hoc_enabling_replicative_immortality,No,No,1,No
789,hoc_enabling_replicative_immortality,No,No,1,No
790,hoc_enabling_replicative_immortality,No,No,1,No
791,hoc_enabling_replicative_immortality,No,No,1,No
792,hoc_enabling_replicative_immortality,No,No,1,No
793,hoc_enabling_replicative_immortality,No,No,1,No
794,hoc_enabling_replicative_immortality,No,No,1,No
795,hoc_enabling_replicative_immortality,No,No,1,No
796,hoc_enabling_replicative_immortality,No,No,1,No
797,hoc_enabling_replicative_immortality,No,No,1,No
798,hoc_enabling_replicative_immortality,No,No,1,No
799,hoc_enabling_replicative_immortality,No,No,1,No
800,hoc_enabling_replicative_immortality,No,No,1,No
801,hoc_enabling_replicative_immortality,No,No,1,No
802,hoc_enabling_replicative_immortality,No,No,1,No
803,hoc_enabling_replicative_immortality,No,No,1,No
804,hoc_enabling_replicative_immortality,No,No,1,No
805,hoc_enabling_replicative_immortality,No,No,1,No
806,hoc_enabling_replicative_immortality,No,No,1,No
807,hoc_enabling_replicative_immortality,No,No,1,No
808,hoc_enabling_replicative_immortality,No,No,1,No
809,hoc_enabling_replicative_immortality,No,No,1,No
810,hoc_enabling_replicative_immortality,No,No,1,No
811,hoc_enabling_replicative_immortality,No,No,1,No
812,hoc_enabling_replicative_immortality,No,No,1,No
813,hoc_enabling_replicative_immortality,No,No,1,No
814,hoc_enabling_replicative_immortality,No,No,1,No
815,hoc_enabling_replicative_immortality,No,No,1,No
816,hoc_enabling_replicative_immortality,No,No,1,No
817,hoc_enabling_replicative_immortality,No,No,1,No
818,hoc_enabling_replicative_immortality,No,No,1,No
819,hoc_enabling_replicative_immortality,No,No,1,No
820,hoc_enabling_replicative_immortality,No,No,1,No
821,hoc_enabling_replicative_immortality,No,No,1,No
822,hoc_enabling_replicative_immortality,No,No,1,No
823,hoc_enabling_replicative_immortality,No,Yes,0,Yes
824,hoc_enabling_replicative_immortality,No,No,1,No
825,hoc_enabling_replicative_immortality,No,No,1,No
826,hoc_enabling_replicative_immortality,No,No,1,No
827,hoc_enabling_replicative_immortality,No,No,1,No
828,hoc_enabling_replicative_immortality,No,No,1,No
829,hoc_enabling_replicative_immortality,No,No,1,No
830,hoc_enabling_replicative_immortality,No,No,1,No
831,hoc_enabling_replicative_immortality,Yes,Yes,1,Yes
832,hoc_enabling_replicative_immortality,No,No,1,No
833,hoc_enabling_replicative_immortality,No,No,1,No
834,hoc_enabling_replicative_immortality,Yes,No,0,No
835,hoc_enabling_replicative_immortality,No,No,1,No
836,hoc_enabling_replicative_immortality,No,No,1,No
837,hoc_enabling_replicative_immortality,No,Yes,0,Yes
838,hoc_enabling_replicative_immortality,No,No,1,No
839,hoc_enabling_replicative_immortality,No,No,1,No
840,hoc_enabling_replicative_immortality,No,No,1,No
841,hoc_enabling_replicative_immortality,No,No,1,No
842,hoc_enabling_replicative_immortality,No,No,1,No
843,hoc_enabling_replicative_immortality,No,No,1,No
844,hoc_enabling_replicative_immortality,No,No,1,No
845,hoc_enabling_replicative_immortality,No,No,1,No
846,hoc_enabling_replicative_immortality,No,No,1,No
847,hoc_enabling_replicative_immortality,No,No,1,No
848,hoc_enabling_replicative_immortality,No,No,1,No
849,hoc_enabling_replicative_immortality,No,No,1,No
850,hoc_enabling_replicative_immortality,No,No,1,No
851,hoc_enabling_replicative_immortality,No,No,1,No
852,hoc_enabling_replicative_immortality,No,No,1,No
853,hoc_enabling_replicative_immortality,No,No,1,No
854,hoc_enabling_replicative_immortality,No,No,1,No
855,hoc_enabling_replicative_immortality,No,No,1,No
856,hoc_enabling_replicative_immortality,No,No,1,No
857,hoc_enabling_replicative_immortality,No,No,1,No
858,hoc_enabling_replicative_immortality,No,No,1,No
859,hoc_enabling_replicative_immortality,No,No,1,No
860,hoc_enabling_replicative_immortality,No,No,1,No
861,hoc_enabling_replicative_immortality,No,No,1,No
862,hoc_enabling_replicative_immortality,No,No,1,No
863,hoc_enabling_replicative_immortality,No,No,1,No
864,hoc_enabling_replicative_immortality,No,No,1,No
865,hoc_enabling_replicative_immortality,No,No,1,No
866,hoc_enabling_replicative_immortality,No,No,1,No
867,hoc_enabling_replicative_immortality,No,No,1,No
868,hoc_enabling_replicative_immortality,No,No,1,No
869,hoc_enabling_replicative_immortality,No,No,1,No
870,hoc_enabling_replicative_immortality,No,No,1,No
871,hoc_enabling_replicative_immortality,No,No,1,No
872,hoc_enabling_replicative_immortality,No,No,1,No
873,hoc_enabling_replicative_immortality,No,No,1,No
874,hoc_enabling_replicative_immortality,No,No,1,No
875,hoc_enabling_replicative_immortality,No,No,1,No
876,hoc_enabling_replicative_immortality,No,No,1,No
877,hoc_enabling_replicative_immortality,No,No,1,No
878,hoc_enabling_replicative_immortality,No,No,1,No
879,hoc_enabling_replicative_immortality,No,No,1,No
880,hoc_enabling_replicative_immortality,No,No,1,No
881,hoc_enabling_replicative_immortality,No,No,1,No
882,hoc_enabling_replicative_immortality,No,No,1,No
883,hoc_enabling_replicative_immortality,No,No,1,No
884,hoc_enabling_replicative_immortality,No,No,1,No
885,hoc_enabling_replicative_immortality,No,No,1,No
886,hoc_enabling_replicative_immortality,No,No,1,No
887,hoc_enabling_replicative_immortality,No,No,1,No
888,hoc_enabling_replicative_immortality,No,No,1,No
889,hoc_enabling_replicative_immortality,No,No,1,No
890,hoc_enabling_replicative_immortality,No,No,1,No
891,hoc_enabling_replicative_immortality,No,No,1,No
892,hoc_enabling_replicative_immortality,No,No,1,No
893,hoc_enabling_replicative_immortality,No,No,1,No
894,hoc_enabling_replicative_immortality,No,No,1,No
895,hoc_enabling_replicative_immortality,No,No,1,No
896,hoc_enabling_replicative_immortality,No,No,1,No
897,hoc_enabling_replicative_immortality,No,No,1,No
898,hoc_enabling_replicative_immortality,No,No,1,No
899,hoc_enabling_replicative_immortality,No,No,1,No
900,hoc_enabling_replicative_immortality,No,No,1,No
901,hoc_enabling_replicative_immortality,No,No,1,No
902,hoc_enabling_replicative_immortality,No,No,1,No
903,hoc_enabling_replicative_immortality,No,No,1,No
904,hoc_enabling_replicative_immortality,No,No,1,No
905,hoc_enabling_replicative_immortality,No,No,1,No
906,hoc_enabling_replicative_immortality,No,No,1,No
907,hoc_enabling_replicative_immortality,No,No,1,No
908,hoc_enabling_replicative_immortality,No,No,1,No
909,hoc_enabling_replicative_immortality,Yes,Yes,1,Yes
910,hoc_enabling_replicative_immortality,No,No,1,No
911,hoc_enabling_replicative_immortality,No,No,1,No
912,hoc_enabling_replicative_immortality,No,No,1,No
913,hoc_enabling_replicative_immortality,No,No,1,No
914,hoc_enabling_replicative_immortality,No,No,1,No
915,hoc_enabling_replicative_immortality,No,No,1,No
916,hoc_enabling_replicative_immortality,No,No,1,No
917,hoc_enabling_replicative_immortality,No,No,1,No
918,hoc_enabling_replicative_immortality,No,No,1,No
919,hoc_enabling_replicative_immortality,No,No,1,No
920,hoc_enabling_replicative_immortality,No,No,1,No
921,hoc_enabling_replicative_immortality,No,No,1,No
922,hoc_enabling_replicative_immortality,No,No,1,No
923,hoc_enabling_replicative_immortality,No,No,1,No
924,hoc_enabling_replicative_immortality,No,No,1,No
925,hoc_enabling_replicative_immortality,No,No,1,No
926,hoc_enabling_replicative_immortality,No,No,1,No
927,hoc_enabling_replicative_immortality,No,No,1,No
928,hoc_enabling_replicative_immortality,No,No,1,No
929,hoc_enabling_replicative_immortality,No,No,1,No
930,hoc_enabling_replicative_immortality,No,No,1,No
931,hoc_enabling_replicative_immortality,No,No,1,No
932,hoc_enabling_replicative_immortality,No,No,1,No
933,hoc_enabling_replicative_immortality,No,No,1,No
934,hoc_enabling_replicative_immortality,No,No,1,No
935,hoc_enabling_replicative_immortality,No,No,1,No
936,hoc_enabling_replicative_immortality,No,No,1,No
937,hoc_enabling_replicative_immortality,No,No,1,No
938,hoc_enabling_replicative_immortality,Yes,No,0,No
939,hoc_enabling_replicative_immortality,No,No,1,No
940,hoc_enabling_replicative_immortality,No,No,1,No
941,hoc_enabling_replicative_immortality,No,No,1,No
942,hoc_enabling_replicative_immortality,No,No,1,No
943,hoc_enabling_replicative_immortality,No,No,1,No
944,hoc_enabling_replicative_immortality,No,No,1,No
945,hoc_enabling_replicative_immortality,No,No,1,No
946,hoc_enabling_replicative_immortality,No,No,1,No
947,hoc_enabling_replicative_immortality,No,No,1,No
948,hoc_enabling_replicative_immortality,No,No,1,No
949,hoc_enabling_replicative_immortality,No,No,1,No
950,hoc_enabling_replicative_immortality,No,No,1,No
951,hoc_enabling_replicative_immortality,No,No,1,No
952,hoc_enabling_replicative_immortality,Yes,Yes,1,Yes
953,hoc_enabling_replicative_immortality,No,No,1,No
954,hoc_enabling_replicative_immortality,No,No,1,No
955,hoc_enabling_replicative_immortality,No,No,1,No
956,hoc_enabling_replicative_immortality,No,No,1,No
957,hoc_enabling_replicative_immortality,No,No,1,No
958,hoc_enabling_replicative_immortality,No,No,1,No
959,hoc_enabling_replicative_immortality,No,No,1,No
960,hoc_enabling_replicative_immortality,No,No,1,No
961,hoc_enabling_replicative_immortality,No,No,1,No
962,hoc_enabling_replicative_immortality,No,No,1,No
963,hoc_enabling_replicative_immortality,No,No,1,No
964,hoc_enabling_replicative_immortality,No,No,1,No
965,hoc_enabling_replicative_immortality,No,No,1,No
966,hoc_enabling_replicative_immortality,No,No,1,No
967,hoc_enabling_replicative_immortality,No,No,1,No
968,hoc_enabling_replicative_immortality,No,No,1,No
969,hoc_enabling_replicative_immortality,No,No,1,No
970,hoc_enabling_replicative_immortality,No,No,1,No
971,hoc_enabling_replicative_immortality,No,No,1,No
972,hoc_enabling_replicative_immortality,No,No,1,No
973,hoc_enabling_replicative_immortality,No,No,1,No
974,hoc_enabling_replicative_immortality,No,No,1,No
975,hoc_enabling_replicative_immortality,No,No,1,No
976,hoc_enabling_replicative_immortality,No,No,1,No
977,hoc_enabling_replicative_immortality,No,No,1,No
978,hoc_enabling_replicative_immortality,No,No,1,No
979,hoc_enabling_replicative_immortality,No,No,1,No
980,hoc_enabling_replicative_immortality,No,No,1,No
981,hoc_enabling_replicative_immortality,No,No,1,No
982,hoc_enabling_replicative_immortality,No,No,1,No
983,hoc_enabling_replicative_immortality,No,No,1,No
984,hoc_enabling_replicative_immortality,No,No,1,No
985,hoc_enabling_replicative_immortality,No,No,1,No
986,hoc_enabling_replicative_immortality,No,No,1,No
987,hoc_enabling_replicative_immortality,No,No,1,No
988,hoc_enabling_replicative_immortality,No,No,1,No
989,hoc_enabling_replicative_immortality,No,No,1,No
990,hoc_enabling_replicative_immortality,No,No,1,No
991,hoc_enabling_replicative_immortality,No,No,1,No
992,hoc_enabling_replicative_immortality,No,No,1,No
993,hoc_enabling_replicative_immortality,No,No,1,No
994,hoc_enabling_replicative_immortality,No,No,1,No
995,hoc_enabling_replicative_immortality,No,No,1,No
996,hoc_enabling_replicative_immortality,No,No,1,No
997,hoc_enabling_replicative_immortality,No,No,1,No
998,hoc_enabling_replicative_immortality,No,No,1,No
999,hoc_enabling_replicative_immortality,No,No,1,No
1000,hoc_enabling_replicative_immortality,No,No,1,No
1001,hoc_enabling_replicative_immortality,No,No,1,No
1002,hoc_enabling_replicative_immortality,No,No,1,No
1003,hoc_enabling_replicative_immortality,Yes,Yes,1,Yes
1004,hoc_enabling_replicative_immortality,No,No,1,No
1005,hoc_enabling_replicative_immortality,No,No,1,No
1006,hoc_enabling_replicative_immortality,No,No,1,No
1007,hoc_enabling_replicative_immortality,No,No,1,No
1008,hoc_enabling_replicative_immortality,No,No,1,No
1009,hoc_enabling_replicative_immortality,No,No,1,No
1010,hoc_enabling_replicative_immortality,No,No,1,No
1011,hoc_enabling_replicative_immortality,No,No,1,No
1012,hoc_enabling_replicative_immortality,No,No,1,No
1013,hoc_enabling_replicative_immortality,No,No,1,No
1014,hoc_enabling_replicative_immortality,No,No,1,No
1015,hoc_enabling_replicative_immortality,No,No,1,No
1016,hoc_enabling_replicative_immortality,No,No,1,No
1017,hoc_enabling_replicative_immortality,No,Yes,0,Yes
1018,hoc_enabling_replicative_immortality,No,No,1,No
1019,hoc_enabling_replicative_immortality,No,No,1,No
1020,hoc_enabling_replicative_immortality,No,No,1,No
1021,hoc_enabling_replicative_immortality,No,No,1,No
1022,hoc_enabling_replicative_immortality,No,No,1,No
1023,hoc_enabling_replicative_immortality,No,No,1,No
1024,hoc_enabling_replicative_immortality,No,No,1,No
1025,hoc_enabling_replicative_immortality,No,No,1,No
1026,hoc_enabling_replicative_immortality,No,No,1,No
1027,hoc_enabling_replicative_immortality,No,No,1,No
1028,hoc_enabling_replicative_immortality,No,No,1,No
1029,hoc_enabling_replicative_immortality,No,No,1,No
1030,hoc_enabling_replicative_immortality,No,No,1,No
1031,hoc_enabling_replicative_immortality,No,No,1,No
1032,hoc_enabling_replicative_immortality,No,No,1,No
1033,hoc_enabling_replicative_immortality,No,No,1,No
1034,hoc_enabling_replicative_immortality,No,No,1,No
1035,hoc_enabling_replicative_immortality,No,No,1,No
1036,hoc_enabling_replicative_immortality,No,No,1,No
1037,hoc_enabling_replicative_immortality,No,No,1,No
1038,hoc_enabling_replicative_immortality,No,No,1,No
1039,hoc_enabling_replicative_immortality,No,No,1,No
1040,hoc_enabling_replicative_immortality,No,No,1,No
1041,hoc_enabling_replicative_immortality,No,No,1,No
1042,hoc_enabling_replicative_immortality,No,No,1,No
1043,hoc_enabling_replicative_immortality,No,No,1,No
1044,hoc_enabling_replicative_immortality,No,No,1,No
1045,hoc_enabling_replicative_immortality,No,No,1,No
1046,hoc_enabling_replicative_immortality,No,No,1,No
1047,hoc_enabling_replicative_immortality,No,No,1,No
1048,hoc_enabling_replicative_immortality,No,No,1,No
1049,hoc_enabling_replicative_immortality,No,Yes,0,Yes
1050,hoc_enabling_replicative_immortality,No,No,1,No
1051,hoc_enabling_replicative_immortality,No,No,1,No
1052,hoc_enabling_replicative_immortality,No,No,1,No
1053,hoc_enabling_replicative_immortality,No,No,1,No
1054,hoc_enabling_replicative_immortality,No,No,1,No
1055,hoc_enabling_replicative_immortality,No,No,1,No
1056,hoc_enabling_replicative_immortality,No,No,1,No
1057,hoc_enabling_replicative_immortality,No,No,1,No
1058,hoc_enabling_replicative_immortality,No,No,1,No
1059,hoc_enabling_replicative_immortality,No,Yes,0,Yes
1060,hoc_enabling_replicative_immortality,No,No,1,No
1061,hoc_enabling_replicative_immortality,No,No,1,No
1062,hoc_enabling_replicative_immortality,No,No,1,No
1063,hoc_enabling_replicative_immortality,No,No,1,No
1064,hoc_enabling_replicative_immortality,No,No,1,No
1065,hoc_enabling_replicative_immortality,No,No,1,No
1066,hoc_enabling_replicative_immortality,No,No,1,No
1067,hoc_enabling_replicative_immortality,No,No,1,No
1068,hoc_enabling_replicative_immortality,No,No,1,No
1069,hoc_enabling_replicative_immortality,No,No,1,No
1070,hoc_enabling_replicative_immortality,No,No,1,No
1071,hoc_enabling_replicative_immortality,No,No,1,No
1072,hoc_enabling_replicative_immortality,No,No,1,No
1073,hoc_enabling_replicative_immortality,No,No,1,No
1074,hoc_enabling_replicative_immortality,No,No,1,No
1075,hoc_enabling_replicative_immortality,No,No,1,No
1076,hoc_enabling_replicative_immortality,No,No,1,No
1077,hoc_enabling_replicative_immortality,No,No,1,No
1078,hoc_enabling_replicative_immortality,No,No,1,No
1079,hoc_enabling_replicative_immortality,No,No,1,No
1080,hoc_enabling_replicative_immortality,No,No,1,No
1081,hoc_enabling_replicative_immortality,No,No,1,No
1082,hoc_enabling_replicative_immortality,No,No,1,No
1083,hoc_enabling_replicative_immortality,No,No,1,No
1084,hoc_enabling_replicative_immortality,No,No,1,No
1085,hoc_enabling_replicative_immortality,No,No,1,No
1086,hoc_enabling_replicative_immortality,No,No,1,No
1087,hoc_enabling_replicative_immortality,No,No,1,No
1088,hoc_enabling_replicative_immortality,No,No,1,No
1089,hoc_enabling_replicative_immortality,No,No,1,No
1090,hoc_enabling_replicative_immortality,No,No,1,No
1091,hoc_enabling_replicative_immortality,No,No,1,No
1092,hoc_enabling_replicative_immortality,No,No,1,No
1093,hoc_enabling_replicative_immortality,No,No,1,No
1094,hoc_enabling_replicative_immortality,No,No,1,No
1095,hoc_enabling_replicative_immortality,No,No,1,No
1096,hoc_enabling_replicative_immortality,No,No,1,No
1097,hoc_enabling_replicative_immortality,No,No,1,No
1098,hoc_enabling_replicative_immortality,No,No,1,No
1099,hoc_enabling_replicative_immortality,No,No,1,No
1100,hoc_enabling_replicative_immortality,Yes,No,0,No
1101,hoc_enabling_replicative_immortality,No,No,1,No
1102,hoc_enabling_replicative_immortality,No,No,1,No
1103,hoc_enabling_replicative_immortality,No,No,1,No
1104,hoc_enabling_replicative_immortality,No,No,1,No
1105,hoc_enabling_replicative_immortality,No,No,1,No
1106,hoc_enabling_replicative_immortality,No,No,1,No
1107,hoc_enabling_replicative_immortality,No,No,1,No
1108,hoc_enabling_replicative_immortality,No,No,1,No
1109,hoc_enabling_replicative_immortality,No,No,1,No
1110,hoc_enabling_replicative_immortality,No,No,1,No
1111,hoc_enabling_replicative_immortality,No,No,1,No
1112,hoc_enabling_replicative_immortality,No,No,1,No
1113,hoc_enabling_replicative_immortality,No,No,1,No
1114,hoc_enabling_replicative_immortality,No,No,1,No
1115,hoc_enabling_replicative_immortality,No,No,1,No
1116,hoc_enabling_replicative_immortality,No,No,1,No
1117,hoc_enabling_replicative_immortality,No,No,1,No
1118,hoc_enabling_replicative_immortality,No,No,1,No
1119,hoc_enabling_replicative_immortality,No,No,1,No
1120,hoc_enabling_replicative_immortality,No,No,1,No
1121,hoc_enabling_replicative_immortality,Yes,No,0,No
1122,hoc_enabling_replicative_immortality,No,No,1,No
1123,hoc_enabling_replicative_immortality,No,No,1,No
1124,hoc_enabling_replicative_immortality,No,No,1,No
1125,hoc_enabling_replicative_immortality,No,No,1,No
1126,hoc_enabling_replicative_immortality,Yes,No,0,No
1127,hoc_enabling_replicative_immortality,No,No,1,No
1128,hoc_enabling_replicative_immortality,No,No,1,No
1129,hoc_enabling_replicative_immortality,No,No,1,No
1130,hoc_enabling_replicative_immortality,No,No,1,No
1131,hoc_enabling_replicative_immortality,No,Yes,0,Yes
1132,hoc_enabling_replicative_immortality,No,No,1,No
1133,hoc_enabling_replicative_immortality,No,No,1,No
1134,hoc_enabling_replicative_immortality,No,No,1,No
1135,hoc_enabling_replicative_immortality,No,No,1,No
1136,hoc_enabling_replicative_immortality,No,No,1,No
1137,hoc_enabling_replicative_immortality,No,No,1,No
1138,hoc_enabling_replicative_immortality,No,No,1,No
1139,hoc_enabling_replicative_immortality,No,Yes,0,Yes
1140,hoc_enabling_replicative_immortality,No,No,1,No
1141,hoc_enabling_replicative_immortality,No,No,1,No
1142,hoc_enabling_replicative_immortality,No,No,1,No
1143,hoc_enabling_replicative_immortality,No,No,1,No
1144,hoc_enabling_replicative_immortality,No,No,1,No
1145,hoc_enabling_replicative_immortality,No,No,1,No
1146,hoc_enabling_replicative_immortality,No,No,1,No
1147,hoc_enabling_replicative_immortality,No,No,1,No
1148,hoc_enabling_replicative_immortality,No,No,1,No
1149,hoc_enabling_replicative_immortality,No,No,1,No
1150,hoc_enabling_replicative_immortality,No,No,1,No
1151,hoc_enabling_replicative_immortality,No,No,1,No
1152,hoc_enabling_replicative_immortality,No,No,1,No
1153,hoc_enabling_replicative_immortality,No,Yes,0,Yes
1154,hoc_enabling_replicative_immortality,No,No,1,No
1155,hoc_enabling_replicative_immortality,No,No,1,No
1156,hoc_enabling_replicative_immortality,No,No,1,No
1157,hoc_enabling_replicative_immortality,No,No,1,No
1158,hoc_enabling_replicative_immortality,No,No,1,No
1159,hoc_enabling_replicative_immortality,No,No,1,No
1160,hoc_enabling_replicative_immortality,No,No,1,No
1161,hoc_enabling_replicative_immortality,No,No,1,No
1162,hoc_enabling_replicative_immortality,No,No,1,No
1163,hoc_enabling_replicative_immortality,No,No,1,No
1164,hoc_enabling_replicative_immortality,No,No,1,No
1165,hoc_enabling_replicative_immortality,No,No,1,No
1166,hoc_enabling_replicative_immortality,No,No,1,No
1167,hoc_enabling_replicative_immortality,No,No,1,No
1168,hoc_enabling_replicative_immortality,No,No,1,No
1169,hoc_enabling_replicative_immortality,No,No,1,No
1170,hoc_enabling_replicative_immortality,No,No,1,No
1171,hoc_enabling_replicative_immortality,No,No,1,No
1172,hoc_enabling_replicative_immortality,No,No,1,No
1173,hoc_enabling_replicative_immortality,No,No,1,No
1174,hoc_enabling_replicative_immortality,No,No,1,No
1175,hoc_enabling_replicative_immortality,No,No,1,No
1176,hoc_enabling_replicative_immortality,No,No,1,No
1177,hoc_enabling_replicative_immortality,No,No,1,No
1178,hoc_enabling_replicative_immortality,No,No,1,No
1179,hoc_enabling_replicative_immortality,No,No,1,No
1180,hoc_enabling_replicative_immortality,No,No,1,No
1181,hoc_enabling_replicative_immortality,No,No,1,No
1182,hoc_enabling_replicative_immortality,No,No,1,No
1183,hoc_enabling_replicative_immortality,No,No,1,No
1184,hoc_enabling_replicative_immortality,No,No,1,No
1185,hoc_enabling_replicative_immortality,No,No,1,No
1186,hoc_enabling_replicative_immortality,No,No,1,No
1187,hoc_enabling_replicative_immortality,No,No,1,No
1188,hoc_enabling_replicative_immortality,No,No,1,No
1189,hoc_enabling_replicative_immortality,No,No,1,No
1190,hoc_enabling_replicative_immortality,No,No,1,No
1191,hoc_enabling_replicative_immortality,No,No,1,No
1192,hoc_enabling_replicative_immortality,No,No,1,No
1193,hoc_enabling_replicative_immortality,No,No,1,No
1194,hoc_enabling_replicative_immortality,No,No,1,No
1195,hoc_enabling_replicative_immortality,No,No,1,No
1196,hoc_enabling_replicative_immortality,No,No,1,No
1197,hoc_enabling_replicative_immortality,No,No,1,No
1198,hoc_enabling_replicative_immortality,No,No,1,No
1199,hoc_enabling_replicative_immortality,No,No,1,No
1200,hoc_enabling_replicative_immortality,No,No,1,No
1201,hoc_enabling_replicative_immortality,No,No,1,No
1202,hoc_enabling_replicative_immortality,No,No,1,No
1203,hoc_enabling_replicative_immortality,No,No,1,No
1204,hoc_enabling_replicative_immortality,No,No,1,No
1205,hoc_enabling_replicative_immortality,No,No,1,No
1206,hoc_enabling_replicative_immortality,No,No,1,No
1207,hoc_enabling_replicative_immortality,No,No,1,No
1208,hoc_enabling_replicative_immortality,No,No,1,No
1209,hoc_enabling_replicative_immortality,No,No,1,No
1210,hoc_enabling_replicative_immortality,No,No,1,No
1211,hoc_enabling_replicative_immortality,No,No,1,No
1212,hoc_enabling_replicative_immortality,Yes,Yes,1,Yes
1213,hoc_enabling_replicative_immortality,No,No,1,No
1214,hoc_enabling_replicative_immortality,No,No,1,No
1215,hoc_enabling_replicative_immortality,No,No,1,No
1216,hoc_enabling_replicative_immortality,No,No,1,No
1217,hoc_enabling_replicative_immortality,No,No,1,No
1218,hoc_enabling_replicative_immortality,No,No,1,No
1219,hoc_enabling_replicative_immortality,No,No,1,No
1220,hoc_enabling_replicative_immortality,No,No,1,No
1221,hoc_enabling_replicative_immortality,No,No,1,No
1222,hoc_enabling_replicative_immortality,No,No,1,No
1223,hoc_enabling_replicative_immortality,No,No,1,No
1224,hoc_enabling_replicative_immortality,No,No,1,No
1225,hoc_enabling_replicative_immortality,No,No,1,No
1226,hoc_enabling_replicative_immortality,No,No,1,No
1227,hoc_enabling_replicative_immortality,No,No,1,No
1228,hoc_enabling_replicative_immortality,No,No,1,No
1229,hoc_enabling_replicative_immortality,No,No,1,No
1230,hoc_enabling_replicative_immortality,No,No,1,No
1231,hoc_enabling_replicative_immortality,No,No,1,No
1232,hoc_enabling_replicative_immortality,No,No,1,No
1233,hoc_enabling_replicative_immortality,No,No,1,No
1234,hoc_enabling_replicative_immortality,No,No,1,No
1235,hoc_enabling_replicative_immortality,No,No,1,No
1236,hoc_enabling_replicative_immortality,No,Yes,0,Yes
1237,hoc_enabling_replicative_immortality,No,No,1,No
1238,hoc_enabling_replicative_immortality,No,No,1,No
1239,hoc_enabling_replicative_immortality,No,No,1,No
1240,hoc_enabling_replicative_immortality,No,No,1,No
1241,hoc_enabling_replicative_immortality,No,No,1,No
1242,hoc_enabling_replicative_immortality,No,No,1,No
1243,hoc_enabling_replicative_immortality,No,No,1,No
1244,hoc_enabling_replicative_immortality,No,No,1,No
1245,hoc_enabling_replicative_immortality,No,No,1,No
1246,hoc_enabling_replicative_immortality,No,No,1,No
1247,hoc_enabling_replicative_immortality,No,No,1,No
1248,hoc_enabling_replicative_immortality,No,No,1,No
1249,hoc_enabling_replicative_immortality,No,No,1,No
1250,hoc_enabling_replicative_immortality,No,No,1,No
1251,hoc_enabling_replicative_immortality,No,No,1,No
1252,hoc_enabling_replicative_immortality,No,Yes,0,Yes
1253,hoc_enabling_replicative_immortality,No,No,1,No
1254,hoc_enabling_replicative_immortality,No,No,1,No
1255,hoc_enabling_replicative_immortality,No,No,1,No
1256,hoc_enabling_replicative_immortality,No,No,1,No
1257,hoc_enabling_replicative_immortality,No,No,1,No
1258,hoc_enabling_replicative_immortality,No,No,1,No
1259,hoc_enabling_replicative_immortality,No,No,1,No
1260,hoc_enabling_replicative_immortality,No,No,1,No
1261,hoc_enabling_replicative_immortality,No,No,1,No
1262,hoc_enabling_replicative_immortality,No,No,1,No
1263,hoc_enabling_replicative_immortality,No,No,1,No
1264,hoc_enabling_replicative_immortality,No,No,1,No
1265,hoc_enabling_replicative_immortality,No,No,1,No
1266,hoc_enabling_replicative_immortality,No,No,1,No
1267,hoc_enabling_replicative_immortality,No,No,1,No
1268,hoc_enabling_replicative_immortality,No,No,1,No
1269,hoc_enabling_replicative_immortality,No,No,1,No
1270,hoc_enabling_replicative_immortality,No,No,1,No
1271,hoc_enabling_replicative_immortality,No,No,1,No
1272,hoc_enabling_replicative_immortality,No,No,1,No
1273,hoc_enabling_replicative_immortality,No,No,1,No
1274,hoc_enabling_replicative_immortality,No,No,1,No
1275,hoc_enabling_replicative_immortality,No,No,1,No
1276,hoc_enabling_replicative_immortality,No,No,1,No
1277,hoc_enabling_replicative_immortality,No,No,1,No
1278,hoc_enabling_replicative_immortality,No,No,1,No
1279,hoc_enabling_replicative_immortality,No,No,1,No
1280,hoc_enabling_replicative_immortality,No,No,1,No
1281,hoc_enabling_replicative_immortality,No,No,1,No
1282,hoc_enabling_replicative_immortality,No,No,1,No
1283,hoc_enabling_replicative_immortality,No,No,1,No
1284,hoc_enabling_replicative_immortality,No,No,1,No
1285,hoc_enabling_replicative_immortality,No,No,1,No
1286,hoc_enabling_replicative_immortality,No,No,1,No
1287,hoc_enabling_replicative_immortality,No,No,1,No
1288,hoc_enabling_replicative_immortality,No,No,1,No
1289,hoc_enabling_replicative_immortality,No,No,1,No
1290,hoc_enabling_replicative_immortality,No,No,1,No
1291,hoc_enabling_replicative_immortality,No,No,1,No
1292,hoc_enabling_replicative_immortality,No,No,1,No
1293,hoc_enabling_replicative_immortality,No,No,1,No
1294,hoc_enabling_replicative_immortality,No,No,1,No
1295,hoc_enabling_replicative_immortality,No,No,1,No
1296,hoc_enabling_replicative_immortality,No,No,1,No
1297,hoc_enabling_replicative_immortality,No,No,1,No
1298,hoc_enabling_replicative_immortality,No,No,1,No
1299,hoc_enabling_replicative_immortality,No,No,1,No
1300,hoc_enabling_replicative_immortality,No,No,1,No
1301,hoc_enabling_replicative_immortality,No,No,1,No
1302,hoc_enabling_replicative_immortality,No,No,1,No
1303,hoc_enabling_replicative_immortality,No,No,1,No
1304,hoc_enabling_replicative_immortality,No,No,1,No
1305,hoc_enabling_replicative_immortality,No,No,1,No
1306,hoc_enabling_replicative_immortality,No,No,1,No
1307,hoc_enabling_replicative_immortality,Yes,No,0,No
1308,hoc_enabling_replicative_immortality,No,No,1,No
1309,hoc_enabling_replicative_immortality,No,No,1,No
1310,hoc_enabling_replicative_immortality,No,No,1,No
1311,hoc_enabling_replicative_immortality,No,No,1,No
1312,hoc_enabling_replicative_immortality,No,No,1,No
1313,hoc_enabling_replicative_immortality,No,No,1,No
1314,hoc_enabling_replicative_immortality,No,No,1,No
1315,hoc_enabling_replicative_immortality,No,No,1,No
1316,hoc_enabling_replicative_immortality,No,No,1,No
1317,hoc_enabling_replicative_immortality,Yes,No,0,No
1318,hoc_enabling_replicative_immortality,No,No,1,No
1319,hoc_enabling_replicative_immortality,No,No,1,No
1320,hoc_enabling_replicative_immortality,No,No,1,No
1321,hoc_enabling_replicative_immortality,No,No,1,No
1322,hoc_enabling_replicative_immortality,No,No,1,No
1323,hoc_enabling_replicative_immortality,Yes,No,0,No
1324,hoc_enabling_replicative_immortality,No,No,1,No
1325,hoc_enabling_replicative_immortality,No,No,1,No
1326,hoc_enabling_replicative_immortality,No,No,1,No
1327,hoc_enabling_replicative_immortality,No,No,1,No
1328,hoc_enabling_replicative_immortality,No,No,1,No
1329,hoc_enabling_replicative_immortality,No,No,1,No
1330,hoc_enabling_replicative_immortality,No,No,1,No
1331,hoc_enabling_replicative_immortality,Yes,No,0,No
1332,hoc_enabling_replicative_immortality,No,No,1,No
1333,hoc_enabling_replicative_immortality,No,No,1,No
1334,hoc_enabling_replicative_immortality,No,No,1,No
1335,hoc_enabling_replicative_immortality,No,No,1,No
1336,hoc_enabling_replicative_immortality,Yes,Yes,1,Yes
1337,hoc_enabling_replicative_immortality,No,No,1,No
1338,hoc_enabling_replicative_immortality,No,No,1,No
1339,hoc_enabling_replicative_immortality,No,No,1,No
1340,hoc_enabling_replicative_immortality,No,No,1,No
1341,hoc_enabling_replicative_immortality,No,No,1,No
1342,hoc_enabling_replicative_immortality,No,No,1,No
1343,hoc_enabling_replicative_immortality,No,No,1,No
1344,hoc_enabling_replicative_immortality,No,No,1,No
1345,hoc_enabling_replicative_immortality,No,No,1,No
1346,hoc_enabling_replicative_immortality,No,No,1,No
1347,hoc_enabling_replicative_immortality,No,No,1,No
1348,hoc_enabling_replicative_immortality,No,No,1,No
1349,hoc_enabling_replicative_immortality,Yes,No,0,No
1350,hoc_enabling_replicative_immortality,No,No,1,No
1351,hoc_enabling_replicative_immortality,Yes,No,0,No
1352,hoc_enabling_replicative_immortality,No,No,1,No
1353,hoc_enabling_replicative_immortality,Yes,No,0,No
1354,hoc_enabling_replicative_immortality,No,No,1,No
1355,hoc_enabling_replicative_immortality,No,No,1,No
1356,hoc_enabling_replicative_immortality,No,No,1,No
1357,hoc_enabling_replicative_immortality,No,No,1,No
1358,hoc_enabling_replicative_immortality,No,No,1,No
1359,hoc_enabling_replicative_immortality,No,No,1,No
1360,hoc_enabling_replicative_immortality,No,No,1,No
1361,hoc_enabling_replicative_immortality,No,No,1,No
1362,hoc_enabling_replicative_immortality,No,No,1,No
1363,hoc_enabling_replicative_immortality,No,No,1,No
1364,hoc_enabling_replicative_immortality,No,No,1,No
1365,hoc_enabling_replicative_immortality,Yes,No,0,No
1366,hoc_enabling_replicative_immortality,Yes,No,0,No
1367,hoc_enabling_replicative_immortality,No,No,1,No
1368,hoc_enabling_replicative_immortality,No,No,1,No
1369,hoc_enabling_replicative_immortality,Yes,No,0,No
1370,hoc_enabling_replicative_immortality,No,No,1,No
1371,hoc_enabling_replicative_immortality,No,No,1,No
1372,hoc_enabling_replicative_immortality,No,No,1,No
1373,hoc_enabling_replicative_immortality,No,No,1,No
1374,hoc_enabling_replicative_immortality,No,No,1,No
1375,hoc_enabling_replicative_immortality,No,No,1,No
1376,hoc_enabling_replicative_immortality,No,No,1,No
1377,hoc_enabling_replicative_immortality,No,No,1,No
1378,hoc_enabling_replicative_immortality,No,No,1,No
1379,hoc_enabling_replicative_immortality,No,No,1,No
1380,hoc_enabling_replicative_immortality,No,No,1,No
1381,hoc_enabling_replicative_immortality,No,No,1,No
1382,hoc_enabling_replicative_immortality,No,No,1,No
1383,hoc_enabling_replicative_immortality,Yes,No,0,No
1384,hoc_enabling_replicative_immortality,No,No,1,No
1385,hoc_enabling_replicative_immortality,No,No,1,No
1386,hoc_enabling_replicative_immortality,No,No,1,No
1387,hoc_enabling_replicative_immortality,No,No,1,No
1388,hoc_enabling_replicative_immortality,No,No,1,No
1389,hoc_enabling_replicative_immortality,No,No,1,No
1390,hoc_enabling_replicative_immortality,No,No,1,No
1391,hoc_enabling_replicative_immortality,No,Yes,0,Yes
1392,hoc_enabling_replicative_immortality,No,No,1,No
1393,hoc_enabling_replicative_immortality,No,No,1,No
1394,hoc_enabling_replicative_immortality,No,No,1,No
1395,hoc_enabling_replicative_immortality,No,No,1,No
1396,hoc_enabling_replicative_immortality,No,No,1,No
1397,hoc_enabling_replicative_immortality,No,No,1,No
1398,hoc_enabling_replicative_immortality,No,Yes,0,Yes
1399,hoc_enabling_replicative_immortality,No,No,1,No
1400,hoc_enabling_replicative_immortality,No,No,1,No
1401,hoc_enabling_replicative_immortality,No,No,1,No
1402,hoc_enabling_replicative_immortality,No,No,1,No
1403,hoc_enabling_replicative_immortality,No,No,1,No
1404,hoc_enabling_replicative_immortality,No,No,1,No
1405,hoc_enabling_replicative_immortality,Yes,No,0,No
1406,hoc_enabling_replicative_immortality,No,No,1,No
1407,hoc_enabling_replicative_immortality,No,No,1,No
1408,hoc_enabling_replicative_immortality,No,No,1,No
1409,hoc_enabling_replicative_immortality,Yes,Yes,1,Yes
1410,hoc_enabling_replicative_immortality,No,No,1,No
1411,hoc_enabling_replicative_immortality,No,No,1,No
1412,hoc_enabling_replicative_immortality,No,No,1,No
1413,hoc_enabling_replicative_immortality,No,No,1,No
1414,hoc_enabling_replicative_immortality,No,No,1,No
1415,hoc_enabling_replicative_immortality,No,No,1,No
1416,hoc_enabling_replicative_immortality,No,No,1,No
1417,hoc_enabling_replicative_immortality,No,No,1,No
1418,hoc_enabling_replicative_immortality,No,No,1,No
1419,hoc_enabling_replicative_immortality,No,No,1,No
1420,hoc_enabling_replicative_immortality,No,No,1,No
1421,hoc_enabling_replicative_immortality,No,No,1,No
1422,hoc_enabling_replicative_immortality,No,No,1,No
1423,hoc_enabling_replicative_immortality,No,No,1,No
1424,hoc_enabling_replicative_immortality,No,No,1,No
1425,hoc_enabling_replicative_immortality,No,No,1,No
1426,hoc_enabling_replicative_immortality,No,No,1,No
1427,hoc_enabling_replicative_immortality,No,No,1,No
1428,hoc_enabling_replicative_immortality,No,No,1,No
1429,hoc_enabling_replicative_immortality,No,No,1,No
1430,hoc_enabling_replicative_immortality,No,No,1,No
1431,hoc_enabling_replicative_immortality,No,No,1,No
1432,hoc_enabling_replicative_immortality,Yes,No,0,No
1433,hoc_enabling_replicative_immortality,No,No,1,No
1434,hoc_enabling_replicative_immortality,No,No,1,No
1435,hoc_enabling_replicative_immortality,No,No,1,No
1436,hoc_enabling_replicative_immortality,Yes,No,0,No
1437,hoc_enabling_replicative_immortality,No,No,1,No
1438,hoc_enabling_replicative_immortality,No,No,1,No
1439,hoc_enabling_replicative_immortality,No,No,1,No
1440,hoc_enabling_replicative_immortality,No,No,1,No
1441,hoc_enabling_replicative_immortality,No,No,1,No
1442,hoc_enabling_replicative_immortality,No,No,1,No
1443,hoc_enabling_replicative_immortality,No,No,1,No
1444,hoc_enabling_replicative_immortality,No,No,1,No
1445,hoc_enabling_replicative_immortality,No,No,1,No
1446,hoc_enabling_replicative_immortality,No,No,1,No
1447,hoc_enabling_replicative_immortality,No,No,1,No
1448,hoc_enabling_replicative_immortality,No,No,1,No
1449,hoc_enabling_replicative_immortality,No,No,1,No
1450,hoc_enabling_replicative_immortality,No,No,1,No
1451,hoc_enabling_replicative_immortality,No,No,1,No
1452,hoc_enabling_replicative_immortality,No,No,1,No
1453,hoc_enabling_replicative_immortality,No,No,1,No
1454,hoc_enabling_replicative_immortality,No,No,1,No
1455,hoc_enabling_replicative_immortality,No,No,1,No
1456,hoc_enabling_replicative_immortality,No,No,1,No
1457,hoc_enabling_replicative_immortality,No,No,1,No
1458,hoc_enabling_replicative_immortality,No,Yes,0,Yes
1459,hoc_enabling_replicative_immortality,No,No,1,No
1460,hoc_enabling_replicative_immortality,No,No,1,No
1461,hoc_enabling_replicative_immortality,No,No,1,No
1462,hoc_enabling_replicative_immortality,No,No,1,No
1463,hoc_enabling_replicative_immortality,No,No,1,No
1464,hoc_enabling_replicative_immortality,No,No,1,No
1465,hoc_enabling_replicative_immortality,No,No,1,No
1466,hoc_enabling_replicative_immortality,No,No,1,No
1467,hoc_enabling_replicative_immortality,Yes,No,0,No
1468,hoc_enabling_replicative_immortality,No,No,1,No
1469,hoc_enabling_replicative_immortality,No,No,1,No
1470,hoc_enabling_replicative_immortality,No,No,1,No
1471,hoc_enabling_replicative_immortality,Yes,No,0,No
1472,hoc_enabling_replicative_immortality,No,No,1,No
1473,hoc_enabling_replicative_immortality,No,No,1,No
1474,hoc_enabling_replicative_immortality,No,No,1,No
1475,hoc_enabling_replicative_immortality,No,No,1,No
1476,hoc_enabling_replicative_immortality,No,No,1,No
1477,hoc_enabling_replicative_immortality,No,No,1,No
1478,hoc_enabling_replicative_immortality,No,No,1,No
1479,hoc_enabling_replicative_immortality,No,No,1,No
1480,hoc_enabling_replicative_immortality,No,Yes,0,Yes
1481,hoc_enabling_replicative_immortality,Yes,No,0,No
1482,hoc_enabling_replicative_immortality,No,No,1,No
1483,hoc_enabling_replicative_immortality,No,No,1,No
1484,hoc_enabling_replicative_immortality,No,No,1,No
1485,hoc_enabling_replicative_immortality,No,No,1,No
1486,hoc_enabling_replicative_immortality,No,No,1,No
1487,hoc_enabling_replicative_immortality,Yes,No,0,No
1488,hoc_enabling_replicative_immortality,No,No,1,No
1489,hoc_enabling_replicative_immortality,No,No,1,No
1490,hoc_enabling_replicative_immortality,Yes,Yes,1,Yes
1491,hoc_enabling_replicative_immortality,No,No,1,No
1492,hoc_enabling_replicative_immortality,No,No,1,No
1493,hoc_enabling_replicative_immortality,No,No,1,No
1494,hoc_enabling_replicative_immortality,No,No,1,No
1495,hoc_enabling_replicative_immortality,No,No,1,No
1496,hoc_enabling_replicative_immortality,No,No,1,No
1497,hoc_enabling_replicative_immortality,No,No,1,No
1498,hoc_enabling_replicative_immortality,No,No,1,No
1499,hoc_enabling_replicative_immortality,No,No,1,No
1500,hoc_enabling_replicative_immortality,No,No,1,No
1501,hoc_enabling_replicative_immortality,No,No,1,No
1502,hoc_enabling_replicative_immortality,No,No,1,No
1503,hoc_enabling_replicative_immortality,No,No,1,No
1504,hoc_enabling_replicative_immortality,No,No,1,No
1505,hoc_enabling_replicative_immortality,No,No,1,No
1506,hoc_enabling_replicative_immortality,No,No,1,No
1507,hoc_enabling_replicative_immortality,No,No,1,No
1508,hoc_enabling_replicative_immortality,No,No,1,No
1509,hoc_enabling_replicative_immortality,No,No,1,No
1510,hoc_enabling_replicative_immortality,No,No,1,No
1511,hoc_enabling_replicative_immortality,No,No,1,No
1512,hoc_enabling_replicative_immortality,No,No,1,No
1513,hoc_enabling_replicative_immortality,No,No,1,No
1514,hoc_enabling_replicative_immortality,No,No,1,No
1515,hoc_enabling_replicative_immortality,No,No,1,No
1516,hoc_enabling_replicative_immortality,No,No,1,No
1517,hoc_enabling_replicative_immortality,No,No,1,No
1518,hoc_enabling_replicative_immortality,No,No,1,No
1519,hoc_enabling_replicative_immortality,No,No,1,No
1520,hoc_enabling_replicative_immortality,No,No,1,No
1521,hoc_enabling_replicative_immortality,No,No,1,No
1522,hoc_enabling_replicative_immortality,No,No,1,No
1523,hoc_enabling_replicative_immortality,No,No,1,No
1524,hoc_enabling_replicative_immortality,Yes,No,0,No
1525,hoc_enabling_replicative_immortality,No,No,1,No
1526,hoc_enabling_replicative_immortality,No,No,1,No
1527,hoc_enabling_replicative_immortality,No,No,1,No
1528,hoc_enabling_replicative_immortality,No,No,1,No
1529,hoc_enabling_replicative_immortality,Yes,No,0,No
1530,hoc_enabling_replicative_immortality,No,No,1,No
1531,hoc_enabling_replicative_immortality,No,No,1,No
1532,hoc_enabling_replicative_immortality,No,No,1,No
1533,hoc_enabling_replicative_immortality,No,No,1,No
1534,hoc_enabling_replicative_immortality,No,No,1,No
1535,hoc_enabling_replicative_immortality,Yes,No,0,No
1536,hoc_enabling_replicative_immortality,No,No,1,No
1537,hoc_enabling_replicative_immortality,Yes,Yes,1,Yes
1538,hoc_enabling_replicative_immortality,Yes,No,0,No
1539,hoc_enabling_replicative_immortality,No,No,1,No
1540,hoc_enabling_replicative_immortality,Yes,No,0,No
1541,hoc_enabling_replicative_immortality,No,No,1,No
1542,hoc_enabling_replicative_immortality,No,No,1,No
1543,hoc_enabling_replicative_immortality,No,No,1,No
1544,hoc_enabling_replicative_immortality,No,No,1,No
1545,hoc_enabling_replicative_immortality,No,No,1,No
1546,hoc_enabling_replicative_immortality,No,No,1,No
1547,hoc_enabling_replicative_immortality,No,No,1,No
1548,hoc_enabling_replicative_immortality,No,No,1,No
1549,hoc_enabling_replicative_immortality,No,No,1,No
1550,hoc_enabling_replicative_immortality,Yes,No,0,No
1551,hoc_enabling_replicative_immortality,No,No,1,No
1552,hoc_enabling_replicative_immortality,No,No,1,No
1553,hoc_enabling_replicative_immortality,No,No,1,No
1554,hoc_enabling_replicative_immortality,No,No,1,No
1555,hoc_enabling_replicative_immortality,No,No,1,No
1556,hoc_enabling_replicative_immortality,No,No,1,No
1557,hoc_enabling_replicative_immortality,No,No,1,No
1558,hoc_enabling_replicative_immortality,No,No,1,No
1559,hoc_enabling_replicative_immortality,No,No,1,No
1560,hoc_enabling_replicative_immortality,No,No,1,No
1561,hoc_enabling_replicative_immortality,No,No,1,No
1562,hoc_enabling_replicative_immortality,No,No,1,No
1563,hoc_enabling_replicative_immortality,No,No,1,No
1564,hoc_enabling_replicative_immortality,No,No,1,No
1565,hoc_enabling_replicative_immortality,Yes,Yes,1,Yes
1566,hoc_enabling_replicative_immortality,No,No,1,No
1567,hoc_enabling_replicative_immortality,No,No,1,No
1568,hoc_enabling_replicative_immortality,No,No,1,No
1569,hoc_enabling_replicative_immortality,No,No,1,No
1570,hoc_enabling_replicative_immortality,No,No,1,No
1571,hoc_enabling_replicative_immortality,No,No,1,No
1572,hoc_enabling_replicative_immortality,No,No,1,No
1573,hoc_enabling_replicative_immortality,Yes,No,0,No
1574,hoc_enabling_replicative_immortality,No,No,1,No
1575,hoc_enabling_replicative_immortality,No,No,1,No
1576,hoc_enabling_replicative_immortality,No,No,1,No
1577,hoc_enabling_replicative_immortality,No,No,1,No
1578,hoc_enabling_replicative_immortality,No,No,1,No
1579,hoc_enabling_replicative_immortality,No,No,1,No
1580,hoc_enabling_replicative_immortality,No,No,1,No
1581,hoc_enabling_replicative_immortality,No,No,1,No
1582,hoc_enabling_replicative_immortality,No,No,1,No
1583,hoc_enabling_replicative_immortality,No,No,1,No
1584,hoc_enabling_replicative_immortality,No,No,1,No
1585,hoc_enabling_replicative_immortality,No,No,1,No
1586,hoc_enabling_replicative_immortality,No,No,1,No
1587,hoc_enabling_replicative_immortality,No,No,1,No
1588,hoc_enabling_replicative_immortality,No,No,1,No
1589,hoc_enabling_replicative_immortality,No,No,1,No
1590,hoc_enabling_replicative_immortality,No,No,1,No
1591,hoc_enabling_replicative_immortality,No,No,1,No
1592,hoc_enabling_replicative_immortality,No,No,1,No
1593,hoc_enabling_replicative_immortality,No,No,1,No
1594,hoc_enabling_replicative_immortality,No,Yes,0,Yes
1595,hoc_enabling_replicative_immortality,No,No,1,No
1596,hoc_enabling_replicative_immortality,No,No,1,No
1597,hoc_enabling_replicative_immortality,No,No,1,No
1598,hoc_enabling_replicative_immortality,No,No,1,No
1599,hoc_enabling_replicative_immortality,No,No,1,No
1600,hoc_enabling_replicative_immortality,No,No,1,No
1601,hoc_enabling_replicative_immortality,No,No,1,No
1602,hoc_enabling_replicative_immortality,No,No,1,No
1603,hoc_enabling_replicative_immortality,No,No,1,No
1604,hoc_enabling_replicative_immortality,No,No,1,No
1605,hoc_enabling_replicative_immortality,No,No,1,No
1606,hoc_enabling_replicative_immortality,No,No,1,No
1607,hoc_enabling_replicative_immortality,No,No,1,No
1608,hoc_enabling_replicative_immortality,No,No,1,No
1609,hoc_enabling_replicative_immortality,No,No,1,No
1610,hoc_enabling_replicative_immortality,No,No,1,No
1611,hoc_enabling_replicative_immortality,Yes,Yes,1,Yes
1612,hoc_enabling_replicative_immortality,No,No,1,No
1613,hoc_enabling_replicative_immortality,No,No,1,No
1614,hoc_enabling_replicative_immortality,No,No,1,No
1615,hoc_enabling_replicative_immortality,No,No,1,No
1616,hoc_enabling_replicative_immortality,No,No,1,No
1617,hoc_enabling_replicative_immortality,Yes,No,0,No
1618,hoc_enabling_replicative_immortality,No,No,1,No
1619,hoc_enabling_replicative_immortality,No,No,1,No
1620,hoc_enabling_replicative_immortality,No,No,1,No
1621,hoc_enabling_replicative_immortality,No,No,1,No
1622,hoc_enabling_replicative_immortality,Yes,No,0,No
1623,hoc_enabling_replicative_immortality,No,No,1,No
1624,hoc_enabling_replicative_immortality,Yes,No,0,No
1625,hoc_enabling_replicative_immortality,Yes,No,0,No
1626,hoc_enabling_replicative_immortality,No,No,1,No
1627,hoc_enabling_replicative_immortality,No,No,1,No
1628,hoc_enabling_replicative_immortality,No,No,1,No
1629,hoc_enabling_replicative_immortality,No,No,1,No
1630,hoc_enabling_replicative_immortality,No,No,1,No
1631,hoc_enabling_replicative_immortality,No,No,1,No
1632,hoc_enabling_replicative_immortality,No,No,1,No
1633,hoc_enabling_replicative_immortality,No,No,1,No
1634,hoc_enabling_replicative_immortality,No,No,1,No
1635,hoc_enabling_replicative_immortality,No,No,1,No
1636,hoc_enabling_replicative_immortality,Yes,No,0,No
1637,hoc_enabling_replicative_immortality,No,No,1,No
1638,hoc_enabling_replicative_immortality,No,No,1,No
1639,hoc_enabling_replicative_immortality,No,No,1,No
1640,hoc_enabling_replicative_immortality,No,Yes,0,Yes
1641,hoc_enabling_replicative_immortality,No,No,1,No
1642,hoc_enabling_replicative_immortality,No,No,1,No
1643,hoc_enabling_replicative_immortality,No,No,1,No
1644,hoc_enabling_replicative_immortality,No,No,1,No
1645,hoc_enabling_replicative_immortality,No,No,1,No
1646,hoc_enabling_replicative_immortality,No,No,1,No
1647,hoc_enabling_replicative_immortality,No,No,1,No
1648,hoc_enabling_replicative_immortality,No,No,1,No
1649,hoc_enabling_replicative_immortality,No,No,1,No
1650,hoc_enabling_replicative_immortality,No,No,1,No
1651,hoc_enabling_replicative_immortality,No,No,1,No
1652,hoc_enabling_replicative_immortality,No,No,1,No
1653,hoc_enabling_replicative_immortality,No,No,1,No
1654,hoc_enabling_replicative_immortality,No,No,1,No
1655,hoc_enabling_replicative_immortality,No,No,1,No
1656,hoc_enabling_replicative_immortality,No,No,1,No
1657,hoc_enabling_replicative_immortality,No,No,1,No
1658,hoc_enabling_replicative_immortality,No,No,1,No
1659,hoc_enabling_replicative_immortality,No,No,1,No
1660,hoc_enabling_replicative_immortality,No,No,1,No
1661,hoc_enabling_replicative_immortality,No,No,1,No
1662,hoc_enabling_replicative_immortality,No,No,1,No
1663,hoc_enabling_replicative_immortality,No,No,1,No
1664,hoc_enabling_replicative_immortality,No,No,1,No
1665,hoc_enabling_replicative_immortality,No,No,1,No
1666,hoc_enabling_replicative_immortality,No,No,1,No
1667,hoc_enabling_replicative_immortality,No,No,1,No
1668,hoc_enabling_replicative_immortality,No,No,1,No
1669,hoc_enabling_replicative_immortality,No,No,1,No
1670,hoc_enabling_replicative_immortality,No,No,1,No
1671,hoc_enabling_replicative_immortality,No,No,1,No
1672,hoc_enabling_replicative_immortality,No,No,1,No
1673,hoc_enabling_replicative_immortality,No,No,1,No
1674,hoc_enabling_replicative_immortality,No,No,1,No
1675,hoc_enabling_replicative_immortality,No,No,1,No
1676,hoc_enabling_replicative_immortality,No,No,1,No
1677,hoc_enabling_replicative_immortality,No,No,1,No
1678,hoc_enabling_replicative_immortality,No,No,1,No
1679,hoc_enabling_replicative_immortality,No,No,1,No
1680,hoc_enabling_replicative_immortality,No,No,1,No
1681,hoc_enabling_replicative_immortality,No,No,1,No
1682,hoc_enabling_replicative_immortality,No,No,1,No
1683,hoc_enabling_replicative_immortality,No,No,1,No
1684,hoc_enabling_replicative_immortality,No,No,1,No
1685,hoc_enabling_replicative_immortality,No,No,1,No
1686,hoc_enabling_replicative_immortality,No,No,1,No
1687,hoc_enabling_replicative_immortality,No,No,1,No
1688,hoc_enabling_replicative_immortality,No,No,1,No
1689,hoc_enabling_replicative_immortality,No,No,1,No
1690,hoc_enabling_replicative_immortality,No,No,1,No
1691,hoc_enabling_replicative_immortality,No,No,1,No
1692,hoc_enabling_replicative_immortality,No,No,1,No
1693,hoc_enabling_replicative_immortality,No,No,1,No
1694,hoc_enabling_replicative_immortality,No,No,1,No
1695,hoc_enabling_replicative_immortality,No,No,1,No
1696,hoc_enabling_replicative_immortality,No,No,1,No
1697,hoc_enabling_replicative_immortality,Yes,No,0,No
1698,hoc_enabling_replicative_immortality,No,No,1,No
1699,hoc_enabling_replicative_immortality,No,No,1,No
1700,hoc_enabling_replicative_immortality,No,No,1,No
1701,hoc_enabling_replicative_immortality,Yes,No,0,No
1702,hoc_enabling_replicative_immortality,Yes,No,0,No
1703,hoc_enabling_replicative_immortality,No,No,1,No
1704,hoc_enabling_replicative_immortality,No,No,1,No
1705,hoc_enabling_replicative_immortality,No,No,1,No
1706,hoc_enabling_replicative_immortality,No,No,1,No
1707,hoc_enabling_replicative_immortality,No,No,1,No
1708,hoc_enabling_replicative_immortality,No,No,1,No
1709,hoc_enabling_replicative_immortality,No,No,1,No
1710,hoc_enabling_replicative_immortality,No,No,1,No
1711,hoc_enabling_replicative_immortality,No,No,1,No
1712,hoc_enabling_replicative_immortality,No,No,1,No
1713,hoc_enabling_replicative_immortality,No,No,1,No
1714,hoc_enabling_replicative_immortality,No,No,1,No
1715,hoc_enabling_replicative_immortality,No,No,1,No
1716,hoc_enabling_replicative_immortality,No,No,1,No
1717,hoc_enabling_replicative_immortality,No,No,1,No
1718,hoc_enabling_replicative_immortality,No,No,1,No
1719,hoc_enabling_replicative_immortality,No,No,1,No
1720,hoc_enabling_replicative_immortality,No,No,1,No
1721,hoc_enabling_replicative_immortality,No,No,1,No
1722,hoc_enabling_replicative_immortality,No,No,1,No
1723,hoc_enabling_replicative_immortality,No,No,1,No
1724,hoc_enabling_replicative_immortality,No,No,1,No
1725,hoc_enabling_replicative_immortality,No,No,1,No
1726,hoc_enabling_replicative_immortality,No,No,1,No
1727,hoc_enabling_replicative_immortality,No,No,1,No
1728,hoc_enabling_replicative_immortality,No,No,1,No
1729,hoc_enabling_replicative_immortality,No,No,1,No
1730,hoc_enabling_replicative_immortality,No,No,1,No
1731,hoc_enabling_replicative_immortality,No,No,1,No
1732,hoc_enabling_replicative_immortality,No,No,1,No
1733,hoc_enabling_replicative_immortality,No,No,1,No
1734,hoc_enabling_replicative_immortality,No,No,1,No
1735,hoc_enabling_replicative_immortality,No,No,1,No
1736,hoc_enabling_replicative_immortality,No,No,1,No
1737,hoc_enabling_replicative_immortality,No,No,1,No
1738,hoc_enabling_replicative_immortality,No,No,1,No
1739,hoc_enabling_replicative_immortality,No,No,1,No
1740,hoc_enabling_replicative_immortality,No,No,1,No
1741,hoc_enabling_replicative_immortality,No,No,1,No
1742,hoc_enabling_replicative_immortality,No,No,1,No
1743,hoc_enabling_replicative_immortality,No,No,1,No
1744,hoc_enabling_replicative_immortality,Yes,No,0,No
1745,hoc_enabling_replicative_immortality,No,No,1,No
1746,hoc_enabling_replicative_immortality,No,No,1,No
1747,hoc_enabling_replicative_immortality,No,No,1,No
1748,hoc_enabling_replicative_immortality,No,No,1,No
1749,hoc_enabling_replicative_immortality,No,No,1,No
1750,hoc_enabling_replicative_immortality,Yes,No,0,No
1751,hoc_enabling_replicative_immortality,No,No,1,No
1752,hoc_enabling_replicative_immortality,No,No,1,No
1753,hoc_enabling_replicative_immortality,No,No,1,No
1754,hoc_enabling_replicative_immortality,No,No,1,No
1755,hoc_enabling_replicative_immortality,No,No,1,No
1756,hoc_enabling_replicative_immortality,No,No,1,No
1757,hoc_enabling_replicative_immortality,No,No,1,No
1758,hoc_enabling_replicative_immortality,No,No,1,No
1759,hoc_enabling_replicative_immortality,No,No,1,No
1760,hoc_enabling_replicative_immortality,No,No,1,No
1761,hoc_enabling_replicative_immortality,No,No,1,No
1762,hoc_enabling_replicative_immortality,No,No,1,No
1763,hoc_enabling_replicative_immortality,No,No,1,No
1764,hoc_enabling_replicative_immortality,No,No,1,No
1765,hoc_enabling_replicative_immortality,No,No,1,No
1766,hoc_enabling_replicative_immortality,No,No,1,No
1767,hoc_enabling_replicative_immortality,No,No,1,No
1768,hoc_enabling_replicative_immortality,No,No,1,No
1769,hoc_enabling_replicative_immortality,No,No,1,No
1770,hoc_enabling_replicative_immortality,No,No,1,No
1771,hoc_enabling_replicative_immortality,No,No,1,No
1772,hoc_enabling_replicative_immortality,No,No,1,No
1773,hoc_enabling_replicative_immortality,No,No,1,No
1774,hoc_enabling_replicative_immortality,No,No,1,No
1775,hoc_enabling_replicative_immortality,No,No,1,No
1776,hoc_enabling_replicative_immortality,No,No,1,No
1777,hoc_enabling_replicative_immortality,No,No,1,No
1778,hoc_enabling_replicative_immortality,No,No,1,No
1779,hoc_enabling_replicative_immortality,No,No,1,No
1780,hoc_enabling_replicative_immortality,No,No,1,No
1781,hoc_enabling_replicative_immortality,No,No,1,No
1782,hoc_enabling_replicative_immortality,No,No,1,No
1783,hoc_enabling_replicative_immortality,No,No,1,No
1784,hoc_enabling_replicative_immortality,No,No,1,No
1785,hoc_enabling_replicative_immortality,No,No,1,No
1786,hoc_enabling_replicative_immortality,No,No,1,No
1787,hoc_enabling_replicative_immortality,No,No,1,No
1788,hoc_enabling_replicative_immortality,No,Yes,0,Yes
1789,hoc_enabling_replicative_immortality,No,No,1,No
1790,hoc_enabling_replicative_immortality,No,No,1,No
1791,hoc_enabling_replicative_immortality,No,No,1,No
1792,hoc_enabling_replicative_immortality,No,No,1,No
1793,hoc_enabling_replicative_immortality,No,No,1,No
1794,hoc_enabling_replicative_immortality,No,No,1,No
1795,hoc_enabling_replicative_immortality,No,No,1,No
1796,hoc_enabling_replicative_immortality,No,No,1,No
1797,hoc_enabling_replicative_immortality,No,No,1,No
1798,hoc_enabling_replicative_immortality,No,No,1,No
1799,hoc_enabling_replicative_immortality,No,No,1,No
1800,hoc_enabling_replicative_immortality,No,No,1,No
1801,hoc_enabling_replicative_immortality,No,No,1,No
1802,hoc_enabling_replicative_immortality,No,No,1,No
1803,hoc_enabling_replicative_immortality,No,No,1,No
1804,hoc_enabling_replicative_immortality,No,No,1,No
1805,hoc_enabling_replicative_immortality,No,No,1,No
1806,hoc_enabling_replicative_immortality,No,No,1,No
1807,hoc_enabling_replicative_immortality,No,No,1,No
1808,hoc_enabling_replicative_immortality,No,No,1,No
1809,hoc_enabling_replicative_immortality,No,No,1,No
1810,hoc_enabling_replicative_immortality,No,No,1,No
1811,hoc_enabling_replicative_immortality,No,No,1,No
1812,hoc_enabling_replicative_immortality,No,No,1,No
1813,hoc_enabling_replicative_immortality,No,No,1,No
1814,hoc_enabling_replicative_immortality,No,No,1,No
1815,hoc_enabling_replicative_immortality,No,No,1,No
1816,hoc_enabling_replicative_immortality,No,No,1,No
1817,hoc_enabling_replicative_immortality,Yes,No,0,No
1818,hoc_enabling_replicative_immortality,No,No,1,No
1819,hoc_enabling_replicative_immortality,No,No,1,No
1820,hoc_enabling_replicative_immortality,No,No,1,No
1821,hoc_enabling_replicative_immortality,No,No,1,No
1822,hoc_enabling_replicative_immortality,No,No,1,No
1823,hoc_enabling_replicative_immortality,No,No,1,No
1824,hoc_enabling_replicative_immortality,No,No,1,No
1825,hoc_enabling_replicative_immortality,No,No,1,No
1826,hoc_enabling_replicative_immortality,No,No,1,No
1827,hoc_enabling_replicative_immortality,No,No,1,No
1828,hoc_enabling_replicative_immortality,No,No,1,No
1829,hoc_enabling_replicative_immortality,No,No,1,No
1830,hoc_enabling_replicative_immortality,No,No,1,No
1831,hoc_enabling_replicative_immortality,No,No,1,No
1832,hoc_enabling_replicative_immortality,No,No,1,No
1833,hoc_enabling_replicative_immortality,No,No,1,No
1834,hoc_enabling_replicative_immortality,No,No,1,No
1835,hoc_enabling_replicative_immortality,No,No,1,No
1836,hoc_enabling_replicative_immortality,No,No,1,No
1837,hoc_enabling_replicative_immortality,No,No,1,No
1838,hoc_enabling_replicative_immortality,No,No,1,No
1839,hoc_enabling_replicative_immortality,No,No,1,No
1840,hoc_enabling_replicative_immortality,No,No,1,No
1841,hoc_enabling_replicative_immortality,No,Yes,0,Yes
1842,hoc_enabling_replicative_immortality,No,No,1,No
1843,hoc_enabling_replicative_immortality,No,No,1,No
1844,hoc_enabling_replicative_immortality,No,No,1,No
1845,hoc_enabling_replicative_immortality,No,No,1,No
1846,hoc_enabling_replicative_immortality,Yes,Yes,1,Yes
1847,hoc_enabling_replicative_immortality,No,No,1,No
1848,hoc_enabling_replicative_immortality,No,No,1,No
1849,hoc_enabling_replicative_immortality,No,No,1,No
1850,hoc_enabling_replicative_immortality,No,No,1,No
1851,hoc_enabling_replicative_immortality,No,No,1,No
0,hoc_evading_growth_suppressors,No,No,1,No
1,hoc_evading_growth_suppressors,No,No,1,No
2,hoc_evading_growth_suppressors,Yes,No,0,No
3,hoc_evading_growth_suppressors,No,No,1,No
4,hoc_evading_growth_suppressors,No,Yes,0,Yes
5,hoc_evading_growth_suppressors,No,Yes,0,Yes
6,hoc_evading_growth_suppressors,No,No,1,No
7,hoc_evading_growth_suppressors,No,Yes,0,Yes
8,hoc_evading_growth_suppressors,No,No,1,No
9,hoc_evading_growth_suppressors,No,No,1,No
10,hoc_evading_growth_suppressors,No,Yes,0,Yes
11,hoc_evading_growth_suppressors,No,Yes,0,Yes
12,hoc_evading_growth_suppressors,No,No,1,No
13,hoc_evading_growth_suppressors,No,No,1,No
14,hoc_evading_growth_suppressors,No,No,1,No
15,hoc_evading_growth_suppressors,No,No,1,No
16,hoc_evading_growth_suppressors,Yes,No,0,No
17,hoc_evading_growth_suppressors,No,No,1,No
18,hoc_evading_growth_suppressors,No,No,1,No
19,hoc_evading_growth_suppressors,No,Yes,0,Yes
20,hoc_evading_growth_suppressors,No,No,1,No
21,hoc_evading_growth_suppressors,No,No,1,No
22,hoc_evading_growth_suppressors,No,Yes,0,Yes
23,hoc_evading_growth_suppressors,No,No,1,No
24,hoc_evading_growth_suppressors,Yes,No,0,No
25,hoc_evading_growth_suppressors,No,No,1,No
26,hoc_evading_growth_suppressors,No,Yes,0,Yes
27,hoc_evading_growth_suppressors,No,No,1,No
28,hoc_evading_growth_suppressors,No,No,1,No
29,hoc_evading_growth_suppressors,No,Yes,0,Yes
30,hoc_evading_growth_suppressors,No,No,1,No
31,hoc_evading_growth_suppressors,No,No,1,No
32,hoc_evading_growth_suppressors,No,Yes,0,Yes
33,hoc_evading_growth_suppressors,Yes,No,0,No
34,hoc_evading_growth_suppressors,No,Yes,0,Yes
35,hoc_evading_growth_suppressors,No,No,1,No
36,hoc_evading_growth_suppressors,No,No,1,No
37,hoc_evading_growth_suppressors,No,No,1,No
38,hoc_evading_growth_suppressors,No,No,1,No
39,hoc_evading_growth_suppressors,No,No,1,No
40,hoc_evading_growth_suppressors,No,No,1,No
41,hoc_evading_growth_suppressors,No,No,1,No
42,hoc_evading_growth_suppressors,No,No,1,No
43,hoc_evading_growth_suppressors,No,No,1,No
44,hoc_evading_growth_suppressors,No,No,1,No
45,hoc_evading_growth_suppressors,No,No,1,No
46,hoc_evading_growth_suppressors,No,No,1,No
47,hoc_evading_growth_suppressors,No,No,1,No
48,hoc_evading_growth_suppressors,No,No,1,No
49,hoc_evading_growth_suppressors,No,Yes,0,Yes
50,hoc_evading_growth_suppressors,No,Yes,0,Yes
51,hoc_evading_growth_suppressors,No,No,1,No
52,hoc_evading_growth_suppressors,No,Yes,0,Yes
53,hoc_evading_growth_suppressors,No,No,1,No
54,hoc_evading_growth_suppressors,No,No,1,No
55,hoc_evading_growth_suppressors,No,No,1,No
56,hoc_evading_growth_suppressors,No,Yes,0,Yes
57,hoc_evading_growth_suppressors,No,No,1,No
58,hoc_evading_growth_suppressors,No,No,1,No
59,hoc_evading_growth_suppressors,No,No,1,No
60,hoc_evading_growth_suppressors,No,No,1,No
61,hoc_evading_growth_suppressors,No,No,1,No
62,hoc_evading_growth_suppressors,Yes,No,0,No
63,hoc_evading_growth_suppressors,No,No,1,No
64,hoc_evading_growth_suppressors,No,Yes,0,Yes
65,hoc_evading_growth_suppressors,No,No,1,No
66,hoc_evading_growth_suppressors,No,No,1,No
67,hoc_evading_growth_suppressors,No,Yes,0,Yes
68,hoc_evading_growth_suppressors,No,No,1,No
69,hoc_evading_growth_suppressors,No,No,1,No
70,hoc_evading_growth_suppressors,No,Yes,0,Yes
71,hoc_evading_growth_suppressors,Yes,No,0,No
72,hoc_evading_growth_suppressors,No,No,1,No
73,hoc_evading_growth_suppressors,Yes,Yes,1,Yes
74,hoc_evading_growth_suppressors,No,Yes,0,Yes
75,hoc_evading_growth_suppressors,No,No,1,No
76,hoc_evading_growth_suppressors,No,No,1,No
77,hoc_evading_growth_suppressors,No,No,1,No
78,hoc_evading_growth_suppressors,No,Yes,0,Yes
79,hoc_evading_growth_suppressors,No,No,1,No
80,hoc_evading_growth_suppressors,Yes,Yes,1,Yes
81,hoc_evading_growth_suppressors,No,No,1,No
82,hoc_evading_growth_suppressors,No,No,1,No
83,hoc_evading_growth_suppressors,No,No,1,No
84,hoc_evading_growth_suppressors,Yes,Yes,1,Yes
85,hoc_evading_growth_suppressors,No,No,1,No
86,hoc_evading_growth_suppressors,No,No,1,No
87,hoc_evading_growth_suppressors,No,No,1,No
88,hoc_evading_growth_suppressors,No,No,1,No
89,hoc_evading_growth_suppressors,No,No,1,No
90,hoc_evading_growth_suppressors,No,No,1,No
91,hoc_evading_growth_suppressors,No,No,1,No
92,hoc_evading_growth_suppressors,No,No,1,No
93,hoc_evading_growth_suppressors,No,No,1,No
94,hoc_evading_growth_suppressors,No,No,1,No
95,hoc_evading_growth_suppressors,Yes,No,0,No
96,hoc_evading_growth_suppressors,Yes,Yes,1,Yes
97,hoc_evading_growth_suppressors,No,Yes,0,Yes
98,hoc_evading_growth_suppressors,No,No,1,No
99,hoc_evading_growth_suppressors,No,No,1,No
100,hoc_evading_growth_suppressors,No,No,1,No
101,hoc_evading_growth_suppressors,No,No,1,No
102,hoc_evading_growth_suppressors,Yes,Yes,1,Yes
103,hoc_evading_growth_suppressors,No,Yes,0,Yes
104,hoc_evading_growth_suppressors,No,No,1,No
105,hoc_evading_growth_suppressors,Yes,Yes,1,Yes
106,hoc_evading_growth_suppressors,No,No,1,No
107,hoc_evading_growth_suppressors,No,No,1,No
108,hoc_evading_growth_suppressors,No,No,1,No
109,hoc_evading_growth_suppressors,No,No,1,No
110,hoc_evading_growth_suppressors,No,No,1,No
111,hoc_evading_growth_suppressors,Yes,Yes,1,Yes
112,hoc_evading_growth_suppressors,No,No,1,No
113,hoc_evading_growth_suppressors,No,No,1,No
114,hoc_evading_growth_suppressors,No,No,1,No
115,hoc_evading_growth_suppressors,No,No,1,No
116,hoc_evading_growth_suppressors,No,No,1,No
117,hoc_evading_growth_suppressors,No,No,1,No
118,hoc_evading_growth_suppressors,No,No,1,No
119,hoc_evading_growth_suppressors,No,No,1,No
120,hoc_evading_growth_suppressors,No,No,1,No
121,hoc_evading_growth_suppressors,No,No,1,No
122,hoc_evading_growth_suppressors,No,Yes,0,Yes
123,hoc_evading_growth_suppressors,No,No,1,No
124,hoc_evading_growth_suppressors,No,No,1,No
125,hoc_evading_growth_suppressors,No,No,1,No
126,hoc_evading_growth_suppressors,No,No,1,No
127,hoc_evading_growth_suppressors,No,No,1,No
128,hoc_evading_growth_suppressors,No,No,1,No
129,hoc_evading_growth_suppressors,No,No,1,No
130,hoc_evading_growth_suppressors,No,No,1,No
131,hoc_evading_growth_suppressors,No,No,1,No
132,hoc_evading_growth_suppressors,No,No,1,No
133,hoc_evading_growth_suppressors,Yes,Yes,1,Yes
134,hoc_evading_growth_suppressors,No,No,1,No
135,hoc_evading_growth_suppressors,Yes,Yes,1,Yes
136,hoc_evading_growth_suppressors,No,No,1,No
137,hoc_evading_growth_suppressors,No,No,1,No
138,hoc_evading_growth_suppressors,No,No,1,No
139,hoc_evading_growth_suppressors,Yes,Yes,1,Yes
140,hoc_evading_growth_suppressors,No,No,1,No
141,hoc_evading_growth_suppressors,No,No,1,No
142,hoc_evading_growth_suppressors,No,No,1,No
143,hoc_evading_growth_suppressors,No,Yes,0,Yes
144,hoc_evading_growth_suppressors,No,No,1,No
145,hoc_evading_growth_suppressors,No,Yes,0,Yes
146,hoc_evading_growth_suppressors,Yes,No,0,No
147,hoc_evading_growth_suppressors,No,No,1,No
148,hoc_evading_growth_suppressors,Yes,No,0,No
149,hoc_evading_growth_suppressors,No,No,1,No
150,hoc_evading_growth_suppressors,No,No,1,No
151,hoc_evading_growth_suppressors,No,No,1,No
152,hoc_evading_growth_suppressors,No,No,1,No
153,hoc_evading_growth_suppressors,Yes,No,0,No
154,hoc_evading_growth_suppressors,No,No,1,No
155,hoc_evading_growth_suppressors,No,No,1,No
156,hoc_evading_growth_suppressors,No,Yes,0,Yes
157,hoc_evading_growth_suppressors,No,No,1,No
158,hoc_evading_growth_suppressors,No,No,1,No
159,hoc_evading_growth_suppressors,No,No,1,No
160,hoc_evading_growth_suppressors,No,No,1,No
161,hoc_evading_growth_suppressors,No,No,1,No
162,hoc_evading_growth_suppressors,No,No,1,No
163,hoc_evading_growth_suppressors,No,No,1,No
164,hoc_evading_growth_suppressors,No,No,1,No
165,hoc_evading_growth_suppressors,No,No,1,No
166,hoc_evading_growth_suppressors,No,No,1,No
167,hoc_evading_growth_suppressors,No,No,1,No
168,hoc_evading_growth_suppressors,No,No,1,No
169,hoc_evading_growth_suppressors,No,No,1,No
170,hoc_evading_growth_suppressors,No,No,1,No
171,hoc_evading_growth_suppressors,No,No,1,No
172,hoc_evading_growth_suppressors,No,No,1,No
173,hoc_evading_growth_suppressors,No,No,1,No
174,hoc_evading_growth_suppressors,No,No,1,No
175,hoc_evading_growth_suppressors,No,No,1,No
176,hoc_evading_growth_suppressors,No,No,1,No
177,hoc_evading_growth_suppressors,No,No,1,No
178,hoc_evading_growth_suppressors,No,No,1,No
179,hoc_evading_growth_suppressors,No,No,1,No
180,hoc_evading_growth_suppressors,No,No,1,No
181,hoc_evading_growth_suppressors,No,No,1,No
182,hoc_evading_growth_suppressors,No,No,1,No
183,hoc_evading_growth_suppressors,No,No,1,No
184,hoc_evading_growth_suppressors,No,No,1,No
185,hoc_evading_growth_suppressors,No,No,1,No
186,hoc_evading_growth_suppressors,No,No,1,No
187,hoc_evading_growth_suppressors,No,No,1,No
188,hoc_evading_growth_suppressors,No,No,1,No
189,hoc_evading_growth_suppressors,Yes,No,0,No
190,hoc_evading_growth_suppressors,Yes,No,0,No
191,hoc_evading_growth_suppressors,No,No,1,No
192,hoc_evading_growth_suppressors,No,No,1,No
193,hoc_evading_growth_suppressors,No,No,1,No
194,hoc_evading_growth_suppressors,No,Yes,0,Yes
195,hoc_evading_growth_suppressors,No,No,1,No
196,hoc_evading_growth_suppressors,No,No,1,No
197,hoc_evading_growth_suppressors,No,No,1,No
198,hoc_evading_growth_suppressors,No,No,1,No
199,hoc_evading_growth_suppressors,Yes,No,0,No
200,hoc_evading_growth_suppressors,No,No,1,No
201,hoc_evading_growth_suppressors,No,No,1,No
202,hoc_evading_growth_suppressors,No,No,1,No
203,hoc_evading_growth_suppressors,No,No,1,No
204,hoc_evading_growth_suppressors,No,No,1,No
205,hoc_evading_growth_suppressors,Yes,No,0,No
206,hoc_evading_growth_suppressors,No,No,1,No
207,hoc_evading_growth_suppressors,No,No,1,No
208,hoc_evading_growth_suppressors,Yes,No,0,No
209,hoc_evading_growth_suppressors,No,No,1,No
210,hoc_evading_growth_suppressors,No,Yes,0,Yes
211,hoc_evading_growth_suppressors,No,No,1,No
212,hoc_evading_growth_suppressors,Yes,No,0,No
213,hoc_evading_growth_suppressors,Yes,No,0,No
214,hoc_evading_growth_suppressors,Yes,Yes,1,Yes
215,hoc_evading_growth_suppressors,No,No,1,No
216,hoc_evading_growth_suppressors,No,No,1,No
217,hoc_evading_growth_suppressors,No,No,1,No
218,hoc_evading_growth_suppressors,No,No,1,No
219,hoc_evading_growth_suppressors,No,No,1,No
220,hoc_evading_growth_suppressors,Yes,Yes,1,Yes
221,hoc_evading_growth_suppressors,No,No,1,No
222,hoc_evading_growth_suppressors,No,No,1,No
223,hoc_evading_growth_suppressors,No,No,1,No
224,hoc_evading_growth_suppressors,No,Yes,0,Yes
225,hoc_evading_growth_suppressors,No,No,1,No
226,hoc_evading_growth_suppressors,No,No,1,No
227,hoc_evading_growth_suppressors,No,No,1,No
228,hoc_evading_growth_suppressors,No,No,1,No
229,hoc_evading_growth_suppressors,No,No,1,No
230,hoc_evading_growth_suppressors,No,No,1,No
231,hoc_evading_growth_suppressors,Yes,No,0,No
232,hoc_evading_growth_suppressors,No,No,1,No
233,hoc_evading_growth_suppressors,Yes,Yes,1,Yes
234,hoc_evading_growth_suppressors,No,No,1,No
235,hoc_evading_growth_suppressors,No,Yes,0,Yes
236,hoc_evading_growth_suppressors,No,No,1,No
237,hoc_evading_growth_suppressors,No,No,1,No
238,hoc_evading_growth_suppressors,No,No,1,No
239,hoc_evading_growth_suppressors,Yes,No,0,No
240,hoc_evading_growth_suppressors,No,No,1,No
241,hoc_evading_growth_suppressors,No,No,1,No
242,hoc_evading_growth_suppressors,No,No,1,No
243,hoc_evading_growth_suppressors,No,No,1,No
244,hoc_evading_growth_suppressors,No,No,1,No
245,hoc_evading_growth_suppressors,No,No,1,No
246,hoc_evading_growth_suppressors,No,Yes,0,Yes
247,hoc_evading_growth_suppressors,No,No,1,No
248,hoc_evading_growth_suppressors,No,No,1,No
249,hoc_evading_growth_suppressors,No,No,1,No
250,hoc_evading_growth_suppressors,Yes,No,0,No
251,hoc_evading_growth_suppressors,Yes,No,0,No
252,hoc_evading_growth_suppressors,No,Yes,0,Yes
253,hoc_evading_growth_suppressors,No,No,1,No
254,hoc_evading_growth_suppressors,Yes,Yes,1,Yes
255,hoc_evading_growth_suppressors,No,No,1,No
256,hoc_evading_growth_suppressors,No,No,1,No
257,hoc_evading_growth_suppressors,No,No,1,No
258,hoc_evading_growth_suppressors,No,No,1,No
259,hoc_evading_growth_suppressors,No,Yes,0,Yes
260,hoc_evading_growth_suppressors,No,Yes,0,Yes
261,hoc_evading_growth_suppressors,No,No,1,No
262,hoc_evading_growth_suppressors,No,No,1,No
263,hoc_evading_growth_suppressors,No,No,1,No
264,hoc_evading_growth_suppressors,No,No,1,No
265,hoc_evading_growth_suppressors,Yes,No,0,No
266,hoc_evading_growth_suppressors,No,No,1,No
267,hoc_evading_growth_suppressors,No,No,1,No
268,hoc_evading_growth_suppressors,No,No,1,No
269,hoc_evading_growth_suppressors,No,No,1,No
270,hoc_evading_growth_suppressors,No,No,1,No
271,hoc_evading_growth_suppressors,Yes,No,0,No
272,hoc_evading_growth_suppressors,Yes,No,0,No
273,hoc_evading_growth_suppressors,No,No,1,No
274,hoc_evading_growth_suppressors,No,No,1,No
275,hoc_evading_growth_suppressors,No,No,1,No
276,hoc_evading_growth_suppressors,No,No,1,No
277,hoc_evading_growth_suppressors,No,No,1,No
278,hoc_evading_growth_suppressors,No,No,1,No
279,hoc_evading_growth_suppressors,No,No,1,No
280,hoc_evading_growth_suppressors,No,No,1,No
281,hoc_evading_growth_suppressors,No,No,1,No
282,hoc_evading_growth_suppressors,No,No,1,No
283,hoc_evading_growth_suppressors,No,No,1,No
284,hoc_evading_growth_suppressors,No,No,1,No
285,hoc_evading_growth_suppressors,No,No,1,No
286,hoc_evading_growth_suppressors,No,No,1,No
287,hoc_evading_growth_suppressors,No,No,1,No
288,hoc_evading_growth_suppressors,No,No,1,No
289,hoc_evading_growth_suppressors,No,No,1,No
290,hoc_evading_growth_suppressors,No,No,1,No
291,hoc_evading_growth_suppressors,No,No,1,No
292,hoc_evading_growth_suppressors,No,No,1,No
293,hoc_evading_growth_suppressors,No,No,1,No
294,hoc_evading_growth_suppressors,No,No,1,No
295,hoc_evading_growth_suppressors,No,No,1,No
296,hoc_evading_growth_suppressors,No,Yes,0,Yes
297,hoc_evading_growth_suppressors,No,No,1,No
298,hoc_evading_growth_suppressors,No,No,1,No
299,hoc_evading_growth_suppressors,No,No,1,No
300,hoc_evading_growth_suppressors,Yes,Yes,1,Yes
301,hoc_evading_growth_suppressors,No,No,1,No
302,hoc_evading_growth_suppressors,No,No,1,No
303,hoc_evading_growth_suppressors,No,No,1,No
304,hoc_evading_growth_suppressors,No,No,1,No
305,hoc_evading_growth_suppressors,No,No,1,No
306,hoc_evading_growth_suppressors,No,No,1,No
307,hoc_evading_growth_suppressors,No,No,1,No
308,hoc_evading_growth_suppressors,No,No,1,No
309,hoc_evading_growth_suppressors,No,No,1,No
310,hoc_evading_growth_suppressors,No,No,1,No
311,hoc_evading_growth_suppressors,No,Yes,0,Yes
312,hoc_evading_growth_suppressors,No,No,1,No
313,hoc_evading_growth_suppressors,No,Yes,0,Yes
314,hoc_evading_growth_suppressors,No,No,1,No
315,hoc_evading_growth_suppressors,Yes,Yes,1,Yes
316,hoc_evading_growth_suppressors,Yes,Yes,1,Yes
317,hoc_evading_growth_suppressors,No,No,1,No
318,hoc_evading_growth_suppressors,No,Yes,0,Yes
319,hoc_evading_growth_suppressors,No,No,1,No
320,hoc_evading_growth_suppressors,No,No,1,No
321,hoc_evading_growth_suppressors,No,No,1,No
322,hoc_evading_growth_suppressors,No,No,1,No
323,hoc_evading_growth_suppressors,No,No,1,No
324,hoc_evading_growth_suppressors,No,No,1,No
325,hoc_evading_growth_suppressors,No,No,1,No
326,hoc_evading_growth_suppressors,No,No,1,No
327,hoc_evading_growth_suppressors,No,No,1,No
328,hoc_evading_growth_suppressors,No,Yes,0,Yes
329,hoc_evading_growth_suppressors,No,No,1,No
330,hoc_evading_growth_suppressors,No,No,1,No
331,hoc_evading_growth_suppressors,No,No,1,No
332,hoc_evading_growth_suppressors,No,No,1,No
333,hoc_evading_growth_suppressors,No,No,1,No
334,hoc_evading_growth_suppressors,No,No,1,No
335,hoc_evading_growth_suppressors,No,No,1,No
336,hoc_evading_growth_suppressors,No,No,1,No
337,hoc_evading_growth_suppressors,No,Yes,0,Yes
338,hoc_evading_growth_suppressors,No,Yes,0,Yes
339,hoc_evading_growth_suppressors,No,No,1,No
340,hoc_evading_growth_suppressors,Yes,Yes,1,Yes
341,hoc_evading_growth_suppressors,No,No,1,No
342,hoc_evading_growth_suppressors,No,No,1,No
343,hoc_evading_growth_suppressors,No,No,1,No
344,hoc_evading_growth_suppressors,No,No,1,No
345,hoc_evading_growth_suppressors,No,No,1,No
346,hoc_evading_growth_suppressors,No,No,1,No
347,hoc_evading_growth_suppressors,No,No,1,No
348,hoc_evading_growth_suppressors,No,No,1,No
349,hoc_evading_growth_suppressors,No,No,1,No
350,hoc_evading_growth_suppressors,No,No,1,No
351,hoc_evading_growth_suppressors,No,No,1,No
352,hoc_evading_growth_suppressors,Yes,No,0,No
353,hoc_evading_growth_suppressors,No,No,1,No
354,hoc_evading_growth_suppressors,No,No,1,No
355,hoc_evading_growth_suppressors,No,No,1,No
356,hoc_evading_growth_suppressors,No,No,1,No
357,hoc_evading_growth_suppressors,No,No,1,No
358,hoc_evading_growth_suppressors,No,No,1,No
359,hoc_evading_growth_suppressors,No,No,1,No
360,hoc_evading_growth_suppressors,No,No,1,No
361,hoc_evading_growth_suppressors,No,No,1,No
362,hoc_evading_growth_suppressors,No,No,1,No
363,hoc_evading_growth_suppressors,No,No,1,No
364,hoc_evading_growth_suppressors,No,No,1,No
365,hoc_evading_growth_suppressors,Yes,Yes,1,Yes
366,hoc_evading_growth_suppressors,No,No,1,No
367,hoc_evading_growth_suppressors,No,No,1,No
368,hoc_evading_growth_suppressors,No,No,1,No
369,hoc_evading_growth_suppressors,No,No,1,No
370,hoc_evading_growth_suppressors,No,No,1,No
371,hoc_evading_growth_suppressors,No,No,1,No
372,hoc_evading_growth_suppressors,No,No,1,No
373,hoc_evading_growth_suppressors,No,Yes,0,Yes
374,hoc_evading_growth_suppressors,No,No,1,No
375,hoc_evading_growth_suppressors,Yes,Yes,1,Yes
376,hoc_evading_growth_suppressors,No,No,1,No
377,hoc_evading_growth_suppressors,No,No,1,No
378,hoc_evading_growth_suppressors,No,No,1,No
379,hoc_evading_growth_suppressors,No,No,1,No
380,hoc_evading_growth_suppressors,No,No,1,No
381,hoc_evading_growth_suppressors,No,No,1,No
382,hoc_evading_growth_suppressors,No,No,1,No
383,hoc_evading_growth_suppressors,No,No,1,No
384,hoc_evading_growth_suppressors,No,No,1,No
385,hoc_evading_growth_suppressors,No,Yes,0,Yes
386,hoc_evading_growth_suppressors,No,No,1,No
387,hoc_evading_growth_suppressors,No,No,1,No
388,hoc_evading_growth_suppressors,No,No,1,No
389,hoc_evading_growth_suppressors,No,No,1,No
390,hoc_evading_growth_suppressors,No,No,1,No
391,hoc_evading_growth_suppressors,No,No,1,No
392,hoc_evading_growth_suppressors,No,No,1,No
393,hoc_evading_growth_suppressors,No,No,1,No
394,hoc_evading_growth_suppressors,No,No,1,No
395,hoc_evading_growth_suppressors,Yes,No,0,No
396,hoc_evading_growth_suppressors,No,No,1,No
397,hoc_evading_growth_suppressors,No,No,1,No
398,hoc_evading_growth_suppressors,No,No,1,No
399,hoc_evading_growth_suppressors,Yes,Yes,1,Yes
400,hoc_evading_growth_suppressors,No,No,1,No
401,hoc_evading_growth_suppressors,No,No,1,No
402,hoc_evading_growth_suppressors,No,No,1,No
403,hoc_evading_growth_suppressors,No,No,1,No
404,hoc_evading_growth_suppressors,No,No,1,No
405,hoc_evading_growth_suppressors,No,No,1,No
406,hoc_evading_growth_suppressors,No,No,1,No
407,hoc_evading_growth_suppressors,No,No,1,No
408,hoc_evading_growth_suppressors,No,Yes,0,Yes
409,hoc_evading_growth_suppressors,No,No,1,No
410,hoc_evading_growth_suppressors,No,No,1,No
411,hoc_evading_growth_suppressors,No,No,1,No
412,hoc_evading_growth_suppressors,No,No,1,No
413,hoc_evading_growth_suppressors,No,No,1,No
414,hoc_evading_growth_suppressors,No,No,1,No
415,hoc_evading_growth_suppressors,Yes,Yes,1,Yes
416,hoc_evading_growth_suppressors,No,No,1,No
417,hoc_evading_growth_suppressors,No,No,1,No
418,hoc_evading_growth_suppressors,No,No,1,No
419,hoc_evading_growth_suppressors,No,Yes,0,Yes
420,hoc_evading_growth_suppressors,No,No,1,No
421,hoc_evading_growth_suppressors,No,No,1,No
422,hoc_evading_growth_suppressors,No,No,1,No
423,hoc_evading_growth_suppressors,No,No,1,No
424,hoc_evading_growth_suppressors,No,No,1,No
425,hoc_evading_growth_suppressors,No,No,1,No
426,hoc_evading_growth_suppressors,No,Yes,0,Yes
427,hoc_evading_growth_suppressors,No,No,1,No
428,hoc_evading_growth_suppressors,No,No,1,No
429,hoc_evading_growth_suppressors,No,No,1,No
430,hoc_evading_growth_suppressors,No,No,1,No
431,hoc_evading_growth_suppressors,No,No,1,No
432,hoc_evading_growth_suppressors,No,No,1,No
433,hoc_evading_growth_suppressors,No,No,1,No
434,hoc_evading_growth_suppressors,No,No,1,No
435,hoc_evading_growth_suppressors,No,No,1,No
436,hoc_evading_growth_suppressors,No,No,1,No
437,hoc_evading_growth_suppressors,Yes,Yes,1,Yes
438,hoc_evading_growth_suppressors,No,No,1,No
439,hoc_evading_growth_suppressors,No,No,1,No
440,hoc_evading_growth_suppressors,Yes,Yes,1,Yes
441,hoc_evading_growth_suppressors,No,No,1,No
442,hoc_evading_growth_suppressors,No,Yes,0,Yes
443,hoc_evading_growth_suppressors,No,No,1,No
444,hoc_evading_growth_suppressors,No,No,1,No
445,hoc_evading_growth_suppressors,No,Yes,0,Yes
446,hoc_evading_growth_suppressors,No,No,1,No
447,hoc_evading_growth_suppressors,No,Yes,0,Yes
448,hoc_evading_growth_suppressors,No,Yes,0,Yes
449,hoc_evading_growth_suppressors,Yes,Yes,1,Yes
450,hoc_evading_growth_suppressors,No,No,1,No
451,hoc_evading_growth_suppressors,Yes,Yes,1,Yes
452,hoc_evading_growth_suppressors,No,Yes,0,Yes
453,hoc_evading_growth_suppressors,No,No,1,No
454,hoc_evading_growth_suppressors,Yes,No,0,No
455,hoc_evading_growth_suppressors,No,Yes,0,Yes
456,hoc_evading_growth_suppressors,No,No,1,No
457,hoc_evading_growth_suppressors,No,No,1,No
458,hoc_evading_growth_suppressors,No,No,1,No
459,hoc_evading_growth_suppressors,No,No,1,No
460,hoc_evading_growth_suppressors,Yes,Yes,1,Yes
461,hoc_evading_growth_suppressors,No,Yes,0,Yes
462,hoc_evading_growth_suppressors,No,No,1,No
463,hoc_evading_growth_suppressors,No,No,1,No
464,hoc_evading_growth_suppressors,No,No,1,No
465,hoc_evading_growth_suppressors,Yes,No,0,No
466,hoc_evading_growth_suppressors,Yes,Yes,1,Yes
467,hoc_evading_growth_suppressors,No,No,1,No
468,hoc_evading_growth_suppressors,No,No,1,No
469,hoc_evading_growth_suppressors,No,No,1,No
470,hoc_evading_growth_suppressors,No,Yes,0,Yes
471,hoc_evading_growth_suppressors,Yes,No,0,No
472,hoc_evading_growth_suppressors,No,No,1,No
473,hoc_evading_growth_suppressors,No,Yes,0,Yes
474,hoc_evading_growth_suppressors,Yes,No,0,No
475,hoc_evading_growth_suppressors,Yes,No,0,No
476,hoc_evading_growth_suppressors,Yes,Yes,1,Yes
477,hoc_evading_growth_suppressors,No,No,1,No
478,hoc_evading_growth_suppressors,No,No,1,No
479,hoc_evading_growth_suppressors,No,No,1,No
480,hoc_evading_growth_suppressors,No,No,1,No
481,hoc_evading_growth_suppressors,No,No,1,No
482,hoc_evading_growth_suppressors,Yes,No,0,No
483,hoc_evading_growth_suppressors,No,Yes,0,Yes
484,hoc_evading_growth_suppressors,No,Yes,0,Yes
485,hoc_evading_growth_suppressors,No,No,1,No
486,hoc_evading_growth_suppressors,No,No,1,No
487,hoc_evading_growth_suppressors,No,No,1,No
488,hoc_evading_growth_suppressors,No,No,1,No
489,hoc_evading_growth_suppressors,Yes,Yes,1,Yes
490,hoc_evading_growth_suppressors,No,Yes,0,Yes
491,hoc_evading_growth_suppressors,No,No,1,No
492,hoc_evading_growth_suppressors,No,No,1,No
493,hoc_evading_growth_suppressors,No,No,1,No
494,hoc_evading_growth_suppressors,No,No,1,No
495,hoc_evading_growth_suppressors,Yes,No,0,No
496,hoc_evading_growth_suppressors,No,No,1,No
497,hoc_evading_growth_suppressors,No,No,1,No
498,hoc_evading_growth_suppressors,No,No,1,No
499,hoc_evading_growth_suppressors,No,No,1,No
500,hoc_evading_growth_suppressors,No,No,1,No
501,hoc_evading_growth_suppressors,No,Yes,0,Yes
502,hoc_evading_growth_suppressors,No,No,1,No
503,hoc_evading_growth_suppressors,No,No,1,No
504,hoc_evading_growth_suppressors,No,No,1,No
505,hoc_evading_growth_suppressors,No,No,1,No
506,hoc_evading_growth_suppressors,No,No,1,No
507,hoc_evading_growth_suppressors,No,No,1,No
508,hoc_evading_growth_suppressors,No,Yes,0,Yes
509,hoc_evading_growth_suppressors,No,No,1,No
510,hoc_evading_growth_suppressors,No,Yes,0,Yes
511,hoc_evading_growth_suppressors,No,No,1,No
512,hoc_evading_growth_suppressors,No,Yes,0,Yes
513,hoc_evading_growth_suppressors,No,No,1,No
514,hoc_evading_growth_suppressors,No,No,1,No
515,hoc_evading_growth_suppressors,No,No,1,No
516,hoc_evading_growth_suppressors,Yes,No,0,No
517,hoc_evading_growth_suppressors,No,No,1,No
518,hoc_evading_growth_suppressors,No,No,1,No
519,hoc_evading_growth_suppressors,No,No,1,No
520,hoc_evading_growth_suppressors,No,No,1,No
521,hoc_evading_growth_suppressors,No,No,1,No
522,hoc_evading_growth_suppressors,No,Yes,0,Yes
523,hoc_evading_growth_suppressors,No,No,1,No
524,hoc_evading_growth_suppressors,No,No,1,No
525,hoc_evading_growth_suppressors,No,Yes,0,Yes
526,hoc_evading_growth_suppressors,No,No,1,No
527,hoc_evading_growth_suppressors,Yes,No,0,No
528,hoc_evading_growth_suppressors,Yes,Yes,1,Yes
529,hoc_evading_growth_suppressors,No,Yes,0,Yes
530,hoc_evading_growth_suppressors,No,No,1,No
531,hoc_evading_growth_suppressors,No,No,1,No
532,hoc_evading_growth_suppressors,No,No,1,No
533,hoc_evading_growth_suppressors,No,No,1,No
534,hoc_evading_growth_suppressors,No,No,1,No
535,hoc_evading_growth_suppressors,Yes,No,0,No
536,hoc_evading_growth_suppressors,Yes,No,0,No
537,hoc_evading_growth_suppressors,No,No,1,No
538,hoc_evading_growth_suppressors,No,No,1,No
539,hoc_evading_growth_suppressors,Yes,No,0,No
540,hoc_evading_growth_suppressors,Yes,No,0,No
541,hoc_evading_growth_suppressors,No,No,1,No
542,hoc_evading_growth_suppressors,Yes,Yes,1,Yes
543,hoc_evading_growth_suppressors,No,No,1,No
544,hoc_evading_growth_suppressors,Yes,Yes,1,Yes
545,hoc_evading_growth_suppressors,No,No,1,No
546,hoc_evading_growth_suppressors,No,No,1,No
547,hoc_evading_growth_suppressors,No,No,1,No
548,hoc_evading_growth_suppressors,No,No,1,No
549,hoc_evading_growth_suppressors,No,No,1,No
550,hoc_evading_growth_suppressors,Yes,No,0,No
551,hoc_evading_growth_suppressors,Yes,No,0,No
552,hoc_evading_growth_suppressors,No,No,1,No
553,hoc_evading_growth_suppressors,Yes,No,0,No
554,hoc_evading_growth_suppressors,No,No,1,No
555,hoc_evading_growth_suppressors,No,No,1,No
556,hoc_evading_growth_suppressors,No,No,1,No
557,hoc_evading_growth_suppressors,No,No,1,No
558,hoc_evading_growth_suppressors,No,No,1,No
559,hoc_evading_growth_suppressors,No,No,1,No
560,hoc_evading_growth_suppressors,No,No,1,No
561,hoc_evading_growth_suppressors,No,No,1,No
562,hoc_evading_growth_suppressors,No,No,1,No
563,hoc_evading_growth_suppressors,No,No,1,No
564,hoc_evading_growth_suppressors,No,No,1,No
565,hoc_evading_growth_suppressors,No,No,1,No
566,hoc_evading_growth_suppressors,No,No,1,No
567,hoc_evading_growth_suppressors,No,No,1,No
568,hoc_evading_growth_suppressors,No,No,1,No
569,hoc_evading_growth_suppressors,No,No,1,No
570,hoc_evading_growth_suppressors,No,No,1,No
571,hoc_evading_growth_suppressors,No,No,1,No
572,hoc_evading_growth_suppressors,No,No,1,No
573,hoc_evading_growth_suppressors,Yes,No,0,No
574,hoc_evading_growth_suppressors,No,No,1,No
575,hoc_evading_growth_suppressors,No,No,1,No
576,hoc_evading_growth_suppressors,Yes,No,0,No
577,hoc_evading_growth_suppressors,No,No,1,No
578,hoc_evading_growth_suppressors,No,No,1,No
579,hoc_evading_growth_suppressors,Yes,Yes,1,Yes
580,hoc_evading_growth_suppressors,No,No,1,No
581,hoc_evading_growth_suppressors,Yes,Yes,1,Yes
582,hoc_evading_growth_suppressors,Yes,No,0,No
583,hoc_evading_growth_suppressors,No,No,1,No
584,hoc_evading_growth_suppressors,No,Yes,0,Yes
585,hoc_evading_growth_suppressors,No,No,1,No
586,hoc_evading_growth_suppressors,No,Yes,0,Yes
587,hoc_evading_growth_suppressors,No,No,1,No
588,hoc_evading_growth_suppressors,No,No,1,No
589,hoc_evading_growth_suppressors,Yes,No,0,No
590,hoc_evading_growth_suppressors,No,Yes,0,Yes
591,hoc_evading_growth_suppressors,No,Yes,0,Yes
592,hoc_evading_growth_suppressors,No,No,1,No
593,hoc_evading_growth_suppressors,No,No,1,No
594,hoc_evading_growth_suppressors,No,No,1,No
595,hoc_evading_growth_suppressors,No,No,1,No
596,hoc_evading_growth_suppressors,Yes,No,0,No
597,hoc_evading_growth_suppressors,No,No,1,No
598,hoc_evading_growth_suppressors,No,No,1,No
599,hoc_evading_growth_suppressors,No,No,1,No
600,hoc_evading_growth_suppressors,No,No,1,No
601,hoc_evading_growth_suppressors,No,Yes,0,Yes
602,hoc_evading_growth_suppressors,No,No,1,No
603,hoc_evading_growth_suppressors,Yes,Yes,1,Yes
604,hoc_evading_growth_suppressors,Yes,No,0,No
605,hoc_evading_growth_suppressors,No,No,1,No
606,hoc_evading_growth_suppressors,Yes,No,0,No
607,hoc_evading_growth_suppressors,No,No,1,No
608,hoc_evading_growth_suppressors,No,No,1,No
609,hoc_evading_growth_suppressors,No,No,1,No
610,hoc_evading_growth_suppressors,No,No,1,No
611,hoc_evading_growth_suppressors,No,No,1,No
612,hoc_evading_growth_suppressors,No,No,1,No
613,hoc_evading_growth_suppressors,No,No,1,No
614,hoc_evading_growth_suppressors,No,No,1,No
615,hoc_evading_growth_suppressors,No,No,1,No
616,hoc_evading_growth_suppressors,No,No,1,No
617,hoc_evading_growth_suppressors,No,Yes,0,Yes
618,hoc_evading_growth_suppressors,Yes,Yes,1,Yes
619,hoc_evading_growth_suppressors,No,No,1,No
620,hoc_evading_growth_suppressors,No,No,1,No
621,hoc_evading_growth_suppressors,No,No,1,No
622,hoc_evading_growth_suppressors,Yes,No,0,No
623,hoc_evading_growth_suppressors,No,No,1,No
624,hoc_evading_growth_suppressors,No,No,1,No
625,hoc_evading_growth_suppressors,No,No,1,No
626,hoc_evading_growth_suppressors,No,No,1,No
627,hoc_evading_growth_suppressors,No,No,1,No
628,hoc_evading_growth_suppressors,No,No,1,No
629,hoc_evading_growth_suppressors,No,Yes,0,Yes
630,hoc_evading_growth_suppressors,No,No,1,No
631,hoc_evading_growth_suppressors,No,No,1,No
632,hoc_evading_growth_suppressors,Yes,No,0,No
633,hoc_evading_growth_suppressors,No,No,1,No
634,hoc_evading_growth_suppressors,Yes,Yes,1,Yes
635,hoc_evading_growth_suppressors,No,No,1,No
636,hoc_evading_growth_suppressors,Yes,No,0,No
637,hoc_evading_growth_suppressors,No,No,1,No
638,hoc_evading_growth_suppressors,Yes,No,0,No
639,hoc_evading_growth_suppressors,No,No,1,No
640,hoc_evading_growth_suppressors,No,No,1,No
641,hoc_evading_growth_suppressors,No,No,1,No
642,hoc_evading_growth_suppressors,No,No,1,No
643,hoc_evading_growth_suppressors,No,No,1,No
644,hoc_evading_growth_suppressors,No,No,1,No
645,hoc_evading_growth_suppressors,Yes,Yes,1,Yes
646,hoc_evading_growth_suppressors,No,No,1,No
647,hoc_evading_growth_suppressors,No,No,1,No
648,hoc_evading_growth_suppressors,Yes,No,0,No
649,hoc_evading_growth_suppressors,No,Yes,0,Yes
650,hoc_evading_growth_suppressors,No,No,1,No
651,hoc_evading_growth_suppressors,No,No,1,No
652,hoc_evading_growth_suppressors,No,Yes,0,Yes
653,hoc_evading_growth_suppressors,Yes,No,0,No
654,hoc_evading_growth_suppressors,Yes,Yes,1,Yes
655,hoc_evading_growth_suppressors,No,No,1,No
656,hoc_evading_growth_suppressors,No,No,1,No
657,hoc_evading_growth_suppressors,Yes,No,0,No
658,hoc_evading_growth_suppressors,No,Yes,0,Yes
659,hoc_evading_growth_suppressors,Yes,Yes,1,Yes
660,hoc_evading_growth_suppressors,Yes,No,0,No
661,hoc_evading_growth_suppressors,No,No,1,No
662,hoc_evading_growth_suppressors,No,No,1,No
663,hoc_evading_growth_suppressors,Yes,No,0,No
664,hoc_evading_growth_suppressors,Yes,No,0,No
665,hoc_evading_growth_suppressors,No,No,1,No
666,hoc_evading_growth_suppressors,Yes,No,0,No
667,hoc_evading_growth_suppressors,Yes,No,0,No
668,hoc_evading_growth_suppressors,No,No,1,No
669,hoc_evading_growth_suppressors,No,Yes,0,Yes
670,hoc_evading_growth_suppressors,No,No,1,No
671,hoc_evading_growth_suppressors,No,No,1,No
672,hoc_evading_growth_suppressors,Yes,No,0,No
673,hoc_evading_growth_suppressors,No,No,1,No
674,hoc_evading_growth_suppressors,No,No,1,No
675,hoc_evading_growth_suppressors,No,No,1,No
676,hoc_evading_growth_suppressors,No,No,1,No
677,hoc_evading_growth_suppressors,No,No,1,No
678,hoc_evading_growth_suppressors,No,No,1,No
679,hoc_evading_growth_suppressors,No,No,1,No
680,hoc_evading_growth_suppressors,No,No,1,No
681,hoc_evading_growth_suppressors,No,No,1,No
682,hoc_evading_growth_suppressors,No,Yes,0,Yes
683,hoc_evading_growth_suppressors,No,No,1,No
684,hoc_evading_growth_suppressors,Yes,No,0,No
685,hoc_evading_growth_suppressors,No,No,1,No
686,hoc_evading_growth_suppressors,Yes,Yes,1,Yes
687,hoc_evading_growth_suppressors,No,No,1,No
688,hoc_evading_growth_suppressors,Yes,No,0,No
689,hoc_evading_growth_suppressors,No,No,1,No
690,hoc_evading_growth_suppressors,Yes,No,0,No
691,hoc_evading_growth_suppressors,No,No,1,No
692,hoc_evading_growth_suppressors,Yes,No,0,No
693,hoc_evading_growth_suppressors,Yes,No,0,No
694,hoc_evading_growth_suppressors,Yes,No,0,No
695,hoc_evading_growth_suppressors,No,No,1,No
696,hoc_evading_growth_suppressors,Yes,No,0,No
697,hoc_evading_growth_suppressors,No,No,1,No
698,hoc_evading_growth_suppressors,No,No,1,No
699,hoc_evading_growth_suppressors,No,No,1,No
700,hoc_evading_growth_suppressors,No,No,1,No
701,hoc_evading_growth_suppressors,Yes,Yes,1,Yes
702,hoc_evading_growth_suppressors,No,Yes,0,Yes
703,hoc_evading_growth_suppressors,No,No,1,No
704,hoc_evading_growth_suppressors,No,No,1,No
705,hoc_evading_growth_suppressors,No,No,1,No
706,hoc_evading_growth_suppressors,No,Yes,0,Yes
707,hoc_evading_growth_suppressors,No,No,1,No
708,hoc_evading_growth_suppressors,No,No,1,No
709,hoc_evading_growth_suppressors,No,No,1,No
710,hoc_evading_growth_suppressors,Yes,No,0,No
711,hoc_evading_growth_suppressors,No,No,1,No
712,hoc_evading_growth_suppressors,No,No,1,No
713,hoc_evading_growth_suppressors,No,No,1,No
714,hoc_evading_growth_suppressors,No,No,1,No
715,hoc_evading_growth_suppressors,No,No,1,No
716,hoc_evading_growth_suppressors,No,No,1,No
717,hoc_evading_growth_suppressors,No,No,1,No
718,hoc_evading_growth_suppressors,No,No,1,No
719,hoc_evading_growth_suppressors,No,No,1,No
720,hoc_evading_growth_suppressors,No,No,1,No
721,hoc_evading_growth_suppressors,No,No,1,No
722,hoc_evading_growth_suppressors,Yes,No,0,No
723,hoc_evading_growth_suppressors,No,No,1,No
724,hoc_evading_growth_suppressors,Yes,No,0,No
725,hoc_evading_growth_suppressors,Yes,Yes,1,Yes
726,hoc_evading_growth_suppressors,No,Yes,0,Yes
727,hoc_evading_growth_suppressors,No,No,1,No
728,hoc_evading_growth_suppressors,No,No,1,No
729,hoc_evading_growth_suppressors,No,Yes,0,Yes
730,hoc_evading_growth_suppressors,No,No,1,No
731,hoc_evading_growth_suppressors,No,No,1,No
732,hoc_evading_growth_suppressors,No,Yes,0,Yes
733,hoc_evading_growth_suppressors,Yes,No,0,No
734,hoc_evading_growth_suppressors,No,No,1,No
735,hoc_evading_growth_suppressors,Yes,No,0,No
736,hoc_evading_growth_suppressors,No,No,1,No
737,hoc_evading_growth_suppressors,No,No,1,No
738,hoc_evading_growth_suppressors,No,Yes,0,Yes
739,hoc_evading_growth_suppressors,No,No,1,No
740,hoc_evading_growth_suppressors,Yes,Yes,1,Yes
741,hoc_evading_growth_suppressors,No,No,1,No
742,hoc_evading_growth_suppressors,No,No,1,No
743,hoc_evading_growth_suppressors,No,No,1,No
744,hoc_evading_growth_suppressors,No,No,1,No
745,hoc_evading_growth_suppressors,Yes,No,0,No
746,hoc_evading_growth_suppressors,No,No,1,No
747,hoc_evading_growth_suppressors,No,No,1,No
748,hoc_evading_growth_suppressors,No,No,1,No
749,hoc_evading_growth_suppressors,Yes,No,0,No
750,hoc_evading_growth_suppressors,Yes,No,0,No
751,hoc_evading_growth_suppressors,Yes,No,0,No
752,hoc_evading_growth_suppressors,Yes,No,0,No
753,hoc_evading_growth_suppressors,Yes,Yes,1,Yes
754,hoc_evading_growth_suppressors,No,Yes,0,Yes
755,hoc_evading_growth_suppressors,No,No,1,No
756,hoc_evading_growth_suppressors,No,No,1,No
757,hoc_evading_growth_suppressors,No,No,1,No
758,hoc_evading_growth_suppressors,Yes,No,0,No
759,hoc_evading_growth_suppressors,No,Yes,0,Yes
760,hoc_evading_growth_suppressors,No,Yes,0,Yes
761,hoc_evading_growth_suppressors,No,No,1,No
762,hoc_evading_growth_suppressors,Yes,No,0,No
763,hoc_evading_growth_suppressors,No,No,1,No
764,hoc_evading_growth_suppressors,No,No,1,No
765,hoc_evading_growth_suppressors,No,No,1,No
766,hoc_evading_growth_suppressors,Yes,No,0,No
767,hoc_evading_growth_suppressors,Yes,Yes,1,Yes
768,hoc_evading_growth_suppressors,No,No,1,No
769,hoc_evading_growth_suppressors,No,No,1,No
770,hoc_evading_growth_suppressors,No,No,1,No
771,hoc_evading_growth_suppressors,Yes,No,0,No
772,hoc_evading_growth_suppressors,No,Yes,0,Yes
773,hoc_evading_growth_suppressors,No,No,1,No
774,hoc_evading_growth_suppressors,No,No,1,No
775,hoc_evading_growth_suppressors,No,No,1,No
776,hoc_evading_growth_suppressors,Yes,No,0,No
777,hoc_evading_growth_suppressors,No,No,1,No
778,hoc_evading_growth_suppressors,Yes,Yes,1,Yes
779,hoc_evading_growth_suppressors,Yes,No,0,No
780,hoc_evading_growth_suppressors,Yes,No,0,No
781,hoc_evading_growth_suppressors,Yes,Yes,1,Yes
782,hoc_evading_growth_suppressors,Yes,Yes,1,Yes
783,hoc_evading_growth_suppressors,No,No,1,No
784,hoc_evading_growth_suppressors,No,No,1,No
785,hoc_evading_growth_suppressors,Yes,Yes,1,Yes
786,hoc_evading_growth_suppressors,Yes,Yes,1,Yes
787,hoc_evading_growth_suppressors,No,No,1,No
788,hoc_evading_growth_suppressors,No,No,1,No
789,hoc_evading_growth_suppressors,Yes,No,0,No
790,hoc_evading_growth_suppressors,No,No,1,No
791,hoc_evading_growth_suppressors,No,No,1,No
792,hoc_evading_growth_suppressors,Yes,Yes,1,Yes
793,hoc_evading_growth_suppressors,No,No,1,No
794,hoc_evading_growth_suppressors,No,No,1,No
795,hoc_evading_growth_suppressors,No,No,1,No
796,hoc_evading_growth_suppressors,No,No,1,No
797,hoc_evading_growth_suppressors,No,No,1,No
798,hoc_evading_growth_suppressors,Yes,No,0,No
799,hoc_evading_growth_suppressors,No,No,1,No
800,hoc_evading_growth_suppressors,No,Yes,0,Yes
801,hoc_evading_growth_suppressors,No,No,1,No
802,hoc_evading_growth_suppressors,No,No,1,No
803,hoc_evading_growth_suppressors,No,No,1,No
804,hoc_evading_growth_suppressors,No,No,1,No
805,hoc_evading_growth_suppressors,No,No,1,No
806,hoc_evading_growth_suppressors,No,No,1,No
807,hoc_evading_growth_suppressors,No,No,1,No
808,hoc_evading_growth_suppressors,No,No,1,No
809,hoc_evading_growth_suppressors,No,No,1,No
810,hoc_evading_growth_suppressors,No,Yes,0,Yes
811,hoc_evading_growth_suppressors,Yes,Yes,1,Yes
812,hoc_evading_growth_suppressors,No,No,1,No
813,hoc_evading_growth_suppressors,No,No,1,No
814,hoc_evading_growth_suppressors,Yes,Yes,1,Yes
815,hoc_evading_growth_suppressors,No,No,1,No
816,hoc_evading_growth_suppressors,Yes,Yes,1,Yes
817,hoc_evading_growth_suppressors,No,Yes,0,Yes
818,hoc_evading_growth_suppressors,No,No,1,No
819,hoc_evading_growth_suppressors,Yes,No,0,No
820,hoc_evading_growth_suppressors,Yes,Yes,1,Yes
821,hoc_evading_growth_suppressors,No,No,1,No
822,hoc_evading_growth_suppressors,No,No,1,No
823,hoc_evading_growth_suppressors,No,Yes,0,Yes
824,hoc_evading_growth_suppressors,Yes,Yes,1,Yes
825,hoc_evading_growth_suppressors,No,No,1,No
826,hoc_evading_growth_suppressors,Yes,No,0,No
827,hoc_evading_growth_suppressors,No,No,1,No
828,hoc_evading_growth_suppressors,No,No,1,No
829,hoc_evading_growth_suppressors,Yes,No,0,No
830,hoc_evading_growth_suppressors,No,No,1,No
831,hoc_evading_growth_suppressors,Yes,No,0,No
832,hoc_evading_growth_suppressors,No,No,1,No
833,hoc_evading_growth_suppressors,Yes,No,0,No
834,hoc_evading_growth_suppressors,Yes,No,0,No
835,hoc_evading_growth_suppressors,No,No,1,No
836,hoc_evading_growth_suppressors,Yes,No,0,No
837,hoc_evading_growth_suppressors,Yes,Yes,1,Yes
838,hoc_evading_growth_suppressors,No,No,1,No
839,hoc_evading_growth_suppressors,Yes,No,0,No
840,hoc_evading_growth_suppressors,No,No,1,No
841,hoc_evading_growth_suppressors,No,No,1,No
842,hoc_evading_growth_suppressors,No,No,1,No
843,hoc_evading_growth_suppressors,No,No,1,No
844,hoc_evading_growth_suppressors,No,No,1,No
845,hoc_evading_growth_suppressors,No,No,1,No
846,hoc_evading_growth_suppressors,No,No,1,No
847,hoc_evading_growth_suppressors,No,No,1,No
848,hoc_evading_growth_suppressors,No,No,1,No
849,hoc_evading_growth_suppressors,No,No,1,No
850,hoc_evading_growth_suppressors,No,No,1,No
851,hoc_evading_growth_suppressors,No,No,1,No
852,hoc_evading_growth_suppressors,Yes,No,0,No
853,hoc_evading_growth_suppressors,No,No,1,No
854,hoc_evading_growth_suppressors,No,No,1,No
855,hoc_evading_growth_suppressors,No,No,1,No
856,hoc_evading_growth_suppressors,No,No,1,No
857,hoc_evading_growth_suppressors,No,No,1,No
858,hoc_evading_growth_suppressors,No,Yes,0,Yes
859,hoc_evading_growth_suppressors,No,No,1,No
860,hoc_evading_growth_suppressors,No,No,1,No
861,hoc_evading_growth_suppressors,No,Yes,0,Yes
862,hoc_evading_growth_suppressors,No,No,1,No
863,hoc_evading_growth_suppressors,No,No,1,No
864,hoc_evading_growth_suppressors,No,No,1,No
865,hoc_evading_growth_suppressors,No,Yes,0,Yes
866,hoc_evading_growth_suppressors,No,No,1,No
867,hoc_evading_growth_suppressors,No,No,1,No
868,hoc_evading_growth_suppressors,No,No,1,No
869,hoc_evading_growth_suppressors,No,No,1,No
870,hoc_evading_growth_suppressors,No,No,1,No
871,hoc_evading_growth_suppressors,No,No,1,No
872,hoc_evading_growth_suppressors,No,No,1,No
873,hoc_evading_growth_suppressors,No,No,1,No
874,hoc_evading_growth_suppressors,No,No,1,No
875,hoc_evading_growth_suppressors,No,No,1,No
876,hoc_evading_growth_suppressors,No,No,1,No
877,hoc_evading_growth_suppressors,No,No,1,No
878,hoc_evading_growth_suppressors,No,No,1,No
879,hoc_evading_growth_suppressors,No,No,1,No
880,hoc_evading_growth_suppressors,No,No,1,No
881,hoc_evading_growth_suppressors,No,No,1,No
882,hoc_evading_growth_suppressors,No,No,1,No
883,hoc_evading_growth_suppressors,No,No,1,No
884,hoc_evading_growth_suppressors,No,No,1,No
885,hoc_evading_growth_suppressors,No,No,1,No
886,hoc_evading_growth_suppressors,No,No,1,No
887,hoc_evading_growth_suppressors,No,No,1,No
888,hoc_evading_growth_suppressors,No,No,1,No
889,hoc_evading_growth_suppressors,No,No,1,No
890,hoc_evading_growth_suppressors,No,No,1,No
891,hoc_evading_growth_suppressors,No,Yes,0,Yes
892,hoc_evading_growth_suppressors,No,No,1,No
893,hoc_evading_growth_suppressors,No,No,1,No
894,hoc_evading_growth_suppressors,No,Yes,0,Yes
895,hoc_evading_growth_suppressors,No,No,1,No
896,hoc_evading_growth_suppressors,No,No,1,No
897,hoc_evading_growth_suppressors,No,No,1,No
898,hoc_evading_growth_suppressors,No,Yes,0,Yes
899,hoc_evading_growth_suppressors,No,Yes,0,Yes
900,hoc_evading_growth_suppressors,No,No,1,No
901,hoc_evading_growth_suppressors,No,No,1,No
902,hoc_evading_growth_suppressors,No,Yes,0,Yes
903,hoc_evading_growth_suppressors,No,No,1,No
904,hoc_evading_growth_suppressors,No,No,1,No
905,hoc_evading_growth_suppressors,No,No,1,No
906,hoc_evading_growth_suppressors,No,No,1,No
907,hoc_evading_growth_suppressors,No,No,1,No
908,hoc_evading_growth_suppressors,No,No,1,No
909,hoc_evading_growth_suppressors,No,No,1,No
910,hoc_evading_growth_suppressors,No,No,1,No
911,hoc_evading_growth_suppressors,No,Yes,0,Yes
912,hoc_evading_growth_suppressors,No,No,1,No
913,hoc_evading_growth_suppressors,No,Yes,0,Yes
914,hoc_evading_growth_suppressors,No,No,1,No
915,hoc_evading_growth_suppressors,No,No,1,No
916,hoc_evading_growth_suppressors,No,No,1,No
917,hoc_evading_growth_suppressors,No,No,1,No
918,hoc_evading_growth_suppressors,No,No,1,No
919,hoc_evading_growth_suppressors,No,No,1,No
920,hoc_evading_growth_suppressors,No,No,1,No
921,hoc_evading_growth_suppressors,No,No,1,No
922,hoc_evading_growth_suppressors,No,No,1,No
923,hoc_evading_growth_suppressors,Yes,Yes,1,Yes
924,hoc_evading_growth_suppressors,No,No,1,No
925,hoc_evading_growth_suppressors,No,Yes,0,Yes
926,hoc_evading_growth_suppressors,No,Yes,0,Yes
927,hoc_evading_growth_suppressors,No,Yes,0,Yes
928,hoc_evading_growth_suppressors,No,No,1,No
929,hoc_evading_growth_suppressors,No,No,1,No
930,hoc_evading_growth_suppressors,No,Yes,0,Yes
931,hoc_evading_growth_suppressors,No,No,1,No
932,hoc_evading_growth_suppressors,No,No,1,No
933,hoc_evading_growth_suppressors,No,No,1,No
934,hoc_evading_growth_suppressors,No,No,1,No
935,hoc_evading_growth_suppressors,No,No,1,No
936,hoc_evading_growth_suppressors,No,Yes,0,Yes
937,hoc_evading_growth_suppressors,No,No,1,No
938,hoc_evading_growth_suppressors,No,No,1,No
939,hoc_evading_growth_suppressors,No,No,1,No
940,hoc_evading_growth_suppressors,No,No,1,No
941,hoc_evading_growth_suppressors,No,No,1,No
942,hoc_evading_growth_suppressors,No,No,1,No
943,hoc_evading_growth_suppressors,No,No,1,No
944,hoc_evading_growth_suppressors,No,No,1,No
945,hoc_evading_growth_suppressors,No,No,1,No
946,hoc_evading_growth_suppressors,No,No,1,No
947,hoc_evading_growth_suppressors,No,No,1,No
948,hoc_evading_growth_suppressors,No,No,1,No
949,hoc_evading_growth_suppressors,No,No,1,No
950,hoc_evading_growth_suppressors,No,No,1,No
951,hoc_evading_growth_suppressors,No,No,1,No
952,hoc_evading_growth_suppressors,No,Yes,0,Yes
953,hoc_evading_growth_suppressors,No,No,1,No
954,hoc_evading_growth_suppressors,No,No,1,No
955,hoc_evading_growth_suppressors,No,No,1,No
956,hoc_evading_growth_suppressors,No,No,1,No
957,hoc_evading_growth_suppressors,No,No,1,No
958,hoc_evading_growth_suppressors,No,No,1,No
959,hoc_evading_growth_suppressors,No,No,1,No
960,hoc_evading_growth_suppressors,No,Yes,0,Yes
961,hoc_evading_growth_suppressors,No,No,1,No
962,hoc_evading_growth_suppressors,No,No,1,No
963,hoc_evading_growth_suppressors,No,No,1,No
964,hoc_evading_growth_suppressors,No,Yes,0,Yes
965,hoc_evading_growth_suppressors,No,No,1,No
966,hoc_evading_growth_suppressors,No,Yes,0,Yes
967,hoc_evading_growth_suppressors,No,No,1,No
968,hoc_evading_growth_suppressors,No,No,1,No
969,hoc_evading_growth_suppressors,No,No,1,No
970,hoc_evading_growth_suppressors,No,No,1,No
971,hoc_evading_growth_suppressors,No,No,1,No
972,hoc_evading_growth_suppressors,No,No,1,No
973,hoc_evading_growth_suppressors,No,No,1,No
974,hoc_evading_growth_suppressors,No,No,1,No
975,hoc_evading_growth_suppressors,No,No,1,No
976,hoc_evading_growth_suppressors,No,No,1,No
977,hoc_evading_growth_suppressors,No,No,1,No
978,hoc_evading_growth_suppressors,No,No,1,No
979,hoc_evading_growth_suppressors,No,No,1,No
980,hoc_evading_growth_suppressors,No,No,1,No
981,hoc_evading_growth_suppressors,No,No,1,No
982,hoc_evading_growth_suppressors,No,No,1,No
983,hoc_evading_growth_suppressors,No,Yes,0,Yes
984,hoc_evading_growth_suppressors,No,Yes,0,Yes
985,hoc_evading_growth_suppressors,No,No,1,No
986,hoc_evading_growth_suppressors,No,No,1,No
987,hoc_evading_growth_suppressors,No,No,1,No
988,hoc_evading_growth_suppressors,No,Yes,0,Yes
989,hoc_evading_growth_suppressors,No,No,1,No
990,hoc_evading_growth_suppressors,No,No,1,No
991,hoc_evading_growth_suppressors,No,No,1,No
992,hoc_evading_growth_suppressors,No,No,1,No
993,hoc_evading_growth_suppressors,No,No,1,No
994,hoc_evading_growth_suppressors,No,No,1,No
995,hoc_evading_growth_suppressors,No,No,1,No
996,hoc_evading_growth_suppressors,No,No,1,No
997,hoc_evading_growth_suppressors,No,No,1,No
998,hoc_evading_growth_suppressors,No,No,1,No
999,hoc_evading_growth_suppressors,No,Yes,0,Yes
1000,hoc_evading_growth_suppressors,No,No,1,No
1001,hoc_evading_growth_suppressors,No,No,1,No
1002,hoc_evading_growth_suppressors,No,No,1,No
1003,hoc_evading_growth_suppressors,No,Yes,0,Yes
1004,hoc_evading_growth_suppressors,No,No,1,No
1005,hoc_evading_growth_suppressors,Yes,No,0,No
1006,hoc_evading_growth_suppressors,No,No,1,No
1007,hoc_evading_growth_suppressors,No,No,1,No
1008,hoc_evading_growth_suppressors,No,No,1,No
1009,hoc_evading_growth_suppressors,No,No,1,No
1010,hoc_evading_growth_suppressors,No,No,1,No
1011,hoc_evading_growth_suppressors,No,No,1,No
1012,hoc_evading_growth_suppressors,No,No,1,No
1013,hoc_evading_growth_suppressors,No,Yes,0,Yes
1014,hoc_evading_growth_suppressors,No,No,1,No
1015,hoc_evading_growth_suppressors,No,No,1,No
1016,hoc_evading_growth_suppressors,No,No,1,No
1017,hoc_evading_growth_suppressors,No,Yes,0,Yes
1018,hoc_evading_growth_suppressors,Yes,No,0,No
1019,hoc_evading_growth_suppressors,No,No,1,No
1020,hoc_evading_growth_suppressors,No,No,1,No
1021,hoc_evading_growth_suppressors,No,No,1,No
1022,hoc_evading_growth_suppressors,No,No,1,No
1023,hoc_evading_growth_suppressors,No,Yes,0,Yes
1024,hoc_evading_growth_suppressors,No,Yes,0,Yes
1025,hoc_evading_growth_suppressors,No,No,1,No
1026,hoc_evading_growth_suppressors,No,No,1,No
1027,hoc_evading_growth_suppressors,No,No,1,No
1028,hoc_evading_growth_suppressors,No,No,1,No
1029,hoc_evading_growth_suppressors,No,No,1,No
1030,hoc_evading_growth_suppressors,No,No,1,No
1031,hoc_evading_growth_suppressors,No,No,1,No
1032,hoc_evading_growth_suppressors,No,No,1,No
1033,hoc_evading_growth_suppressors,No,No,1,No
1034,hoc_evading_growth_suppressors,No,Yes,0,Yes
1035,hoc_evading_growth_suppressors,No,No,1,No
1036,hoc_evading_growth_suppressors,No,No,1,No
1037,hoc_evading_growth_suppressors,No,No,1,No
1038,hoc_evading_growth_suppressors,No,No,1,No
1039,hoc_evading_growth_suppressors,No,No,1,No
1040,hoc_evading_growth_suppressors,No,No,1,No
1041,hoc_evading_growth_suppressors,No,No,1,No
1042,hoc_evading_growth_suppressors,No,Yes,0,Yes
1043,hoc_evading_growth_suppressors,No,No,1,No
1044,hoc_evading_growth_suppressors,Yes,No,0,No
1045,hoc_evading_growth_suppressors,No,No,1,No
1046,hoc_evading_growth_suppressors,No,No,1,No
1047,hoc_evading_growth_suppressors,No,No,1,No
1048,hoc_evading_growth_suppressors,No,Yes,0,Yes
1049,hoc_evading_growth_suppressors,No,Yes,0,Yes
1050,hoc_evading_growth_suppressors,No,Yes,0,Yes
1051,hoc_evading_growth_suppressors,No,No,1,No
1052,hoc_evading_growth_suppressors,No,No,1,No
1053,hoc_evading_growth_suppressors,No,No,1,No
1054,hoc_evading_growth_suppressors,No,No,1,No
1055,hoc_evading_growth_suppressors,No,No,1,No
1056,hoc_evading_growth_suppressors,No,No,1,No
1057,hoc_evading_growth_suppressors,No,No,1,No
1058,hoc_evading_growth_suppressors,No,No,1,No
1059,hoc_evading_growth_suppressors,No,No,1,No
1060,hoc_evading_growth_suppressors,No,No,1,No
1061,hoc_evading_growth_suppressors,No,No,1,No
1062,hoc_evading_growth_suppressors,No,Yes,0,Yes
1063,hoc_evading_growth_suppressors,No,No,1,No
1064,hoc_evading_growth_suppressors,No,No,1,No
1065,hoc_evading_growth_suppressors,No,No,1,No
1066,hoc_evading_growth_suppressors,No,No,1,No
1067,hoc_evading_growth_suppressors,No,No,1,No
1068,hoc_evading_growth_suppressors,No,No,1,No
1069,hoc_evading_growth_suppressors,No,No,1,No
1070,hoc_evading_growth_suppressors,No,Yes,0,Yes
1071,hoc_evading_growth_suppressors,No,No,1,No
1072,hoc_evading_growth_suppressors,No,No,1,No
1073,hoc_evading_growth_suppressors,No,No,1,No
1074,hoc_evading_growth_suppressors,No,No,1,No
1075,hoc_evading_growth_suppressors,No,No,1,No
1076,hoc_evading_growth_suppressors,No,No,1,No
1077,hoc_evading_growth_suppressors,No,No,1,No
1078,hoc_evading_growth_suppressors,Yes,Yes,1,Yes
1079,hoc_evading_growth_suppressors,No,No,1,No
1080,hoc_evading_growth_suppressors,No,No,1,No
1081,hoc_evading_growth_suppressors,No,No,1,No
1082,hoc_evading_growth_suppressors,Yes,No,0,No
1083,hoc_evading_growth_suppressors,No,No,1,No
1084,hoc_evading_growth_suppressors,No,No,1,No
1085,hoc_evading_growth_suppressors,No,No,1,No
1086,hoc_evading_growth_suppressors,No,No,1,No
1087,hoc_evading_growth_suppressors,No,No,1,No
1088,hoc_evading_growth_suppressors,No,No,1,No
1089,hoc_evading_growth_suppressors,No,No,1,No
1090,hoc_evading_growth_suppressors,No,Yes,0,Yes
1091,hoc_evading_growth_suppressors,No,No,1,No
1092,hoc_evading_growth_suppressors,No,No,1,No
1093,hoc_evading_growth_suppressors,No,Yes,0,Yes
1094,hoc_evading_growth_suppressors,No,No,1,No
1095,hoc_evading_growth_suppressors,No,No,1,No
1096,hoc_evading_growth_suppressors,No,No,1,No
1097,hoc_evading_growth_suppressors,No,No,1,No
1098,hoc_evading_growth_suppressors,No,Yes,0,Yes
1099,hoc_evading_growth_suppressors,No,No,1,No
1100,hoc_evading_growth_suppressors,No,No,1,No
1101,hoc_evading_growth_suppressors,No,No,1,No
1102,hoc_evading_growth_suppressors,No,No,1,No
1103,hoc_evading_growth_suppressors,No,Yes,0,Yes
1104,hoc_evading_growth_suppressors,No,No,1,No
1105,hoc_evading_growth_suppressors,No,No,1,No
1106,hoc_evading_growth_suppressors,No,No,1,No
1107,hoc_evading_growth_suppressors,Yes,No,0,No
1108,hoc_evading_growth_suppressors,No,No,1,No
1109,hoc_evading_growth_suppressors,No,No,1,No
1110,hoc_evading_growth_suppressors,No,No,1,No
1111,hoc_evading_growth_suppressors,No,No,1,No
1112,hoc_evading_growth_suppressors,Yes,No,0,No
1113,hoc_evading_growth_suppressors,No,No,1,No
1114,hoc_evading_growth_suppressors,No,No,1,No
1115,hoc_evading_growth_suppressors,No,No,1,No
1116,hoc_evading_growth_suppressors,No,No,1,No
1117,hoc_evading_growth_suppressors,No,No,1,No
1118,hoc_evading_growth_suppressors,No,No,1,No
1119,hoc_evading_growth_suppressors,No,No,1,No
1120,hoc_evading_growth_suppressors,No,No,1,No
1121,hoc_evading_growth_suppressors,No,No,1,No
1122,hoc_evading_growth_suppressors,No,No,1,No
1123,hoc_evading_growth_suppressors,Yes,Yes,1,Yes
1124,hoc_evading_growth_suppressors,No,No,1,No
1125,hoc_evading_growth_suppressors,No,No,1,No
1126,hoc_evading_growth_suppressors,No,No,1,No
1127,hoc_evading_growth_suppressors,No,No,1,No
1128,hoc_evading_growth_suppressors,No,No,1,No
1129,hoc_evading_growth_suppressors,No,No,1,No
1130,hoc_evading_growth_suppressors,No,No,1,No
1131,hoc_evading_growth_suppressors,No,Yes,0,Yes
1132,hoc_evading_growth_suppressors,No,No,1,No
1133,hoc_evading_growth_suppressors,No,Yes,0,Yes
1134,hoc_evading_growth_suppressors,Yes,Yes,1,Yes
1135,hoc_evading_growth_suppressors,No,No,1,No
1136,hoc_evading_growth_suppressors,Yes,Yes,1,Yes
1137,hoc_evading_growth_suppressors,No,No,1,No
1138,hoc_evading_growth_suppressors,No,No,1,No
1139,hoc_evading_growth_suppressors,Yes,Yes,1,Yes
1140,hoc_evading_growth_suppressors,No,No,1,No
1141,hoc_evading_growth_suppressors,No,No,1,No
1142,hoc_evading_growth_suppressors,No,No,1,No
1143,hoc_evading_growth_suppressors,No,Yes,0,Yes
1144,hoc_evading_growth_suppressors,No,No,1,No
1145,hoc_evading_growth_suppressors,No,No,1,No
1146,hoc_evading_growth_suppressors,No,No,1,No
1147,hoc_evading_growth_suppressors,No,No,1,No
1148,hoc_evading_growth_suppressors,No,Yes,0,Yes
1149,hoc_evading_growth_suppressors,No,No,1,No
1150,hoc_evading_growth_suppressors,No,No,1,No
1151,hoc_evading_growth_suppressors,No,No,1,No
1152,hoc_evading_growth_suppressors,No,No,1,No
1153,hoc_evading_growth_suppressors,No,No,1,No
1154,hoc_evading_growth_suppressors,No,No,1,No
1155,hoc_evading_growth_suppressors,No,No,1,No
1156,hoc_evading_growth_suppressors,No,No,1,No
1157,hoc_evading_growth_suppressors,No,No,1,No
1158,hoc_evading_growth_suppressors,No,No,1,No
1159,hoc_evading_growth_suppressors,No,No,1,No
1160,hoc_evading_growth_suppressors,No,No,1,No
1161,hoc_evading_growth_suppressors,No,No,1,No
1162,hoc_evading_growth_suppressors,No,No,1,No
1163,hoc_evading_growth_suppressors,No,No,1,No
1164,hoc_evading_growth_suppressors,No,No,1,No
1165,hoc_evading_growth_suppressors,No,No,1,No
1166,hoc_evading_growth_suppressors,No,No,1,No
1167,hoc_evading_growth_suppressors,No,No,1,No
1168,hoc_evading_growth_suppressors,No,No,1,No
1169,hoc_evading_growth_suppressors,No,No,1,No
1170,hoc_evading_growth_suppressors,No,No,1,No
1171,hoc_evading_growth_suppressors,No,No,1,No
1172,hoc_evading_growth_suppressors,No,No,1,No
1173,hoc_evading_growth_suppressors,No,No,1,No
1174,hoc_evading_growth_suppressors,No,No,1,No
1175,hoc_evading_growth_suppressors,No,No,1,No
1176,hoc_evading_growth_suppressors,No,No,1,No
1177,hoc_evading_growth_suppressors,No,No,1,No
1178,hoc_evading_growth_suppressors,No,No,1,No
1179,hoc_evading_growth_suppressors,No,No,1,No
1180,hoc_evading_growth_suppressors,No,No,1,No
1181,hoc_evading_growth_suppressors,No,No,1,No
1182,hoc_evading_growth_suppressors,No,No,1,No
1183,hoc_evading_growth_suppressors,No,No,1,No
1184,hoc_evading_growth_suppressors,No,No,1,No
1185,hoc_evading_growth_suppressors,No,No,1,No
1186,hoc_evading_growth_suppressors,No,Yes,0,Yes
1187,hoc_evading_growth_suppressors,No,No,1,No
1188,hoc_evading_growth_suppressors,No,No,1,No
1189,hoc_evading_growth_suppressors,No,No,1,No
1190,hoc_evading_growth_suppressors,No,No,1,No
1191,hoc_evading_growth_suppressors,No,No,1,No
1192,hoc_evading_growth_suppressors,No,No,1,No
1193,hoc_evading_growth_suppressors,No,No,1,No
1194,hoc_evading_growth_suppressors,No,No,1,No
1195,hoc_evading_growth_suppressors,No,No,1,No
1196,hoc_evading_growth_suppressors,No,No,1,No
1197,hoc_evading_growth_suppressors,No,No,1,No
1198,hoc_evading_growth_suppressors,No,No,1,No
1199,hoc_evading_growth_suppressors,No,No,1,No
1200,hoc_evading_growth_suppressors,No,No,1,No
1201,hoc_evading_growth_suppressors,No,No,1,No
1202,hoc_evading_growth_suppressors,No,No,1,No
1203,hoc_evading_growth_suppressors,No,No,1,No
1204,hoc_evading_growth_suppressors,No,No,1,No
1205,hoc_evading_growth_suppressors,No,Yes,0,Yes
1206,hoc_evading_growth_suppressors,No,No,1,No
1207,hoc_evading_growth_suppressors,No,No,1,No
1208,hoc_evading_growth_suppressors,No,No,1,No
1209,hoc_evading_growth_suppressors,No,No,1,No
1210,hoc_evading_growth_suppressors,No,No,1,No
1211,hoc_evading_growth_suppressors,No,No,1,No
1212,hoc_evading_growth_suppressors,Yes,No,0,No
1213,hoc_evading_growth_suppressors,No,Yes,0,Yes
1214,hoc_evading_growth_suppressors,No,No,1,No
1215,hoc_evading_growth_suppressors,No,Yes,0,Yes
1216,hoc_evading_growth_suppressors,No,No,1,No
1217,hoc_evading_growth_suppressors,No,No,1,No
1218,hoc_evading_growth_suppressors,No,No,1,No
1219,hoc_evading_growth_suppressors,No,No,1,No
1220,hoc_evading_growth_suppressors,No,No,1,No
1221,hoc_evading_growth_suppressors,No,No,1,No
1222,hoc_evading_growth_suppressors,No,Yes,0,Yes
1223,hoc_evading_growth_suppressors,No,No,1,No
1224,hoc_evading_growth_suppressors,No,No,1,No
1225,hoc_evading_growth_suppressors,No,Yes,0,Yes
1226,hoc_evading_growth_suppressors,No,No,1,No
1227,hoc_evading_growth_suppressors,No,No,1,No
1228,hoc_evading_growth_suppressors,No,Yes,0,Yes
1229,hoc_evading_growth_suppressors,No,Yes,0,Yes
1230,hoc_evading_growth_suppressors,No,No,1,No
1231,hoc_evading_growth_suppressors,No,No,1,No
1232,hoc_evading_growth_suppressors,No,No,1,No
1233,hoc_evading_growth_suppressors,No,Yes,0,Yes
1234,hoc_evading_growth_suppressors,No,No,1,No
1235,hoc_evading_growth_suppressors,No,No,1,No
1236,hoc_evading_growth_suppressors,No,No,1,No
1237,hoc_evading_growth_suppressors,No,No,1,No
1238,hoc_evading_growth_suppressors,No,No,1,No
1239,hoc_evading_growth_suppressors,No,Yes,0,Yes
1240,hoc_evading_growth_suppressors,No,No,1,No
1241,hoc_evading_growth_suppressors,No,No,1,No
1242,hoc_evading_growth_suppressors,No,No,1,No
1243,hoc_evading_growth_suppressors,No,No,1,No
1244,hoc_evading_growth_suppressors,No,No,1,No
1245,hoc_evading_growth_suppressors,No,No,1,No
1246,hoc_evading_growth_suppressors,No,No,1,No
1247,hoc_evading_growth_suppressors,No,No,1,No
1248,hoc_evading_growth_suppressors,No,No,1,No
1249,hoc_evading_growth_suppressors,No,No,1,No
1250,hoc_evading_growth_suppressors,No,No,1,No
1251,hoc_evading_growth_suppressors,No,No,1,No
1252,hoc_evading_growth_suppressors,No,Yes,0,Yes
1253,hoc_evading_growth_suppressors,No,No,1,No
1254,hoc_evading_growth_suppressors,No,No,1,No
1255,hoc_evading_growth_suppressors,No,No,1,No
1256,hoc_evading_growth_suppressors,No,No,1,No
1257,hoc_evading_growth_suppressors,No,No,1,No
1258,hoc_evading_growth_suppressors,No,No,1,No
1259,hoc_evading_growth_suppressors,No,No,1,No
1260,hoc_evading_growth_suppressors,No,No,1,No
1261,hoc_evading_growth_suppressors,No,Yes,0,Yes
1262,hoc_evading_growth_suppressors,No,Yes,0,Yes
1263,hoc_evading_growth_suppressors,No,No,1,No
1264,hoc_evading_growth_suppressors,No,No,1,No
1265,hoc_evading_growth_suppressors,No,No,1,No
1266,hoc_evading_growth_suppressors,No,No,1,No
1267,hoc_evading_growth_suppressors,No,No,1,No
1268,hoc_evading_growth_suppressors,No,Yes,0,Yes
1269,hoc_evading_growth_suppressors,No,No,1,No
1270,hoc_evading_growth_suppressors,No,No,1,No
1271,hoc_evading_growth_suppressors,No,No,1,No
1272,hoc_evading_growth_suppressors,No,No,1,No
1273,hoc_evading_growth_suppressors,No,No,1,No
1274,hoc_evading_growth_suppressors,No,No,1,No
1275,hoc_evading_growth_suppressors,No,No,1,No
1276,hoc_evading_growth_suppressors,No,No,1,No
1277,hoc_evading_growth_suppressors,No,No,1,No
1278,hoc_evading_growth_suppressors,No,No,1,No
1279,hoc_evading_growth_suppressors,No,No,1,No
1280,hoc_evading_growth_suppressors,No,No,1,No
1281,hoc_evading_growth_suppressors,No,No,1,No
1282,hoc_evading_growth_suppressors,No,Yes,0,Yes
1283,hoc_evading_growth_suppressors,No,No,1,No
1284,hoc_evading_growth_suppressors,No,No,1,No
1285,hoc_evading_growth_suppressors,No,Yes,0,Yes
1286,hoc_evading_growth_suppressors,No,No,1,No
1287,hoc_evading_growth_suppressors,No,No,1,No
1288,hoc_evading_growth_suppressors,No,No,1,No
1289,hoc_evading_growth_suppressors,No,No,1,No
1290,hoc_evading_growth_suppressors,No,No,1,No
1291,hoc_evading_growth_suppressors,No,Yes,0,Yes
1292,hoc_evading_growth_suppressors,No,No,1,No
1293,hoc_evading_growth_suppressors,No,No,1,No
1294,hoc_evading_growth_suppressors,No,No,1,No
1295,hoc_evading_growth_suppressors,No,No,1,No
1296,hoc_evading_growth_suppressors,No,No,1,No
1297,hoc_evading_growth_suppressors,No,No,1,No
1298,hoc_evading_growth_suppressors,No,Yes,0,Yes
1299,hoc_evading_growth_suppressors,No,No,1,No
1300,hoc_evading_growth_suppressors,No,Yes,0,Yes
1301,hoc_evading_growth_suppressors,No,No,1,No
1302,hoc_evading_growth_suppressors,No,No,1,No
1303,hoc_evading_growth_suppressors,No,No,1,No
1304,hoc_evading_growth_suppressors,No,No,1,No
1305,hoc_evading_growth_suppressors,No,No,1,No
1306,hoc_evading_growth_suppressors,No,No,1,No
1307,hoc_evading_growth_suppressors,No,No,1,No
1308,hoc_evading_growth_suppressors,No,No,1,No
1309,hoc_evading_growth_suppressors,No,No,1,No
1310,hoc_evading_growth_suppressors,No,No,1,No
1311,hoc_evading_growth_suppressors,No,No,1,No
1312,hoc_evading_growth_suppressors,No,No,1,No
1313,hoc_evading_growth_suppressors,No,No,1,No
1314,hoc_evading_growth_suppressors,No,No,1,No
1315,hoc_evading_growth_suppressors,No,No,1,No
1316,hoc_evading_growth_suppressors,No,No,1,No
1317,hoc_evading_growth_suppressors,No,No,1,No
1318,hoc_evading_growth_suppressors,No,No,1,No
1319,hoc_evading_growth_suppressors,No,No,1,No
1320,hoc_evading_growth_suppressors,No,No,1,No
1321,hoc_evading_growth_suppressors,No,No,1,No
1322,hoc_evading_growth_suppressors,No,No,1,No
1323,hoc_evading_growth_suppressors,No,No,1,No
1324,hoc_evading_growth_suppressors,No,No,1,No
1325,hoc_evading_growth_suppressors,No,No,1,No
1326,hoc_evading_growth_suppressors,No,No,1,No
1327,hoc_evading_growth_suppressors,No,No,1,No
1328,hoc_evading_growth_suppressors,No,No,1,No
1329,hoc_evading_growth_suppressors,No,Yes,0,Yes
1330,hoc_evading_growth_suppressors,No,No,1,No
1331,hoc_evading_growth_suppressors,No,Yes,0,Yes
1332,hoc_evading_growth_suppressors,No,No,1,No
1333,hoc_evading_growth_suppressors,No,No,1,No
1334,hoc_evading_growth_suppressors,No,No,1,No
1335,hoc_evading_growth_suppressors,No,No,1,No
1336,hoc_evading_growth_suppressors,No,Yes,0,Yes
1337,hoc_evading_growth_suppressors,No,No,1,No
1338,hoc_evading_growth_suppressors,No,No,1,No
1339,hoc_evading_growth_suppressors,No,No,1,No
1340,hoc_evading_growth_suppressors,No,No,1,No
1341,hoc_evading_growth_suppressors,No,No,1,No
1342,hoc_evading_growth_suppressors,No,No,1,No
1343,hoc_evading_growth_suppressors,No,No,1,No
1344,hoc_evading_growth_suppressors,No,No,1,No
1345,hoc_evading_growth_suppressors,No,No,1,No
1346,hoc_evading_growth_suppressors,No,No,1,No
1347,hoc_evading_growth_suppressors,No,No,1,No
1348,hoc_evading_growth_suppressors,No,No,1,No
1349,hoc_evading_growth_suppressors,No,No,1,No
1350,hoc_evading_growth_suppressors,No,No,1,No
1351,hoc_evading_growth_suppressors,Yes,No,0,No
1352,hoc_evading_growth_suppressors,No,No,1,No
1353,hoc_evading_growth_suppressors,No,No,1,No
1354,hoc_evading_growth_suppressors,No,No,1,No
1355,hoc_evading_growth_suppressors,No,No,1,No
1356,hoc_evading_growth_suppressors,No,No,1,No
1357,hoc_evading_growth_suppressors,No,Yes,0,Yes
1358,hoc_evading_growth_suppressors,No,No,1,No
1359,hoc_evading_growth_suppressors,No,No,1,No
1360,hoc_evading_growth_suppressors,No,No,1,No
1361,hoc_evading_growth_suppressors,No,No,1,No
1362,hoc_evading_growth_suppressors,Yes,No,0,No
1363,hoc_evading_growth_suppressors,No,No,1,No
1364,hoc_evading_growth_suppressors,No,No,1,No
1365,hoc_evading_growth_suppressors,No,Yes,0,Yes
1366,hoc_evading_growth_suppressors,No,No,1,No
1367,hoc_evading_growth_suppressors,No,No,1,No
1368,hoc_evading_growth_suppressors,No,No,1,No
1369,hoc_evading_growth_suppressors,No,Yes,0,Yes
1370,hoc_evading_growth_suppressors,No,No,1,No
1371,hoc_evading_growth_suppressors,No,Yes,0,Yes
1372,hoc_evading_growth_suppressors,No,No,1,No
1373,hoc_evading_growth_suppressors,No,No,1,No
1374,hoc_evading_growth_suppressors,No,No,1,No
1375,hoc_evading_growth_suppressors,No,Yes,0,Yes
1376,hoc_evading_growth_suppressors,No,No,1,No
1377,hoc_evading_growth_suppressors,No,No,1,No
1378,hoc_evading_growth_suppressors,No,No,1,No
1379,hoc_evading_growth_suppressors,No,No,1,No
1380,hoc_evading_growth_suppressors,No,No,1,No
1381,hoc_evading_growth_suppressors,No,No,1,No
1382,hoc_evading_growth_suppressors,No,No,1,No
1383,hoc_evading_growth_suppressors,No,No,1,No
1384,hoc_evading_growth_suppressors,No,No,1,No
1385,hoc_evading_growth_suppressors,No,Yes,0,Yes
1386,hoc_evading_growth_suppressors,No,No,1,No
1387,hoc_evading_growth_suppressors,No,Yes,0,Yes
1388,hoc_evading_growth_suppressors,No,No,1,No
1389,hoc_evading_growth_suppressors,No,No,1,No
1390,hoc_evading_growth_suppressors,No,No,1,No
1391,hoc_evading_growth_suppressors,Yes,Yes,1,Yes
1392,hoc_evading_growth_suppressors,No,Yes,0,Yes
1393,hoc_evading_growth_suppressors,No,No,1,No
1394,hoc_evading_growth_suppressors,No,No,1,No
1395,hoc_evading_growth_suppressors,No,No,1,No
1396,hoc_evading_growth_suppressors,No,No,1,No
1397,hoc_evading_growth_suppressors,No,No,1,No
1398,hoc_evading_growth_suppressors,No,Yes,0,Yes
1399,hoc_evading_growth_suppressors,No,No,1,No
1400,hoc_evading_growth_suppressors,No,No,1,No
1401,hoc_evading_growth_suppressors,No,No,1,No
1402,hoc_evading_growth_suppressors,No,No,1,No
1403,hoc_evading_growth_suppressors,No,No,1,No
1404,hoc_evading_growth_suppressors,No,No,1,No
1405,hoc_evading_growth_suppressors,No,No,1,No
1406,hoc_evading_growth_suppressors,No,No,1,No
1407,hoc_evading_growth_suppressors,No,No,1,No
1408,hoc_evading_growth_suppressors,No,No,1,No
1409,hoc_evading_growth_suppressors,No,No,1,No
1410,hoc_evading_growth_suppressors,No,No,1,No
1411,hoc_evading_growth_suppressors,No,No,1,No
1412,hoc_evading_growth_suppressors,No,No,1,No
1413,hoc_evading_growth_suppressors,No,No,1,No
1414,hoc_evading_growth_suppressors,No,Yes,0,Yes
1415,hoc_evading_growth_suppressors,No,No,1,No
1416,hoc_evading_growth_suppressors,No,Yes,0,Yes
1417,hoc_evading_growth_suppressors,No,No,1,No
1418,hoc_evading_growth_suppressors,No,No,1,No
1419,hoc_evading_growth_suppressors,No,Yes,0,Yes
1420,hoc_evading_growth_suppressors,No,Yes,0,Yes
1421,hoc_evading_growth_suppressors,No,Yes,0,Yes
1422,hoc_evading_growth_suppressors,No,No,1,No
1423,hoc_evading_growth_suppressors,No,No,1,No
1424,hoc_evading_growth_suppressors,No,No,1,No
1425,hoc_evading_growth_suppressors,No,No,1,No
1426,hoc_evading_growth_suppressors,No,No,1,No
1427,hoc_evading_growth_suppressors,No,No,1,No
1428,hoc_evading_growth_suppressors,No,No,1,No
1429,hoc_evading_growth_suppressors,No,No,1,No
1430,hoc_evading_growth_suppressors,No,No,1,No
1431,hoc_evading_growth_suppressors,Yes,Yes,1,Yes
1432,hoc_evading_growth_suppressors,No,No,1,No
1433,hoc_evading_growth_suppressors,No,No,1,No
1434,hoc_evading_growth_suppressors,No,No,1,No
1435,hoc_evading_growth_suppressors,No,No,1,No
1436,hoc_evading_growth_suppressors,No,No,1,No
1437,hoc_evading_growth_suppressors,No,No,1,No
1438,hoc_evading_growth_suppressors,No,Yes,0,Yes
1439,hoc_evading_growth_suppressors,No,No,1,No
1440,hoc_evading_growth_suppressors,No,No,1,No
1441,hoc_evading_growth_suppressors,No,No,1,No
1442,hoc_evading_growth_suppressors,No,No,1,No
1443,hoc_evading_growth_suppressors,No,No,1,No
1444,hoc_evading_growth_suppressors,No,Yes,0,Yes
1445,hoc_evading_growth_suppressors,No,No,1,No
1446,hoc_evading_growth_suppressors,No,No,1,No
1447,hoc_evading_growth_suppressors,No,No,1,No
1448,hoc_evading_growth_suppressors,No,No,1,No
1449,hoc_evading_growth_suppressors,No,No,1,No
1450,hoc_evading_growth_suppressors,No,No,1,No
1451,hoc_evading_growth_suppressors,No,No,1,No
1452,hoc_evading_growth_suppressors,No,Yes,0,Yes
1453,hoc_evading_growth_suppressors,No,No,1,No
1454,hoc_evading_growth_suppressors,No,No,1,No
1455,hoc_evading_growth_suppressors,Yes,No,0,No
1456,hoc_evading_growth_suppressors,No,No,1,No
1457,hoc_evading_growth_suppressors,No,No,1,No
1458,hoc_evading_growth_suppressors,No,Yes,0,Yes
1459,hoc_evading_growth_suppressors,No,No,1,No
1460,hoc_evading_growth_suppressors,No,No,1,No
1461,hoc_evading_growth_suppressors,No,No,1,No
1462,hoc_evading_growth_suppressors,No,No,1,No
1463,hoc_evading_growth_suppressors,No,No,1,No
1464,hoc_evading_growth_suppressors,No,No,1,No
1465,hoc_evading_growth_suppressors,No,No,1,No
1466,hoc_evading_growth_suppressors,No,No,1,No
1467,hoc_evading_growth_suppressors,No,Yes,0,Yes
1468,hoc_evading_growth_suppressors,No,No,1,No
1469,hoc_evading_growth_suppressors,No,No,1,No
1470,hoc_evading_growth_suppressors,No,No,1,No
1471,hoc_evading_growth_suppressors,Yes,No,0,No
1472,hoc_evading_growth_suppressors,No,No,1,No
1473,hoc_evading_growth_suppressors,No,No,1,No
1474,hoc_evading_growth_suppressors,No,No,1,No
1475,hoc_evading_growth_suppressors,No,No,1,No
1476,hoc_evading_growth_suppressors,No,No,1,No
1477,hoc_evading_growth_suppressors,No,No,1,No
1478,hoc_evading_growth_suppressors,No,No,1,No
1479,hoc_evading_growth_suppressors,No,No,1,No
1480,hoc_evading_growth_suppressors,Yes,Yes,1,Yes
1481,hoc_evading_growth_suppressors,No,No,1,No
1482,hoc_evading_growth_suppressors,No,No,1,No
1483,hoc_evading_growth_suppressors,No,Yes,0,Yes
1484,hoc_evading_growth_suppressors,No,No,1,No
1485,hoc_evading_growth_suppressors,No,Yes,0,Yes
1486,hoc_evading_growth_suppressors,No,No,1,No
1487,hoc_evading_growth_suppressors,No,No,1,No
1488,hoc_evading_growth_suppressors,No,No,1,No
1489,hoc_evading_growth_suppressors,No,No,1,No
1490,hoc_evading_growth_suppressors,No,Yes,0,Yes
1491,hoc_evading_growth_suppressors,Yes,Yes,1,Yes
1492,hoc_evading_growth_suppressors,No,Yes,0,Yes
1493,hoc_evading_growth_suppressors,No,No,1,No
1494,hoc_evading_growth_suppressors,No,No,1,No
1495,hoc_evading_growth_suppressors,No,No,1,No
1496,hoc_evading_growth_suppressors,No,No,1,No
1497,hoc_evading_growth_suppressors,No,No,1,No
1498,hoc_evading_growth_suppressors,No,Yes,0,Yes
1499,hoc_evading_growth_suppressors,No,No,1,No
1500,hoc_evading_growth_suppressors,No,No,1,No
1501,hoc_evading_growth_suppressors,No,No,1,No
1502,hoc_evading_growth_suppressors,No,No,1,No
1503,hoc_evading_growth_suppressors,No,Yes,0,Yes
1504,hoc_evading_growth_suppressors,No,No,1,No
1505,hoc_evading_growth_suppressors,No,No,1,No
1506,hoc_evading_growth_suppressors,No,No,1,No
1507,hoc_evading_growth_suppressors,No,No,1,No
1508,hoc_evading_growth_suppressors,No,No,1,No
1509,hoc_evading_growth_suppressors,No,No,1,No
1510,hoc_evading_growth_suppressors,No,No,1,No
1511,hoc_evading_growth_suppressors,No,No,1,No
1512,hoc_evading_growth_suppressors,No,Yes,0,Yes
1513,hoc_evading_growth_suppressors,No,No,1,No
1514,hoc_evading_growth_suppressors,No,No,1,No
1515,hoc_evading_growth_suppressors,No,No,1,No
1516,hoc_evading_growth_suppressors,No,No,1,No
1517,hoc_evading_growth_suppressors,No,No,1,No
1518,hoc_evading_growth_suppressors,No,No,1,No
1519,hoc_evading_growth_suppressors,No,No,1,No
1520,hoc_evading_growth_suppressors,No,No,1,No
1521,hoc_evading_growth_suppressors,No,No,1,No
1522,hoc_evading_growth_suppressors,No,No,1,No
1523,hoc_evading_growth_suppressors,No,No,1,No
1524,hoc_evading_growth_suppressors,No,Yes,0,Yes
1525,hoc_evading_growth_suppressors,No,No,1,No
1526,hoc_evading_growth_suppressors,No,No,1,No
1527,hoc_evading_growth_suppressors,No,No,1,No
1528,hoc_evading_growth_suppressors,No,No,1,No
1529,hoc_evading_growth_suppressors,No,No,1,No
1530,hoc_evading_growth_suppressors,No,Yes,0,Yes
1531,hoc_evading_growth_suppressors,No,No,1,No
1532,hoc_evading_growth_suppressors,No,No,1,No
1533,hoc_evading_growth_suppressors,No,No,1,No
1534,hoc_evading_growth_suppressors,No,No,1,No
1535,hoc_evading_growth_suppressors,No,No,1,No
1536,hoc_evading_growth_suppressors,No,Yes,0,Yes
1537,hoc_evading_growth_suppressors,No,No,1,No
1538,hoc_evading_growth_suppressors,No,No,1,No
1539,hoc_evading_growth_suppressors,No,No,1,No
1540,hoc_evading_growth_suppressors,No,No,1,No
1541,hoc_evading_growth_suppressors,No,No,1,No
1542,hoc_evading_growth_suppressors,No,No,1,No
1543,hoc_evading_growth_suppressors,No,No,1,No
1544,hoc_evading_growth_suppressors,No,No,1,No
1545,hoc_evading_growth_suppressors,No,No,1,No
1546,hoc_evading_growth_suppressors,No,Yes,0,Yes
1547,hoc_evading_growth_suppressors,No,No,1,No
1548,hoc_evading_growth_suppressors,No,No,1,No
1549,hoc_evading_growth_suppressors,No,No,1,No
1550,hoc_evading_growth_suppressors,No,No,1,No
1551,hoc_evading_growth_suppressors,No,No,1,No
1552,hoc_evading_growth_suppressors,No,No,1,No
1553,hoc_evading_growth_suppressors,No,No,1,No
1554,hoc_evading_growth_suppressors,No,No,1,No
1555,hoc_evading_growth_suppressors,No,No,1,No
1556,hoc_evading_growth_suppressors,No,Yes,0,Yes
1557,hoc_evading_growth_suppressors,No,No,1,No
1558,hoc_evading_growth_suppressors,No,No,1,No
1559,hoc_evading_growth_suppressors,No,No,1,No
1560,hoc_evading_growth_suppressors,No,Yes,0,Yes
1561,hoc_evading_growth_suppressors,No,No,1,No
1562,hoc_evading_growth_suppressors,No,No,1,No
1563,hoc_evading_growth_suppressors,No,No,1,No
1564,hoc_evading_growth_suppressors,No,No,1,No
1565,hoc_evading_growth_suppressors,No,Yes,0,Yes
1566,hoc_evading_growth_suppressors,No,Yes,0,Yes
1567,hoc_evading_growth_suppressors,No,No,1,No
1568,hoc_evading_growth_suppressors,No,No,1,No
1569,hoc_evading_growth_suppressors,No,Yes,0,Yes
1570,hoc_evading_growth_suppressors,No,No,1,No
1571,hoc_evading_growth_suppressors,No,Yes,0,Yes
1572,hoc_evading_growth_suppressors,No,No,1,No
1573,hoc_evading_growth_suppressors,No,Yes,0,Yes
1574,hoc_evading_growth_suppressors,No,No,1,No
1575,hoc_evading_growth_suppressors,No,No,1,No
1576,hoc_evading_growth_suppressors,No,No,1,No
1577,hoc_evading_growth_suppressors,No,No,1,No
1578,hoc_evading_growth_suppressors,No,Yes,0,Yes
1579,hoc_evading_growth_suppressors,No,No,1,No
1580,hoc_evading_growth_suppressors,No,No,1,No
1581,hoc_evading_growth_suppressors,No,No,1,No
1582,hoc_evading_growth_suppressors,No,No,1,No
1583,hoc_evading_growth_suppressors,No,No,1,No
1584,hoc_evading_growth_suppressors,Yes,Yes,1,Yes
1585,hoc_evading_growth_suppressors,No,No,1,No
1586,hoc_evading_growth_suppressors,No,No,1,No
1587,hoc_evading_growth_suppressors,No,No,1,No
1588,hoc_evading_growth_suppressors,No,No,1,No
1589,hoc_evading_growth_suppressors,No,No,1,No
1590,hoc_evading_growth_suppressors,No,No,1,No
1591,hoc_evading_growth_suppressors,No,No,1,No
1592,hoc_evading_growth_suppressors,No,No,1,No
1593,hoc_evading_growth_suppressors,No,No,1,No
1594,hoc_evading_growth_suppressors,Yes,Yes,1,Yes
1595,hoc_evading_growth_suppressors,No,No,1,No
1596,hoc_evading_growth_suppressors,No,No,1,No
1597,hoc_evading_growth_suppressors,No,No,1,No
1598,hoc_evading_growth_suppressors,No,Yes,0,Yes
1599,hoc_evading_growth_suppressors,Yes,No,0,No
1600,hoc_evading_growth_suppressors,No,No,1,No
1601,hoc_evading_growth_suppressors,No,No,1,No
1602,hoc_evading_growth_suppressors,No,No,1,No
1603,hoc_evading_growth_suppressors,No,No,1,No
1604,hoc_evading_growth_suppressors,No,No,1,No
1605,hoc_evading_growth_suppressors,No,No,1,No
1606,hoc_evading_growth_suppressors,No,No,1,No
1607,hoc_evading_growth_suppressors,No,No,1,No
1608,hoc_evading_growth_suppressors,No,No,1,No
1609,hoc_evading_growth_suppressors,No,No,1,No
1610,hoc_evading_growth_suppressors,No,No,1,No
1611,hoc_evading_growth_suppressors,No,Yes,0,Yes
1612,hoc_evading_growth_suppressors,No,No,1,No
1613,hoc_evading_growth_suppressors,No,No,1,No
1614,hoc_evading_growth_suppressors,No,No,1,No
1615,hoc_evading_growth_suppressors,No,No,1,No
1616,hoc_evading_growth_suppressors,No,No,1,No
1617,hoc_evading_growth_suppressors,No,No,1,No
1618,hoc_evading_growth_suppressors,No,No,1,No
1619,hoc_evading_growth_suppressors,No,No,1,No
1620,hoc_evading_growth_suppressors,No,No,1,No
1621,hoc_evading_growth_suppressors,No,Yes,0,Yes
1622,hoc_evading_growth_suppressors,No,No,1,No
1623,hoc_evading_growth_suppressors,No,No,1,No
1624,hoc_evading_growth_suppressors,No,No,1,No
1625,hoc_evading_growth_suppressors,No,No,1,No
1626,hoc_evading_growth_suppressors,No,No,1,No
1627,hoc_evading_growth_suppressors,No,No,1,No
1628,hoc_evading_growth_suppressors,No,No,1,No
1629,hoc_evading_growth_suppressors,No,No,1,No
1630,hoc_evading_growth_suppressors,No,No,1,No
1631,hoc_evading_growth_suppressors,No,No,1,No
1632,hoc_evading_growth_suppressors,No,No,1,No
1633,hoc_evading_growth_suppressors,No,No,1,No
1634,hoc_evading_growth_suppressors,No,No,1,No
1635,hoc_evading_growth_suppressors,No,Yes,0,Yes
1636,hoc_evading_growth_suppressors,Yes,No,0,No
1637,hoc_evading_growth_suppressors,Yes,No,0,No
1638,hoc_evading_growth_suppressors,Yes,No,0,No
1639,hoc_evading_growth_suppressors,No,Yes,0,Yes
1640,hoc_evading_growth_suppressors,Yes,Yes,1,Yes
1641,hoc_evading_growth_suppressors,No,No,1,No
1642,hoc_evading_growth_suppressors,Yes,No,0,No
1643,hoc_evading_growth_suppressors,Yes,No,0,No
1644,hoc_evading_growth_suppressors,No,No,1,No
1645,hoc_evading_growth_suppressors,No,No,1,No
1646,hoc_evading_growth_suppressors,Yes,No,0,No
1647,hoc_evading_growth_suppressors,Yes,No,0,No
1648,hoc_evading_growth_suppressors,No,No,1,No
1649,hoc_evading_growth_suppressors,Yes,No,0,No
1650,hoc_evading_growth_suppressors,Yes,No,0,No
1651,hoc_evading_growth_suppressors,No,No,1,No
1652,hoc_evading_growth_suppressors,No,No,1,No
1653,hoc_evading_growth_suppressors,No,No,1,No
1654,hoc_evading_growth_suppressors,No,No,1,No
1655,hoc_evading_growth_suppressors,No,Yes,0,Yes
1656,hoc_evading_growth_suppressors,Yes,No,0,No
1657,hoc_evading_growth_suppressors,No,No,1,No
1658,hoc_evading_growth_suppressors,No,No,1,No
1659,hoc_evading_growth_suppressors,No,Yes,0,Yes
1660,hoc_evading_growth_suppressors,Yes,No,0,No
1661,hoc_evading_growth_suppressors,No,No,1,No
1662,hoc_evading_growth_suppressors,No,No,1,No
1663,hoc_evading_growth_suppressors,No,No,1,No
1664,hoc_evading_growth_suppressors,Yes,Yes,1,Yes
1665,hoc_evading_growth_suppressors,Yes,No,0,No
1666,hoc_evading_growth_suppressors,No,No,1,No
1667,hoc_evading_growth_suppressors,No,Yes,0,Yes
1668,hoc_evading_growth_suppressors,No,No,1,No
1669,hoc_evading_growth_suppressors,No,No,1,No
1670,hoc_evading_growth_suppressors,No,No,1,No
1671,hoc_evading_growth_suppressors,No,No,1,No
1672,hoc_evading_growth_suppressors,Yes,No,0,No
1673,hoc_evading_growth_suppressors,Yes,No,0,No
1674,hoc_evading_growth_suppressors,Yes,No,0,No
1675,hoc_evading_growth_suppressors,No,No,1,No
1676,hoc_evading_growth_suppressors,No,No,1,No
1677,hoc_evading_growth_suppressors,No,No,1,No
1678,hoc_evading_growth_suppressors,No,No,1,No
1679,hoc_evading_growth_suppressors,No,No,1,No
1680,hoc_evading_growth_suppressors,No,No,1,No
1681,hoc_evading_growth_suppressors,No,No,1,No
1682,hoc_evading_growth_suppressors,Yes,No,0,No
1683,hoc_evading_growth_suppressors,No,No,1,No
1684,hoc_evading_growth_suppressors,No,No,1,No
1685,hoc_evading_growth_suppressors,No,No,1,No
1686,hoc_evading_growth_suppressors,Yes,No,0,No
1687,hoc_evading_growth_suppressors,No,No,1,No
1688,hoc_evading_growth_suppressors,Yes,No,0,No
1689,hoc_evading_growth_suppressors,Yes,No,0,No
1690,hoc_evading_growth_suppressors,Yes,No,0,No
1691,hoc_evading_growth_suppressors,No,No,1,No
1692,hoc_evading_growth_suppressors,No,Yes,0,Yes
1693,hoc_evading_growth_suppressors,Yes,Yes,1,Yes
1694,hoc_evading_growth_suppressors,No,No,1,No
1695,hoc_evading_growth_suppressors,No,No,1,No
1696,hoc_evading_growth_suppressors,No,Yes,0,Yes
1697,hoc_evading_growth_suppressors,No,Yes,0,Yes
1698,hoc_evading_growth_suppressors,No,No,1,No
1699,hoc_evading_growth_suppressors,No,No,1,No
1700,hoc_evading_growth_suppressors,No,No,1,No
1701,hoc_evading_growth_suppressors,No,Yes,0,Yes
1702,hoc_evading_growth_suppressors,Yes,Yes,1,Yes
1703,hoc_evading_growth_suppressors,Yes,No,0,No
1704,hoc_evading_growth_suppressors,No,No,1,No
1705,hoc_evading_growth_suppressors,No,No,1,No
1706,hoc_evading_growth_suppressors,No,No,1,No
1707,hoc_evading_growth_suppressors,Yes,No,0,No
1708,hoc_evading_growth_suppressors,No,No,1,No
1709,hoc_evading_growth_suppressors,Yes,No,0,No
1710,hoc_evading_growth_suppressors,No,No,1,No
1711,hoc_evading_growth_suppressors,No,No,1,No
1712,hoc_evading_growth_suppressors,No,No,1,No
1713,hoc_evading_growth_suppressors,Yes,Yes,1,Yes
1714,hoc_evading_growth_suppressors,No,Yes,0,Yes
1715,hoc_evading_growth_suppressors,No,No,1,No
1716,hoc_evading_growth_suppressors,Yes,No,0,No
1717,hoc_evading_growth_suppressors,Yes,No,0,No
1718,hoc_evading_growth_suppressors,No,No,1,No
1719,hoc_evading_growth_suppressors,Yes,No,0,No
1720,hoc_evading_growth_suppressors,No,No,1,No
1721,hoc_evading_growth_suppressors,No,No,1,No
1722,hoc_evading_growth_suppressors,No,Yes,0,Yes
1723,hoc_evading_growth_suppressors,No,No,1,No
1724,hoc_evading_growth_suppressors,No,No,1,No
1725,hoc_evading_growth_suppressors,No,No,1,No
1726,hoc_evading_growth_suppressors,Yes,No,0,No
1727,hoc_evading_growth_suppressors,No,No,1,No
1728,hoc_evading_growth_suppressors,No,No,1,No
1729,hoc_evading_growth_suppressors,Yes,No,0,No
1730,hoc_evading_growth_suppressors,Yes,No,0,No
1731,hoc_evading_growth_suppressors,No,No,1,No
1732,hoc_evading_growth_suppressors,No,No,1,No
1733,hoc_evading_growth_suppressors,Yes,No,0,No
1734,hoc_evading_growth_suppressors,No,No,1,No
1735,hoc_evading_growth_suppressors,Yes,No,0,No
1736,hoc_evading_growth_suppressors,No,No,1,No
1737,hoc_evading_growth_suppressors,No,No,1,No
1738,hoc_evading_growth_suppressors,No,Yes,0,Yes
1739,hoc_evading_growth_suppressors,Yes,No,0,No
1740,hoc_evading_growth_suppressors,No,No,1,No
1741,hoc_evading_growth_suppressors,No,No,1,No
1742,hoc_evading_growth_suppressors,No,No,1,No
1743,hoc_evading_growth_suppressors,No,No,1,No
1744,hoc_evading_growth_suppressors,Yes,No,0,No
1745,hoc_evading_growth_suppressors,No,No,1,No
1746,hoc_evading_growth_suppressors,Yes,Yes,1,Yes
1747,hoc_evading_growth_suppressors,Yes,No,0,No
1748,hoc_evading_growth_suppressors,No,No,1,No
1749,hoc_evading_growth_suppressors,No,No,1,No
1750,hoc_evading_growth_suppressors,No,No,1,No
1751,hoc_evading_growth_suppressors,No,No,1,No
1752,hoc_evading_growth_suppressors,No,No,1,No
1753,hoc_evading_growth_suppressors,No,No,1,No
1754,hoc_evading_growth_suppressors,Yes,No,0,No
1755,hoc_evading_growth_suppressors,Yes,No,0,No
1756,hoc_evading_growth_suppressors,No,Yes,0,Yes
1757,hoc_evading_growth_suppressors,No,No,1,No
1758,hoc_evading_growth_suppressors,No,Yes,0,Yes
1759,hoc_evading_growth_suppressors,Yes,No,0,No
1760,hoc_evading_growth_suppressors,No,No,1,No
1761,hoc_evading_growth_suppressors,No,No,1,No
1762,hoc_evading_growth_suppressors,No,No,1,No
1763,hoc_evading_growth_suppressors,No,No,1,No
1764,hoc_evading_growth_suppressors,No,No,1,No
1765,hoc_evading_growth_suppressors,Yes,No,0,No
1766,hoc_evading_growth_suppressors,No,No,1,No
1767,hoc_evading_growth_suppressors,No,No,1,No
1768,hoc_evading_growth_suppressors,Yes,Yes,1,Yes
1769,hoc_evading_growth_suppressors,No,No,1,No
1770,hoc_evading_growth_suppressors,No,No,1,No
1771,hoc_evading_growth_suppressors,No,No,1,No
1772,hoc_evading_growth_suppressors,No,No,1,No
1773,hoc_evading_growth_suppressors,No,Yes,0,Yes
1774,hoc_evading_growth_suppressors,No,No,1,No
1775,hoc_evading_growth_suppressors,No,No,1,No
1776,hoc_evading_growth_suppressors,No,No,1,No
1777,hoc_evading_growth_suppressors,No,No,1,No
1778,hoc_evading_growth_suppressors,No,No,1,No
1779,hoc_evading_growth_suppressors,No,No,1,No
1780,hoc_evading_growth_suppressors,No,No,1,No
1781,hoc_evading_growth_suppressors,No,Yes,0,Yes
1782,hoc_evading_growth_suppressors,No,No,1,No
1783,hoc_evading_growth_suppressors,Yes,No,0,No
1784,hoc_evading_growth_suppressors,Yes,Yes,1,Yes
1785,hoc_evading_growth_suppressors,No,No,1,No
1786,hoc_evading_growth_suppressors,No,No,1,No
1787,hoc_evading_growth_suppressors,No,No,1,No
1788,hoc_evading_growth_suppressors,Yes,Yes,1,Yes
1789,hoc_evading_growth_suppressors,No,No,1,No
1790,hoc_evading_growth_suppressors,No,No,1,No
1791,hoc_evading_growth_suppressors,No,No,1,No
1792,hoc_evading_growth_suppressors,No,No,1,No
1793,hoc_evading_growth_suppressors,No,No,1,No
1794,hoc_evading_growth_suppressors,No,No,1,No
1795,hoc_evading_growth_suppressors,No,No,1,No
1796,hoc_evading_growth_suppressors,Yes,No,0,No
1797,hoc_evading_growth_suppressors,No,No,1,No
1798,hoc_evading_growth_suppressors,No,No,1,No
1799,hoc_evading_growth_suppressors,No,No,1,No
1800,hoc_evading_growth_suppressors,No,Yes,0,Yes
1801,hoc_evading_growth_suppressors,No,No,1,No
1802,hoc_evading_growth_suppressors,No,No,1,No
1803,hoc_evading_growth_suppressors,No,No,1,No
1804,hoc_evading_growth_suppressors,No,No,1,No
1805,hoc_evading_growth_suppressors,No,No,1,No
1806,hoc_evading_growth_suppressors,Yes,Yes,1,Yes
1807,hoc_evading_growth_suppressors,No,No,1,No
1808,hoc_evading_growth_suppressors,No,No,1,No
1809,hoc_evading_growth_suppressors,No,No,1,No
1810,hoc_evading_growth_suppressors,No,No,1,No
1811,hoc_evading_growth_suppressors,No,No,1,No
1812,hoc_evading_growth_suppressors,No,No,1,No
1813,hoc_evading_growth_suppressors,No,No,1,No
1814,hoc_evading_growth_suppressors,No,No,1,No
1815,hoc_evading_growth_suppressors,No,No,1,No
1816,hoc_evading_growth_suppressors,No,No,1,No
1817,hoc_evading_growth_suppressors,No,No,1,No
1818,hoc_evading_growth_suppressors,Yes,No,0,No
1819,hoc_evading_growth_suppressors,No,No,1,No
1820,hoc_evading_growth_suppressors,No,No,1,No
1821,hoc_evading_growth_suppressors,No,No,1,No
1822,hoc_evading_growth_suppressors,Yes,Yes,1,Yes
1823,hoc_evading_growth_suppressors,No,No,1,No
1824,hoc_evading_growth_suppressors,No,Yes,0,Yes
1825,hoc_evading_growth_suppressors,Yes,No,0,No
1826,hoc_evading_growth_suppressors,No,No,1,No
1827,hoc_evading_growth_suppressors,Yes,No,0,No
1828,hoc_evading_growth_suppressors,Yes,Yes,1,Yes
1829,hoc_evading_growth_suppressors,Yes,Yes,1,Yes
1830,hoc_evading_growth_suppressors,No,No,1,No
1831,hoc_evading_growth_suppressors,No,No,1,No
1832,hoc_evading_growth_suppressors,No,No,1,No
1833,hoc_evading_growth_suppressors,No,No,1,No
1834,hoc_evading_growth_suppressors,No,No,1,No
1835,hoc_evading_growth_suppressors,No,Yes,0,Yes
1836,hoc_evading_growth_suppressors,No,No,1,No
1837,hoc_evading_growth_suppressors,No,No,1,No
1838,hoc_evading_growth_suppressors,No,No,1,No
1839,hoc_evading_growth_suppressors,Yes,Yes,1,Yes
1840,hoc_evading_growth_suppressors,No,No,1,No
1841,hoc_evading_growth_suppressors,Yes,Yes,1,Yes
1842,hoc_evading_growth_suppressors,No,No,1,No
1843,hoc_evading_growth_suppressors,No,No,1,No
1844,hoc_evading_growth_suppressors,Yes,No,0,No
1845,hoc_evading_growth_suppressors,No,Yes,0,Yes
1846,hoc_evading_growth_suppressors,Yes,Yes,1,Yes
1847,hoc_evading_growth_suppressors,No,Yes,0,Yes
1848,hoc_evading_growth_suppressors,No,No,1,No
1849,hoc_evading_growth_suppressors,No,No,1,No
1850,hoc_evading_growth_suppressors,No,No,1,No
1851,hoc_evading_growth_suppressors,No,No,1,No
0,hoc_genomic_instability_and_mutation,No,No,1,No
1,hoc_genomic_instability_and_mutation,No,No,1,No
2,hoc_genomic_instability_and_mutation,No,No,1,No
3,hoc_genomic_instability_and_mutation,No,No,1,No
4,hoc_genomic_instability_and_mutation,No,No,1,No
5,hoc_genomic_instability_and_mutation,No,No,1,No
6,hoc_genomic_instability_and_mutation,No,No,1,No
7,hoc_genomic_instability_and_mutation,No,No,1,No
8,hoc_genomic_instability_and_mutation,No,No,1,No
9,hoc_genomic_instability_and_mutation,No,Yes,0,Yes
10,hoc_genomic_instability_and_mutation,No,No,1,No
11,hoc_genomic_instability_and_mutation,No,No,1,No
12,hoc_genomic_instability_and_mutation,No,No,1,No
13,hoc_genomic_instability_and_mutation,No,No,1,No
14,hoc_genomic_instability_and_mutation,No,No,1,No
15,hoc_genomic_instability_and_mutation,No,No,1,No
16,hoc_genomic_instability_and_mutation,No,No,1,No
17,hoc_genomic_instability_and_mutation,No,No,1,No
18,hoc_genomic_instability_and_mutation,No,No,1,No
19,hoc_genomic_instability_and_mutation,No,No,1,No
20,hoc_genomic_instability_and_mutation,No,No,1,No
21,hoc_genomic_instability_and_mutation,Yes,No,0,No
22,hoc_genomic_instability_and_mutation,No,No,1,No
23,hoc_genomic_instability_and_mutation,No,No,1,No
24,hoc_genomic_instability_and_mutation,No,No,1,No
25,hoc_genomic_instability_and_mutation,No,No,1,No
26,hoc_genomic_instability_and_mutation,No,Yes,0,Yes
27,hoc_genomic_instability_and_mutation,No,No,1,No
28,hoc_genomic_instability_and_mutation,No,No,1,No
29,hoc_genomic_instability_and_mutation,No,No,1,No
30,hoc_genomic_instability_and_mutation,No,No,1,No
31,hoc_genomic_instability_and_mutation,No,No,1,No
32,hoc_genomic_instability_and_mutation,No,No,1,No
33,hoc_genomic_instability_and_mutation,No,No,1,No
34,hoc_genomic_instability_and_mutation,No,No,1,No
35,hoc_genomic_instability_and_mutation,No,No,1,No
36,hoc_genomic_instability_and_mutation,No,Yes,0,Yes
37,hoc_genomic_instability_and_mutation,No,No,1,No
38,hoc_genomic_instability_and_mutation,No,No,1,No
39,hoc_genomic_instability_and_mutation,No,No,1,No
40,hoc_genomic_instability_and_mutation,Yes,Yes,1,Yes
41,hoc_genomic_instability_and_mutation,No,No,1,No
42,hoc_genomic_instability_and_mutation,No,No,1,No
43,hoc_genomic_instability_and_mutation,No,No,1,No
44,hoc_genomic_instability_and_mutation,No,No,1,No
45,hoc_genomic_instability_and_mutation,No,No,1,No
46,hoc_genomic_instability_and_mutation,No,No,1,No
47,hoc_genomic_instability_and_mutation,No,Yes,0,Yes
48,hoc_genomic_instability_and_mutation,No,No,1,No
49,hoc_genomic_instability_and_mutation,No,No,1,No
50,hoc_genomic_instability_and_mutation,No,No,1,No
51,hoc_genomic_instability_and_mutation,No,No,1,No
52,hoc_genomic_instability_and_mutation,No,No,1,No
53,hoc_genomic_instability_and_mutation,Yes,Yes,1,Yes
54,hoc_genomic_instability_and_mutation,No,No,1,No
55,hoc_genomic_instability_and_mutation,No,No,1,No
56,hoc_genomic_instability_and_mutation,No,No,1,No
57,hoc_genomic_instability_and_mutation,No,No,1,No
58,hoc_genomic_instability_and_mutation,No,No,1,No
59,hoc_genomic_instability_and_mutation,No,No,1,No
60,hoc_genomic_instability_and_mutation,No,No,1,No
61,hoc_genomic_instability_and_mutation,Yes,Yes,1,Yes
62,hoc_genomic_instability_and_mutation,No,No,1,No
63,hoc_genomic_instability_and_mutation,No,No,1,No
64,hoc_genomic_instability_and_mutation,No,No,1,No
65,hoc_genomic_instability_and_mutation,No,No,1,No
66,hoc_genomic_instability_and_mutation,No,No,1,No
67,hoc_genomic_instability_and_mutation,No,No,1,No
68,hoc_genomic_instability_and_mutation,No,No,1,No
69,hoc_genomic_instability_and_mutation,No,No,1,No
70,hoc_genomic_instability_and_mutation,No,No,1,No
71,hoc_genomic_instability_and_mutation,Yes,No,0,No
72,hoc_genomic_instability_and_mutation,No,No,1,No
73,hoc_genomic_instability_and_mutation,Yes,Yes,1,Yes
74,hoc_genomic_instability_and_mutation,No,No,1,No
75,hoc_genomic_instability_and_mutation,No,No,1,No
76,hoc_genomic_instability_and_mutation,No,No,1,No
77,hoc_genomic_instability_and_mutation,No,No,1,No
78,hoc_genomic_instability_and_mutation,No,No,1,No
79,hoc_genomic_instability_and_mutation,No,No,1,No
80,hoc_genomic_instability_and_mutation,No,No,1,No
81,hoc_genomic_instability_and_mutation,No,No,1,No
82,hoc_genomic_instability_and_mutation,No,No,1,No
83,hoc_genomic_instability_and_mutation,No,No,1,No
84,hoc_genomic_instability_and_mutation,Yes,Yes,1,Yes
85,hoc_genomic_instability_and_mutation,Yes,No,0,No
86,hoc_genomic_instability_and_mutation,No,No,1,No
87,hoc_genomic_instability_and_mutation,No,No,1,No
88,hoc_genomic_instability_and_mutation,No,No,1,No
89,hoc_genomic_instability_and_mutation,No,No,1,No
90,hoc_genomic_instability_and_mutation,No,No,1,No
91,hoc_genomic_instability_and_mutation,No,No,1,No
92,hoc_genomic_instability_and_mutation,No,No,1,No
93,hoc_genomic_instability_and_mutation,No,No,1,No
94,hoc_genomic_instability_and_mutation,No,No,1,No
95,hoc_genomic_instability_and_mutation,Yes,No,0,No
96,hoc_genomic_instability_and_mutation,Yes,Yes,1,Yes
97,hoc_genomic_instability_and_mutation,No,No,1,No
98,hoc_genomic_instability_and_mutation,No,No,1,No
99,hoc_genomic_instability_and_mutation,No,No,1,No
100,hoc_genomic_instability_and_mutation,No,No,1,No
101,hoc_genomic_instability_and_mutation,No,No,1,No
102,hoc_genomic_instability_and_mutation,No,No,1,No
103,hoc_genomic_instability_and_mutation,No,No,1,No
104,hoc_genomic_instability_and_mutation,No,No,1,No
105,hoc_genomic_instability_and_mutation,No,No,1,No
106,hoc_genomic_instability_and_mutation,Yes,Yes,1,Yes
107,hoc_genomic_instability_and_mutation,No,No,1,No
108,hoc_genomic_instability_and_mutation,No,No,1,No
109,hoc_genomic_instability_and_mutation,No,No,1,No
110,hoc_genomic_instability_and_mutation,No,No,1,No
111,hoc_genomic_instability_and_mutation,No,No,1,No
112,hoc_genomic_instability_and_mutation,No,No,1,No
113,hoc_genomic_instability_and_mutation,No,No,1,No
114,hoc_genomic_instability_and_mutation,No,No,1,No
115,hoc_genomic_instability_and_mutation,No,No,1,No
116,hoc_genomic_instability_and_mutation,No,No,1,No
117,hoc_genomic_instability_and_mutation,No,No,1,No
118,hoc_genomic_instability_and_mutation,No,No,1,No
119,hoc_genomic_instability_and_mutation,No,No,1,No
120,hoc_genomic_instability_and_mutation,No,Yes,0,Yes
121,hoc_genomic_instability_and_mutation,No,No,1,No
122,hoc_genomic_instability_and_mutation,Yes,No,0,No
123,hoc_genomic_instability_and_mutation,No,No,1,No
124,hoc_genomic_instability_and_mutation,No,No,1,No
125,hoc_genomic_instability_and_mutation,No,No,1,No
126,hoc_genomic_instability_and_mutation,No,No,1,No
127,hoc_genomic_instability_and_mutation,No,No,1,No
128,hoc_genomic_instability_and_mutation,No,No,1,No
129,hoc_genomic_instability_and_mutation,No,No,1,No
130,hoc_genomic_instability_and_mutation,No,No,1,No
131,hoc_genomic_instability_and_mutation,Yes,No,0,No
132,hoc_genomic_instability_and_mutation,No,No,1,No
133,hoc_genomic_instability_and_mutation,No,No,1,No
134,hoc_genomic_instability_and_mutation,No,No,1,No
135,hoc_genomic_instability_and_mutation,No,Yes,0,Yes
136,hoc_genomic_instability_and_mutation,Yes,Yes,1,Yes
137,hoc_genomic_instability_and_mutation,No,No,1,No
138,hoc_genomic_instability_and_mutation,Yes,Yes,1,Yes
139,hoc_genomic_instability_and_mutation,No,No,1,No
140,hoc_genomic_instability_and_mutation,Yes,No,0,No
141,hoc_genomic_instability_and_mutation,No,No,1,No
142,hoc_genomic_instability_and_mutation,No,No,1,No
143,hoc_genomic_instability_and_mutation,No,No,1,No
144,hoc_genomic_instability_and_mutation,Yes,Yes,1,Yes
145,hoc_genomic_instability_and_mutation,No,No,1,No
146,hoc_genomic_instability_and_mutation,No,No,1,No
147,hoc_genomic_instability_and_mutation,Yes,Yes,1,Yes
148,hoc_genomic_instability_and_mutation,No,No,1,No
149,hoc_genomic_instability_and_mutation,Yes,Yes,1,Yes
150,hoc_genomic_instability_and_mutation,Yes,No,0,No
151,hoc_genomic_instability_and_mutation,No,No,1,No
152,hoc_genomic_instability_and_mutation,No,No,1,No
153,hoc_genomic_instability_and_mutation,No,No,1,No
154,hoc_genomic_instability_and_mutation,Yes,No,0,No
155,hoc_genomic_instability_and_mutation,Yes,No,0,No
156,hoc_genomic_instability_and_mutation,No,No,1,No
157,hoc_genomic_instability_and_mutation,Yes,Yes,1,Yes
158,hoc_genomic_instability_and_mutation,No,No,1,No
159,hoc_genomic_instability_and_mutation,No,No,1,No
160,hoc_genomic_instability_and_mutation,No,No,1,No
161,hoc_genomic_instability_and_mutation,Yes,No,0,No
162,hoc_genomic_instability_and_mutation,Yes,Yes,1,Yes
163,hoc_genomic_instability_and_mutation,Yes,No,0,No
164,hoc_genomic_instability_and_mutation,No,No,1,No
165,hoc_genomic_instability_and_mutation,No,No,1,No
166,hoc_genomic_instability_and_mutation,No,No,1,No
167,hoc_genomic_instability_and_mutation,Yes,Yes,1,Yes
168,hoc_genomic_instability_and_mutation,No,No,1,No
169,hoc_genomic_instability_and_mutation,Yes,Yes,1,Yes
170,hoc_genomic_instability_and_mutation,No,No,1,No
171,hoc_genomic_instability_and_mutation,No,No,1,No
172,hoc_genomic_instability_and_mutation,Yes,Yes,1,Yes
173,hoc_genomic_instability_and_mutation,Yes,Yes,1,Yes
174,hoc_genomic_instability_and_mutation,Yes,No,0,No
175,hoc_genomic_instability_and_mutation,No,No,1,No
176,hoc_genomic_instability_and_mutation,Yes,Yes,1,Yes
177,hoc_genomic_instability_and_mutation,Yes,Yes,1,Yes
178,hoc_genomic_instability_and_mutation,Yes,Yes,1,Yes
179,hoc_genomic_instability_and_mutation,No,No,1,No
180,hoc_genomic_instability_and_mutation,No,No,1,No
181,hoc_genomic_instability_and_mutation,No,No,1,No
182,hoc_genomic_instability_and_mutation,No,No,1,No
183,hoc_genomic_instability_and_mutation,No,No,1,No
184,hoc_genomic_instability_and_mutation,No,No,1,No
185,hoc_genomic_instability_and_mutation,Yes,Yes,1,Yes
186,hoc_genomic_instability_and_mutation,No,No,1,No
187,hoc_genomic_instability_and_mutation,Yes,Yes,1,Yes
188,hoc_genomic_instability_and_mutation,Yes,Yes,1,Yes
189,hoc_genomic_instability_and_mutation,No,No,1,No
190,hoc_genomic_instability_and_mutation,No,No,1,No
191,hoc_genomic_instability_and_mutation,Yes,Yes,1,Yes
192,hoc_genomic_instability_and_mutation,No,No,1,No
193,hoc_genomic_instability_and_mutation,No,No,1,No
194,hoc_genomic_instability_and_mutation,No,No,1,No
195,hoc_genomic_instability_and_mutation,No,No,1,No
196,hoc_genomic_instability_and_mutation,No,No,1,No
197,hoc_genomic_instability_and_mutation,No,No,1,No
198,hoc_genomic_instability_and_mutation,Yes,Yes,1,Yes
199,hoc_genomic_instability_and_mutation,No,Yes,0,Yes
200,hoc_genomic_instability_and_mutation,Yes,Yes,1,Yes
201,hoc_genomic_instability_and_mutation,Yes,Yes,1,Yes
202,hoc_genomic_instability_and_mutation,Yes,Yes,1,Yes
203,hoc_genomic_instability_and_mutation,Yes,Yes,1,Yes
204,hoc_genomic_instability_and_mutation,No,No,1,No
205,hoc_genomic_instability_and_mutation,No,No,1,No
206,hoc_genomic_instability_and_mutation,No,No,1,No
207,hoc_genomic_instability_and_mutation,No,No,1,No
208,hoc_genomic_instability_and_mutation,Yes,Yes,1,Yes
209,hoc_genomic_instability_and_mutation,No,No,1,No
210,hoc_genomic_instability_and_mutation,Yes,Yes,1,Yes
211,hoc_genomic_instability_and_mutation,No,No,1,No
212,hoc_genomic_instability_and_mutation,No,Yes,0,Yes
213,hoc_genomic_instability_and_mutation,No,No,1,No
214,hoc_genomic_instability_and_mutation,No,Yes,0,Yes
215,hoc_genomic_instability_and_mutation,No,No,1,No
216,hoc_genomic_instability_and_mutation,No,No,1,No
217,hoc_genomic_instability_and_mutation,Yes,Yes,1,Yes
218,hoc_genomic_instability_and_mutation,Yes,Yes,1,Yes
219,hoc_genomic_instability_and_mutation,Yes,Yes,1,Yes
220,hoc_genomic_instability_and_mutation,Yes,Yes,1,Yes
221,hoc_genomic_instability_and_mutation,No,No,1,No
222,hoc_genomic_instability_and_mutation,No,No,1,No
223,hoc_genomic_instability_and_mutation,No,No,1,No
224,hoc_genomic_instability_and_mutation,No,No,1,No
225,hoc_genomic_instability_and_mutation,No,No,1,No
226,hoc_genomic_instability_and_mutation,Yes,Yes,1,Yes
227,hoc_genomic_instability_and_mutation,No,No,1,No
228,hoc_genomic_instability_and_mutation,Yes,Yes,1,Yes
229,hoc_genomic_instability_and_mutation,No,No,1,No
230,hoc_genomic_instability_and_mutation,No,No,1,No
231,hoc_genomic_instability_and_mutation,No,No,1,No
232,hoc_genomic_instability_and_mutation,No,No,1,No
233,hoc_genomic_instability_and_mutation,No,No,1,No
234,hoc_genomic_instability_and_mutation,No,No,1,No
235,hoc_genomic_instability_and_mutation,No,No,1,No
236,hoc_genomic_instability_and_mutation,Yes,No,0,No
237,hoc_genomic_instability_and_mutation,No,Yes,0,Yes
238,hoc_genomic_instability_and_mutation,No,No,1,No
239,hoc_genomic_instability_and_mutation,No,No,1,No
240,hoc_genomic_instability_and_mutation,No,No,1,No
241,hoc_genomic_instability_and_mutation,No,No,1,No
242,hoc_genomic_instability_and_mutation,No,No,1,No
243,hoc_genomic_instability_and_mutation,Yes,Yes,1,Yes
244,hoc_genomic_instability_and_mutation,Yes,Yes,1,Yes
245,hoc_genomic_instability_and_mutation,Yes,Yes,1,Yes
246,hoc_genomic_instability_and_mutation,Yes,Yes,1,Yes
247,hoc_genomic_instability_and_mutation,No,No,1,No
248,hoc_genomic_instability_and_mutation,No,No,1,No
249,hoc_genomic_instability_and_mutation,No,No,1,No
250,hoc_genomic_instability_and_mutation,No,No,1,No
251,hoc_genomic_instability_and_mutation,No,No,1,No
252,hoc_genomic_instability_and_mutation,No,No,1,No
253,hoc_genomic_instability_and_mutation,No,No,1,No
254,hoc_genomic_instability_and_mutation,Yes,Yes,1,Yes
255,hoc_genomic_instability_and_mutation,No,No,1,No
256,hoc_genomic_instability_and_mutation,No,No,1,No
257,hoc_genomic_instability_and_mutation,Yes,Yes,1,Yes
258,hoc_genomic_instability_and_mutation,No,No,1,No
259,hoc_genomic_instability_and_mutation,No,Yes,0,Yes
260,hoc_genomic_instability_and_mutation,No,Yes,0,Yes
261,hoc_genomic_instability_and_mutation,No,Yes,0,Yes
262,hoc_genomic_instability_and_mutation,No,No,1,No
263,hoc_genomic_instability_and_mutation,Yes,Yes,1,Yes
264,hoc_genomic_instability_and_mutation,No,No,1,No
265,hoc_genomic_instability_and_mutation,Yes,Yes,1,Yes
266,hoc_genomic_instability_and_mutation,Yes,No,0,No
267,hoc_genomic_instability_and_mutation,No,No,1,No
268,hoc_genomic_instability_and_mutation,No,No,1,No
269,hoc_genomic_instability_and_mutation,No,No,1,No
270,hoc_genomic_instability_and_mutation,Yes,Yes,1,Yes
271,hoc_genomic_instability_and_mutation,No,No,1,No
272,hoc_genomic_instability_and_mutation,No,No,1,No
273,hoc_genomic_instability_and_mutation,No,No,1,No
274,hoc_genomic_instability_and_mutation,No,No,1,No
275,hoc_genomic_instability_and_mutation,Yes,Yes,1,Yes
276,hoc_genomic_instability_and_mutation,No,No,1,No
277,hoc_genomic_instability_and_mutation,No,No,1,No
278,hoc_genomic_instability_and_mutation,No,No,1,No
279,hoc_genomic_instability_and_mutation,No,No,1,No
280,hoc_genomic_instability_and_mutation,No,No,1,No
281,hoc_genomic_instability_and_mutation,Yes,Yes,1,Yes
282,hoc_genomic_instability_and_mutation,No,No,1,No
283,hoc_genomic_instability_and_mutation,No,No,1,No
284,hoc_genomic_instability_and_mutation,No,No,1,No
285,hoc_genomic_instability_and_mutation,Yes,Yes,1,Yes
286,hoc_genomic_instability_and_mutation,No,No,1,No
287,hoc_genomic_instability_and_mutation,No,No,1,No
288,hoc_genomic_instability_and_mutation,No,No,1,No
289,hoc_genomic_instability_and_mutation,No,No,1,No
290,hoc_genomic_instability_and_mutation,No,No,1,No
291,hoc_genomic_instability_and_mutation,No,No,1,No
292,hoc_genomic_instability_and_mutation,Yes,Yes,1,Yes
293,hoc_genomic_instability_and_mutation,No,No,1,No
294,hoc_genomic_instability_and_mutation,No,No,1,No
295,hoc_genomic_instability_and_mutation,No,No,1,No
296,hoc_genomic_instability_and_mutation,No,No,1,No
297,hoc_genomic_instability_and_mutation,No,No,1,No
298,hoc_genomic_instability_and_mutation,Yes,Yes,1,Yes
299,hoc_genomic_instability_and_mutation,No,No,1,No
300,hoc_genomic_instability_and_mutation,Yes,No,0,No
301,hoc_genomic_instability_and_mutation,Yes,Yes,1,Yes
302,hoc_genomic_instability_and_mutation,No,No,1,No
303,hoc_genomic_instability_and_mutation,No,No,1,No
304,hoc_genomic_instability_and_mutation,No,No,1,No
305,hoc_genomic_instability_and_mutation,No,No,1,No
306,hoc_genomic_instability_and_mutation,No,No,1,No
307,hoc_genomic_instability_and_mutation,No,No,1,No
308,hoc_genomic_instability_and_mutation,No,No,1,No
309,hoc_genomic_instability_and_mutation,No,No,1,No
310,hoc_genomic_instability_and_mutation,No,No,1,No
311,hoc_genomic_instability_and_mutation,Yes,Yes,1,Yes
312,hoc_genomic_instability_and_mutation,No,No,1,No
313,hoc_genomic_instability_and_mutation,No,No,1,No
314,hoc_genomic_instability_and_mutation,No,No,1,No
315,hoc_genomic_instability_and_mutation,No,No,1,No
316,hoc_genomic_instability_and_mutation,No,No,1,No
317,hoc_genomic_instability_and_mutation,No,No,1,No
318,hoc_genomic_instability_and_mutation,No,No,1,No
319,hoc_genomic_instability_and_mutation,No,No,1,No
320,hoc_genomic_instability_and_mutation,No,No,1,No
321,hoc_genomic_instability_and_mutation,Yes,No,0,No
322,hoc_genomic_instability_and_mutation,Yes,Yes,1,Yes
323,hoc_genomic_instability_and_mutation,No,No,1,No
324,hoc_genomic_instability_and_mutation,No,No,1,No
325,hoc_genomic_instability_and_mutation,No,No,1,No
326,hoc_genomic_instability_and_mutation,No,No,1,No
327,hoc_genomic_instability_and_mutation,No,No,1,No
328,hoc_genomic_instability_and_mutation,No,No,1,No
329,hoc_genomic_instability_and_mutation,Yes,Yes,1,Yes
330,hoc_genomic_instability_and_mutation,No,No,1,No
331,hoc_genomic_instability_and_mutation,No,No,1,No
332,hoc_genomic_instability_and_mutation,No,Yes,0,Yes
333,hoc_genomic_instability_and_mutation,No,Yes,0,Yes
334,hoc_genomic_instability_and_mutation,No,No,1,No
335,hoc_genomic_instability_and_mutation,Yes,Yes,1,Yes
336,hoc_genomic_instability_and_mutation,No,No,1,No
337,hoc_genomic_instability_and_mutation,No,Yes,0,Yes
338,hoc_genomic_instability_and_mutation,No,Yes,0,Yes
339,hoc_genomic_instability_and_mutation,Yes,No,0,No
340,hoc_genomic_instability_and_mutation,No,No,1,No
341,hoc_genomic_instability_and_mutation,Yes,Yes,1,Yes
342,hoc_genomic_instability_and_mutation,No,No,1,No
343,hoc_genomic_instability_and_mutation,Yes,Yes,1,Yes
344,hoc_genomic_instability_and_mutation,No,No,1,No
345,hoc_genomic_instability_and_mutation,No,No,1,No
346,hoc_genomic_instability_and_mutation,No,No,1,No
347,hoc_genomic_instability_and_mutation,No,No,1,No
348,hoc_genomic_instability_and_mutation,No,No,1,No
349,hoc_genomic_instability_and_mutation,No,No,1,No
350,hoc_genomic_instability_and_mutation,Yes,No,0,No
351,hoc_genomic_instability_and_mutation,Yes,Yes,1,Yes
352,hoc_genomic_instability_and_mutation,No,No,1,No
353,hoc_genomic_instability_and_mutation,Yes,Yes,1,Yes
354,hoc_genomic_instability_and_mutation,No,No,1,No
355,hoc_genomic_instability_and_mutation,No,No,1,No
356,hoc_genomic_instability_and_mutation,No,No,1,No
357,hoc_genomic_instability_and_mutation,No,No,1,No
358,hoc_genomic_instability_and_mutation,No,No,1,No
359,hoc_genomic_instability_and_mutation,No,No,1,No
360,hoc_genomic_instability_and_mutation,No,No,1,No
361,hoc_genomic_instability_and_mutation,No,No,1,No
362,hoc_genomic_instability_and_mutation,No,No,1,No
363,hoc_genomic_instability_and_mutation,No,No,1,No
364,hoc_genomic_instability_and_mutation,No,No,1,No
365,hoc_genomic_instability_and_mutation,No,No,1,No
366,hoc_genomic_instability_and_mutation,No,No,1,No
367,hoc_genomic_instability_and_mutation,No,No,1,No
368,hoc_genomic_instability_and_mutation,No,No,1,No
369,hoc_genomic_instability_and_mutation,No,No,1,No
370,hoc_genomic_instability_and_mutation,No,No,1,No
371,hoc_genomic_instability_and_mutation,No,No,1,No
372,hoc_genomic_instability_and_mutation,Yes,Yes,1,Yes
373,hoc_genomic_instability_and_mutation,No,No,1,No
374,hoc_genomic_instability_and_mutation,No,No,1,No
375,hoc_genomic_instability_and_mutation,No,Yes,0,Yes
376,hoc_genomic_instability_and_mutation,No,No,1,No
377,hoc_genomic_instability_and_mutation,Yes,Yes,1,Yes
378,hoc_genomic_instability_and_mutation,No,No,1,No
379,hoc_genomic_instability_and_mutation,No,No,1,No
380,hoc_genomic_instability_and_mutation,No,No,1,No
381,hoc_genomic_instability_and_mutation,No,No,1,No
382,hoc_genomic_instability_and_mutation,No,No,1,No
383,hoc_genomic_instability_and_mutation,No,No,1,No
384,hoc_genomic_instability_and_mutation,No,No,1,No
385,hoc_genomic_instability_and_mutation,No,No,1,No
386,hoc_genomic_instability_and_mutation,No,No,1,No
387,hoc_genomic_instability_and_mutation,No,No,1,No
388,hoc_genomic_instability_and_mutation,No,No,1,No
389,hoc_genomic_instability_and_mutation,Yes,Yes,1,Yes
390,hoc_genomic_instability_and_mutation,No,No,1,No
391,hoc_genomic_instability_and_mutation,Yes,No,0,No
392,hoc_genomic_instability_and_mutation,No,No,1,No
393,hoc_genomic_instability_and_mutation,No,No,1,No
394,hoc_genomic_instability_and_mutation,No,No,1,No
395,hoc_genomic_instability_and_mutation,No,No,1,No
396,hoc_genomic_instability_and_mutation,Yes,Yes,1,Yes
397,hoc_genomic_instability_and_mutation,Yes,Yes,1,Yes
398,hoc_genomic_instability_and_mutation,No,No,1,No
399,hoc_genomic_instability_and_mutation,No,Yes,0,Yes
400,hoc_genomic_instability_and_mutation,No,No,1,No
401,hoc_genomic_instability_and_mutation,Yes,Yes,1,Yes
402,hoc_genomic_instability_and_mutation,Yes,Yes,1,Yes
403,hoc_genomic_instability_and_mutation,No,No,1,No
404,hoc_genomic_instability_and_mutation,Yes,Yes,1,Yes
405,hoc_genomic_instability_and_mutation,No,No,1,No
406,hoc_genomic_instability_and_mutation,No,No,1,No
407,hoc_genomic_instability_and_mutation,Yes,Yes,1,Yes
408,hoc_genomic_instability_and_mutation,No,No,1,No
409,hoc_genomic_instability_and_mutation,No,No,1,No
410,hoc_genomic_instability_and_mutation,No,No,1,No
411,hoc_genomic_instability_and_mutation,No,No,1,No
412,hoc_genomic_instability_and_mutation,Yes,Yes,1,Yes
413,hoc_genomic_instability_and_mutation,Yes,Yes,1,Yes
414,hoc_genomic_instability_and_mutation,No,No,1,No
415,hoc_genomic_instability_and_mutation,No,Yes,0,Yes
416,hoc_genomic_instability_and_mutation,No,Yes,0,Yes
417,hoc_genomic_instability_and_mutation,No,No,1,No
418,hoc_genomic_instability_and_mutation,No,No,1,No
419,hoc_genomic_instability_and_mutation,Yes,Yes,1,Yes
420,hoc_genomic_instability_and_mutation,No,No,1,No
421,hoc_genomic_instability_and_mutation,No,Yes,0,Yes
422,hoc_genomic_instability_and_mutation,No,No,1,No
423,hoc_genomic_instability_and_mutation,No,No,1,No
424,hoc_genomic_instability_and_mutation,No,No,1,No
425,hoc_genomic_instability_and_mutation,No,No,1,No
426,hoc_genomic_instability_and_mutation,No,No,1,No
427,hoc_genomic_instability_and_mutation,No,No,1,No
428,hoc_genomic_instability_and_mutation,No,No,1,No
429,hoc_genomic_instability_and_mutation,No,No,1,No
430,hoc_genomic_instability_and_mutation,No,No,1,No
431,hoc_genomic_instability_and_mutation,Yes,Yes,1,Yes
432,hoc_genomic_instability_and_mutation,No,No,1,No
433,hoc_genomic_instability_and_mutation,Yes,No,0,No
434,hoc_genomic_instability_and_mutation,No,No,1,No
435,hoc_genomic_instability_and_mutation,Yes,Yes,1,Yes
436,hoc_genomic_instability_and_mutation,Yes,Yes,1,Yes
437,hoc_genomic_instability_and_mutation,No,No,1,No
438,hoc_genomic_instability_and_mutation,No,No,1,No
439,hoc_genomic_instability_and_mutation,No,No,1,No
440,hoc_genomic_instability_and_mutation,No,Yes,0,Yes
441,hoc_genomic_instability_and_mutation,No,No,1,No
442,hoc_genomic_instability_and_mutation,No,No,1,No
443,hoc_genomic_instability_and_mutation,No,No,1,No
444,hoc_genomic_instability_and_mutation,No,No,1,No
445,hoc_genomic_instability_and_mutation,No,No,1,No
446,hoc_genomic_instability_and_mutation,No,No,1,No
447,hoc_genomic_instability_and_mutation,No,No,1,No
448,hoc_genomic_instability_and_mutation,No,No,1,No
449,hoc_genomic_instability_and_mutation,No,No,1,No
450,hoc_genomic_instability_and_mutation,No,No,1,No
451,hoc_genomic_instability_and_mutation,No,No,1,No
452,hoc_genomic_instability_and_mutation,No,No,1,No
453,hoc_genomic_instability_and_mutation,No,No,1,No
454,hoc_genomic_instability_and_mutation,No,No,1,No
455,hoc_genomic_instability_and_mutation,No,No,1,No
456,hoc_genomic_instability_and_mutation,No,No,1,No
457,hoc_genomic_instability_and_mutation,No,No,1,No
458,hoc_genomic_instability_and_mutation,No,No,1,No
459,hoc_genomic_instability_and_mutation,No,No,1,No
460,hoc_genomic_instability_and_mutation,No,No,1,No
461,hoc_genomic_instability_and_mutation,No,No,1,No
462,hoc_genomic_instability_and_mutation,No,No,1,No
463,hoc_genomic_instability_and_mutation,No,Yes,0,Yes
464,hoc_genomic_instability_and_mutation,No,No,1,No
465,hoc_genomic_instability_and_mutation,No,Yes,0,Yes
466,hoc_genomic_instability_and_mutation,No,No,1,No
467,hoc_genomic_instability_and_mutation,No,No,1,No
468,hoc_genomic_instability_and_mutation,No,No,1,No
469,hoc_genomic_instability_and_mutation,No,No,1,No
470,hoc_genomic_instability_and_mutation,No,No,1,No
471,hoc_genomic_instability_and_mutation,No,No,1,No
472,hoc_genomic_instability_and_mutation,No,No,1,No
473,hoc_genomic_instability_and_mutation,No,Yes,0,Yes
474,hoc_genomic_instability_and_mutation,Yes,Yes,1,Yes
475,hoc_genomic_instability_and_mutation,No,No,1,No
476,hoc_genomic_instability_and_mutation,No,No,1,No
477,hoc_genomic_instability_and_mutation,Yes,Yes,1,Yes
478,hoc_genomic_instability_and_mutation,No,No,1,No
479,hoc_genomic_instability_and_mutation,No,No,1,No
480,hoc_genomic_instability_and_mutation,Yes,Yes,1,Yes
481,hoc_genomic_instability_and_mutation,Yes,Yes,1,Yes
482,hoc_genomic_instability_and_mutation,Yes,Yes,1,Yes
483,hoc_genomic_instability_and_mutation,No,No,1,No
484,hoc_genomic_instability_and_mutation,No,No,1,No
485,hoc_genomic_instability_and_mutation,Yes,Yes,1,Yes
486,hoc_genomic_instability_and_mutation,Yes,Yes,1,Yes
487,hoc_genomic_instability_and_mutation,Yes,Yes,1,Yes
488,hoc_genomic_instability_and_mutation,Yes,Yes,1,Yes
489,hoc_genomic_instability_and_mutation,No,No,1,No
490,hoc_genomic_instability_and_mutation,Yes,Yes,1,Yes
491,hoc_genomic_instability_and_mutation,Yes,Yes,1,Yes
492,hoc_genomic_instability_and_mutation,Yes,Yes,1,Yes
493,hoc_genomic_instability_and_mutation,Yes,Yes,1,Yes
494,hoc_genomic_instability_and_mutation,Yes,Yes,1,Yes
495,hoc_genomic_instability_and_mutation,Yes,Yes,1,Yes
496,hoc_genomic_instability_and_mutation,No,No,1,No
497,hoc_genomic_instability_and_mutation,Yes,Yes,1,Yes
498,hoc_genomic_instability_and_mutation,Yes,Yes,1,Yes
499,hoc_genomic_instability_and_mutation,No,No,1,No
500,hoc_genomic_instability_and_mutation,Yes,Yes,1,Yes
501,hoc_genomic_instability_and_mutation,No,No,1,No
502,hoc_genomic_instability_and_mutation,Yes,Yes,1,Yes
503,hoc_genomic_instability_and_mutation,Yes,Yes,1,Yes
504,hoc_genomic_instability_and_mutation,Yes,Yes,1,Yes
505,hoc_genomic_instability_and_mutation,Yes,No,0,No
506,hoc_genomic_instability_and_mutation,Yes,Yes,1,Yes
507,hoc_genomic_instability_and_mutation,Yes,Yes,1,Yes
508,hoc_genomic_instability_and_mutation,No,No,1,No
509,hoc_genomic_instability_and_mutation,Yes,Yes,1,Yes
510,hoc_genomic_instability_and_mutation,No,No,1,No
511,hoc_genomic_instability_and_mutation,Yes,No,0,No
512,hoc_genomic_instability_and_mutation,No,No,1,No
513,hoc_genomic_instability_and_mutation,Yes,No,0,No
514,hoc_genomic_instability_and_mutation,Yes,No,0,No
515,hoc_genomic_instability_and_mutation,Yes,Yes,1,Yes
516,hoc_genomic_instability_and_mutation,No,No,1,No
517,hoc_genomic_instability_and_mutation,Yes,Yes,1,Yes
518,hoc_genomic_instability_and_mutation,No,No,1,No
519,hoc_genomic_instability_and_mutation,No,No,1,No
520,hoc_genomic_instability_and_mutation,Yes,Yes,1,Yes
521,hoc_genomic_instability_and_mutation,No,Yes,0,Yes
522,hoc_genomic_instability_and_mutation,No,No,1,No
523,hoc_genomic_instability_and_mutation,No,No,1,No
524,hoc_genomic_instability_and_mutation,Yes,Yes,1,Yes
525,hoc_genomic_instability_and_mutation,No,No,1,No
526,hoc_genomic_instability_and_mutation,Yes,Yes,1,Yes
527,hoc_genomic_instability_and_mutation,No,No,1,No
528,hoc_genomic_instability_and_mutation,No,No,1,No
529,hoc_genomic_instability_and_mutation,No,No,1,No
530,hoc_genomic_instability_and_mutation,No,No,1,No
531,hoc_genomic_instability_and_mutation,No,Yes,0,Yes
532,hoc_genomic_instability_and_mutation,Yes,Yes,1,Yes
533,hoc_genomic_instability_and_mutation,No,No,1,No
534,hoc_genomic_instability_and_mutation,Yes,Yes,1,Yes
535,hoc_genomic_instability_and_mutation,No,No,1,No
536,hoc_genomic_instability_and_mutation,No,No,1,No
537,hoc_genomic_instability_and_mutation,No,No,1,No
538,hoc_genomic_instability_and_mutation,No,No,1,No
539,hoc_genomic_instability_and_mutation,No,No,1,No
540,hoc_genomic_instability_and_mutation,No,No,1,No
541,hoc_genomic_instability_and_mutation,Yes,Yes,1,Yes
542,hoc_genomic_instability_and_mutation,No,No,1,No
543,hoc_genomic_instability_and_mutation,No,No,1,No
544,hoc_genomic_instability_and_mutation,No,No,1,No
545,hoc_genomic_instability_and_mutation,No,No,1,No
546,hoc_genomic_instability_and_mutation,Yes,Yes,1,Yes
547,hoc_genomic_instability_and_mutation,No,No,1,No
548,hoc_genomic_instability_and_mutation,Yes,Yes,1,Yes
549,hoc_genomic_instability_and_mutation,Yes,No,0,No
550,hoc_genomic_instability_and_mutation,No,No,1,No
551,hoc_genomic_instability_and_mutation,No,No,1,No
552,hoc_genomic_instability_and_mutation,No,No,1,No
553,hoc_genomic_instability_and_mutation,No,No,1,No
554,hoc_genomic_instability_and_mutation,No,No,1,No
555,hoc_genomic_instability_and_mutation,No,No,1,No
556,hoc_genomic_instability_and_mutation,No,No,1,No
557,hoc_genomic_instability_and_mutation,No,No,1,No
558,hoc_genomic_instability_and_mutation,No,No,1,No
559,hoc_genomic_instability_and_mutation,No,No,1,No
560,hoc_genomic_instability_and_mutation,No,No,1,No
561,hoc_genomic_instability_and_mutation,No,No,1,No
562,hoc_genomic_instability_and_mutation,Yes,Yes,1,Yes
563,hoc_genomic_instability_and_mutation,No,No,1,No
564,hoc_genomic_instability_and_mutation,No,No,1,No
565,hoc_genomic_instability_and_mutation,No,No,1,No
566,hoc_genomic_instability_and_mutation,Yes,Yes,1,Yes
567,hoc_genomic_instability_and_mutation,No,No,1,No
568,hoc_genomic_instability_and_mutation,No,No,1,No
569,hoc_genomic_instability_and_mutation,No,No,1,No
570,hoc_genomic_instability_and_mutation,No,No,1,No
571,hoc_genomic_instability_and_mutation,No,No,1,No
572,hoc_genomic_instability_and_mutation,No,No,1,No
573,hoc_genomic_instability_and_mutation,No,No,1,No
574,hoc_genomic_instability_and_mutation,No,No,1,No
575,hoc_genomic_instability_and_mutation,No,No,1,No
576,hoc_genomic_instability_and_mutation,No,No,1,No
577,hoc_genomic_instability_and_mutation,No,No,1,No
578,hoc_genomic_instability_and_mutation,No,No,1,No
579,hoc_genomic_instability_and_mutation,No,No,1,No
580,hoc_genomic_instability_and_mutation,No,No,1,No
581,hoc_genomic_instability_and_mutation,No,Yes,0,Yes
582,hoc_genomic_instability_and_mutation,No,No,1,No
583,hoc_genomic_instability_and_mutation,Yes,Yes,1,Yes
584,hoc_genomic_instability_and_mutation,No,No,1,No
585,hoc_genomic_instability_and_mutation,No,No,1,No
586,hoc_genomic_instability_and_mutation,No,No,1,No
587,hoc_genomic_instability_and_mutation,No,No,1,No
588,hoc_genomic_instability_and_mutation,No,No,1,No
589,hoc_genomic_instability_and_mutation,No,No,1,No
590,hoc_genomic_instability_and_mutation,No,No,1,No
591,hoc_genomic_instability_and_mutation,No,No,1,No
592,hoc_genomic_instability_and_mutation,No,Yes,0,Yes
593,hoc_genomic_instability_and_mutation,No,No,1,No
594,hoc_genomic_instability_and_mutation,Yes,No,0,No
595,hoc_genomic_instability_and_mutation,No,No,1,No
596,hoc_genomic_instability_and_mutation,No,No,1,No
597,hoc_genomic_instability_and_mutation,Yes,No,0,No
598,hoc_genomic_instability_and_mutation,Yes,Yes,1,Yes
599,hoc_genomic_instability_and_mutation,No,No,1,No
600,hoc_genomic_instability_and_mutation,No,No,1,No
601,hoc_genomic_instability_and_mutation,No,No,1,No
602,hoc_genomic_instability_and_mutation,Yes,Yes,1,Yes
603,hoc_genomic_instability_and_mutation,No,No,1,No
604,hoc_genomic_instability_and_mutation,No,No,1,No
605,hoc_genomic_instability_and_mutation,No,No,1,No
606,hoc_genomic_instability_and_mutation,No,Yes,0,Yes
607,hoc_genomic_instability_and_mutation,No,No,1,No
608,hoc_genomic_instability_and_mutation,No,Yes,0,Yes
609,hoc_genomic_instability_and_mutation,Yes,Yes,1,Yes
610,hoc_genomic_instability_and_mutation,Yes,Yes,1,Yes
611,hoc_genomic_instability_and_mutation,Yes,No,0,No
612,hoc_genomic_instability_and_mutation,No,No,1,No
613,hoc_genomic_instability_and_mutation,Yes,Yes,1,Yes
614,hoc_genomic_instability_and_mutation,No,No,1,No
615,hoc_genomic_instability_and_mutation,No,No,1,No
616,hoc_genomic_instability_and_mutation,No,No,1,No
617,hoc_genomic_instability_and_mutation,No,No,1,No
618,hoc_genomic_instability_and_mutation,No,No,1,No
619,hoc_genomic_instability_and_mutation,Yes,Yes,1,Yes
620,hoc_genomic_instability_and_mutation,No,No,1,No
621,hoc_genomic_instability_and_mutation,Yes,Yes,1,Yes
622,hoc_genomic_instability_and_mutation,No,No,1,No
623,hoc_genomic_instability_and_mutation,No,No,1,No
624,hoc_genomic_instability_and_mutation,Yes,Yes,1,Yes
625,hoc_genomic_instability_and_mutation,Yes,Yes,1,Yes
626,hoc_genomic_instability_and_mutation,No,No,1,No
627,hoc_genomic_instability_and_mutation,No,No,1,No
628,hoc_genomic_instability_and_mutation,Yes,Yes,1,Yes
629,hoc_genomic_instability_and_mutation,Yes,Yes,1,Yes
630,hoc_genomic_instability_and_mutation,Yes,Yes,1,Yes
631,hoc_genomic_instability_and_mutation,No,No,1,No
632,hoc_genomic_instability_and_mutation,No,No,1,No
633,hoc_genomic_instability_and_mutation,No,No,1,No
634,hoc_genomic_instability_and_mutation,No,No,1,No
635,hoc_genomic_instability_and_mutation,No,No,1,No
636,hoc_genomic_instability_and_mutation,Yes,Yes,1,Yes
637,hoc_genomic_instability_and_mutation,No,No,1,No
638,hoc_genomic_instability_and_mutation,No,No,1,No
639,hoc_genomic_instability_and_mutation,No,No,1,No
640,hoc_genomic_instability_and_mutation,No,No,1,No
641,hoc_genomic_instability_and_mutation,No,No,1,No
642,hoc_genomic_instability_and_mutation,No,No,1,No
643,hoc_genomic_instability_and_mutation,No,No,1,No
644,hoc_genomic_instability_and_mutation,No,No,1,No
645,hoc_genomic_instability_and_mutation,No,No,1,No
646,hoc_genomic_instability_and_mutation,No,No,1,No
647,hoc_genomic_instability_and_mutation,No,No,1,No
648,hoc_genomic_instability_and_mutation,No,No,1,No
649,hoc_genomic_instability_and_mutation,Yes,No,0,No
650,hoc_genomic_instability_and_mutation,No,No,1,No
651,hoc_genomic_instability_and_mutation,No,No,1,No
652,hoc_genomic_instability_and_mutation,No,Yes,0,Yes
653,hoc_genomic_instability_and_mutation,No,No,1,No
654,hoc_genomic_instability_and_mutation,No,No,1,No
655,hoc_genomic_instability_and_mutation,No,No,1,No
656,hoc_genomic_instability_and_mutation,Yes,Yes,1,Yes
657,hoc_genomic_instability_and_mutation,No,No,1,No
658,hoc_genomic_instability_and_mutation,No,Yes,0,Yes
659,hoc_genomic_instability_and_mutation,No,No,1,No
660,hoc_genomic_instability_and_mutation,No,No,1,No
661,hoc_genomic_instability_and_mutation,No,No,1,No
662,hoc_genomic_instability_and_mutation,No,No,1,No
663,hoc_genomic_instability_and_mutation,No,No,1,No
664,hoc_genomic_instability_and_mutation,No,Yes,0,Yes
665,hoc_genomic_instability_and_mutation,No,No,1,No
666,hoc_genomic_instability_and_mutation,No,No,1,No
667,hoc_genomic_instability_and_mutation,No,No,1,No
668,hoc_genomic_instability_and_mutation,Yes,Yes,1,Yes
669,hoc_genomic_instability_and_mutation,No,Yes,0,Yes
670,hoc_genomic_instability_and_mutation,No,No,1,No
671,hoc_genomic_instability_and_mutation,No,No,1,No
672,hoc_genomic_instability_and_mutation,No,No,1,No
673,hoc_genomic_instability_and_mutation,No,No,1,No
674,hoc_genomic_instability_and_mutation,Yes,Yes,1,Yes
675,hoc_genomic_instability_and_mutation,No,No,1,No
676,hoc_genomic_instability_and_mutation,No,No,1,No
677,hoc_genomic_instability_and_mutation,No,No,1,No
678,hoc_genomic_instability_and_mutation,No,No,1,No
679,hoc_genomic_instability_and_mutation,Yes,Yes,1,Yes
680,hoc_genomic_instability_and_mutation,No,No,1,No
681,hoc_genomic_instability_and_mutation,No,No,1,No
682,hoc_genomic_instability_and_mutation,No,No,1,No
683,hoc_genomic_instability_and_mutation,No,No,1,No
684,hoc_genomic_instability_and_mutation,No,No,1,No
685,hoc_genomic_instability_and_mutation,No,No,1,No
686,hoc_genomic_instability_and_mutation,No,No,1,No
687,hoc_genomic_instability_and_mutation,No,No,1,No
688,hoc_genomic_instability_and_mutation,No,No,1,No
689,hoc_genomic_instability_and_mutation,Yes,Yes,1,Yes
690,hoc_genomic_instability_and_mutation,No,No,1,No
691,hoc_genomic_instability_and_mutation,Yes,Yes,1,Yes
692,hoc_genomic_instability_and_mutation,No,No,1,No
693,hoc_genomic_instability_and_mutation,No,No,1,No
694,hoc_genomic_instability_and_mutation,No,No,1,No
695,hoc_genomic_instability_and_mutation,No,No,1,No
696,hoc_genomic_instability_and_mutation,No,No,1,No
697,hoc_genomic_instability_and_mutation,No,No,1,No
698,hoc_genomic_instability_and_mutation,No,No,1,No
699,hoc_genomic_instability_and_mutation,Yes,Yes,1,Yes
700,hoc_genomic_instability_and_mutation,No,No,1,No
701,hoc_genomic_instability_and_mutation,Yes,Yes,1,Yes
702,hoc_genomic_instability_and_mutation,No,No,1,No
703,hoc_genomic_instability_and_mutation,No,No,1,No
704,hoc_genomic_instability_and_mutation,No,No,1,No
705,hoc_genomic_instability_and_mutation,Yes,Yes,1,Yes
706,hoc_genomic_instability_and_mutation,No,No,1,No
707,hoc_genomic_instability_and_mutation,No,No,1,No
708,hoc_genomic_instability_and_mutation,No,No,1,No
709,hoc_genomic_instability_and_mutation,No,No,1,No
710,hoc_genomic_instability_and_mutation,No,No,1,No
711,hoc_genomic_instability_and_mutation,No,No,1,No
712,hoc_genomic_instability_and_mutation,Yes,Yes,1,Yes
713,hoc_genomic_instability_and_mutation,No,No,1,No
714,hoc_genomic_instability_and_mutation,Yes,Yes,1,Yes
715,hoc_genomic_instability_and_mutation,No,No,1,No
716,hoc_genomic_instability_and_mutation,No,No,1,No
717,hoc_genomic_instability_and_mutation,No,No,1,No
718,hoc_genomic_instability_and_mutation,No,No,1,No
719,hoc_genomic_instability_and_mutation,No,No,1,No
720,hoc_genomic_instability_and_mutation,No,No,1,No
721,hoc_genomic_instability_and_mutation,No,No,1,No
722,hoc_genomic_instability_and_mutation,No,No,1,No
723,hoc_genomic_instability_and_mutation,No,No,1,No
724,hoc_genomic_instability_and_mutation,No,No,1,No
725,hoc_genomic_instability_and_mutation,No,No,1,No
726,hoc_genomic_instability_and_mutation,Yes,No,0,No
727,hoc_genomic_instability_and_mutation,No,No,1,No
728,hoc_genomic_instability_and_mutation,Yes,No,0,No
729,hoc_genomic_instability_and_mutation,No,No,1,No
730,hoc_genomic_instability_and_mutation,No,No,1,No
731,hoc_genomic_instability_and_mutation,No,No,1,No
732,hoc_genomic_instability_and_mutation,No,No,1,No
733,hoc_genomic_instability_and_mutation,No,No,1,No
734,hoc_genomic_instability_and_mutation,No,No,1,No
735,hoc_genomic_instability_and_mutation,No,No,1,No
736,hoc_genomic_instability_and_mutation,No,No,1,No
737,hoc_genomic_instability_and_mutation,No,No,1,No
738,hoc_genomic_instability_and_mutation,No,No,1,No
739,hoc_genomic_instability_and_mutation,No,No,1,No
740,hoc_genomic_instability_and_mutation,No,Yes,0,Yes
741,hoc_genomic_instability_and_mutation,No,No,1,No
742,hoc_genomic_instability_and_mutation,No,No,1,No
743,hoc_genomic_instability_and_mutation,Yes,Yes,1,Yes
744,hoc_genomic_instability_and_mutation,Yes,Yes,1,Yes
745,hoc_genomic_instability_and_mutation,No,No,1,No
746,hoc_genomic_instability_and_mutation,No,No,1,No
747,hoc_genomic_instability_and_mutation,No,No,1,No
748,hoc_genomic_instability_and_mutation,Yes,Yes,1,Yes
749,hoc_genomic_instability_and_mutation,No,No,1,No
750,hoc_genomic_instability_and_mutation,No,No,1,No
751,hoc_genomic_instability_and_mutation,No,No,1,No
752,hoc_genomic_instability_and_mutation,No,No,1,No
753,hoc_genomic_instability_and_mutation,No,No,1,No
754,hoc_genomic_instability_and_mutation,No,No,1,No
755,hoc_genomic_instability_and_mutation,No,No,1,No
756,hoc_genomic_instability_and_mutation,No,No,1,No
757,hoc_genomic_instability_and_mutation,No,No,1,No
758,hoc_genomic_instability_and_mutation,No,No,1,No
759,hoc_genomic_instability_and_mutation,No,Yes,0,Yes
760,hoc_genomic_instability_and_mutation,No,No,1,No
761,hoc_genomic_instability_and_mutation,No,No,1,No
762,hoc_genomic_instability_and_mutation,Yes,Yes,1,Yes
763,hoc_genomic_instability_and_mutation,No,No,1,No
764,hoc_genomic_instability_and_mutation,No,No,1,No
765,hoc_genomic_instability_and_mutation,No,No,1,No
766,hoc_genomic_instability_and_mutation,No,No,1,No
767,hoc_genomic_instability_and_mutation,No,No,1,No
768,hoc_genomic_instability_and_mutation,No,No,1,No
769,hoc_genomic_instability_and_mutation,No,No,1,No
770,hoc_genomic_instability_and_mutation,Yes,Yes,1,Yes
771,hoc_genomic_instability_and_mutation,No,No,1,No
772,hoc_genomic_instability_and_mutation,No,No,1,No
773,hoc_genomic_instability_and_mutation,No,No,1,No
774,hoc_genomic_instability_and_mutation,No,No,1,No
775,hoc_genomic_instability_and_mutation,No,No,1,No
776,hoc_genomic_instability_and_mutation,No,No,1,No
777,hoc_genomic_instability_and_mutation,No,No,1,No
778,hoc_genomic_instability_and_mutation,Yes,No,0,No
779,hoc_genomic_instability_and_mutation,No,No,1,No
780,hoc_genomic_instability_and_mutation,No,No,1,No
781,hoc_genomic_instability_and_mutation,Yes,Yes,1,Yes
782,hoc_genomic_instability_and_mutation,No,No,1,No
783,hoc_genomic_instability_and_mutation,No,No,1,No
784,hoc_genomic_instability_and_mutation,No,No,1,No
785,hoc_genomic_instability_and_mutation,No,No,1,No
786,hoc_genomic_instability_and_mutation,No,Yes,0,Yes
787,hoc_genomic_instability_and_mutation,No,No,1,No
788,hoc_genomic_instability_and_mutation,No,No,1,No
789,hoc_genomic_instability_and_mutation,No,No,1,No
790,hoc_genomic_instability_and_mutation,No,No,1,No
791,hoc_genomic_instability_and_mutation,No,No,1,No
792,hoc_genomic_instability_and_mutation,No,No,1,No
793,hoc_genomic_instability_and_mutation,Yes,Yes,1,Yes
794,hoc_genomic_instability_and_mutation,No,No,1,No
795,hoc_genomic_instability_and_mutation,No,No,1,No
796,hoc_genomic_instability_and_mutation,Yes,No,0,No
797,hoc_genomic_instability_and_mutation,Yes,Yes,1,Yes
798,hoc_genomic_instability_and_mutation,No,No,1,No
799,hoc_genomic_instability_and_mutation,No,No,1,No
800,hoc_genomic_instability_and_mutation,No,No,1,No
801,hoc_genomic_instability_and_mutation,No,No,1,No
802,hoc_genomic_instability_and_mutation,No,No,1,No
803,hoc_genomic_instability_and_mutation,No,No,1,No
804,hoc_genomic_instability_and_mutation,No,No,1,No
805,hoc_genomic_instability_and_mutation,No,No,1,No
806,hoc_genomic_instability_and_mutation,No,No,1,No
807,hoc_genomic_instability_and_mutation,Yes,Yes,1,Yes
808,hoc_genomic_instability_and_mutation,No,No,1,No
809,hoc_genomic_instability_and_mutation,No,No,1,No
810,hoc_genomic_instability_and_mutation,Yes,Yes,1,Yes
811,hoc_genomic_instability_and_mutation,No,No,1,No
812,hoc_genomic_instability_and_mutation,No,No,1,No
813,hoc_genomic_instability_and_mutation,Yes,No,0,No
814,hoc_genomic_instability_and_mutation,No,No,1,No
815,hoc_genomic_instability_and_mutation,No,No,1,No
816,hoc_genomic_instability_and_mutation,No,Yes,0,Yes
817,hoc_genomic_instability_and_mutation,No,No,1,No
818,hoc_genomic_instability_and_mutation,No,No,1,No
819,hoc_genomic_instability_and_mutation,No,No,1,No
820,hoc_genomic_instability_and_mutation,No,No,1,No
821,hoc_genomic_instability_and_mutation,Yes,Yes,1,Yes
822,hoc_genomic_instability_and_mutation,No,No,1,No
823,hoc_genomic_instability_and_mutation,No,No,1,No
824,hoc_genomic_instability_and_mutation,Yes,Yes,1,Yes
825,hoc_genomic_instability_and_mutation,No,No,1,No
826,hoc_genomic_instability_and_mutation,No,Yes,0,Yes
827,hoc_genomic_instability_and_mutation,No,No,1,No
828,hoc_genomic_instability_and_mutation,Yes,Yes,1,Yes
829,hoc_genomic_instability_and_mutation,No,No,1,No
830,hoc_genomic_instability_and_mutation,No,No,1,No
831,hoc_genomic_instability_and_mutation,No,No,1,No
832,hoc_genomic_instability_and_mutation,No,No,1,No
833,hoc_genomic_instability_and_mutation,No,No,1,No
834,hoc_genomic_instability_and_mutation,No,No,1,No
835,hoc_genomic_instability_and_mutation,Yes,Yes,1,Yes
836,hoc_genomic_instability_and_mutation,No,No,1,No
837,hoc_genomic_instability_and_mutation,No,No,1,No
838,hoc_genomic_instability_and_mutation,No,No,1,No
839,hoc_genomic_instability_and_mutation,No,No,1,No
840,hoc_genomic_instability_and_mutation,No,No,1,No
841,hoc_genomic_instability_and_mutation,No,Yes,0,Yes
842,hoc_genomic_instability_and_mutation,No,No,1,No
843,hoc_genomic_instability_and_mutation,Yes,Yes,1,Yes
844,hoc_genomic_instability_and_mutation,No,No,1,No
845,hoc_genomic_instability_and_mutation,Yes,Yes,1,Yes
846,hoc_genomic_instability_and_mutation,No,No,1,No
847,hoc_genomic_instability_and_mutation,No,No,1,No
848,hoc_genomic_instability_and_mutation,Yes,Yes,1,Yes
849,hoc_genomic_instability_and_mutation,No,No,1,No
850,hoc_genomic_instability_and_mutation,No,No,1,No
851,hoc_genomic_instability_and_mutation,No,No,1,No
852,hoc_genomic_instability_and_mutation,No,No,1,No
853,hoc_genomic_instability_and_mutation,No,No,1,No
854,hoc_genomic_instability_and_mutation,No,No,1,No
855,hoc_genomic_instability_and_mutation,No,No,1,No
856,hoc_genomic_instability_and_mutation,No,No,1,No
857,hoc_genomic_instability_and_mutation,No,No,1,No
858,hoc_genomic_instability_and_mutation,No,No,1,No
859,hoc_genomic_instability_and_mutation,No,No,1,No
860,hoc_genomic_instability_and_mutation,No,No,1,No
861,hoc_genomic_instability_and_mutation,No,No,1,No
862,hoc_genomic_instability_and_mutation,No,No,1,No
863,hoc_genomic_instability_and_mutation,No,No,1,No
864,hoc_genomic_instability_and_mutation,No,No,1,No
865,hoc_genomic_instability_and_mutation,No,Yes,0,Yes
866,hoc_genomic_instability_and_mutation,No,No,1,No
867,hoc_genomic_instability_and_mutation,No,No,1,No
868,hoc_genomic_instability_and_mutation,No,No,1,No
869,hoc_genomic_instability_and_mutation,No,No,1,No
870,hoc_genomic_instability_and_mutation,No,No,1,No
871,hoc_genomic_instability_and_mutation,No,No,1,No
872,hoc_genomic_instability_and_mutation,No,No,1,No
873,hoc_genomic_instability_and_mutation,No,No,1,No
874,hoc_genomic_instability_and_mutation,No,No,1,No
875,hoc_genomic_instability_and_mutation,No,No,1,No
876,hoc_genomic_instability_and_mutation,No,No,1,No
877,hoc_genomic_instability_and_mutation,No,No,1,No
878,hoc_genomic_instability_and_mutation,No,Yes,0,Yes
879,hoc_genomic_instability_and_mutation,No,No,1,No
880,hoc_genomic_instability_and_mutation,No,No,1,No
881,hoc_genomic_instability_and_mutation,No,No,1,No
882,hoc_genomic_instability_and_mutation,No,No,1,No
883,hoc_genomic_instability_and_mutation,No,No,1,No
884,hoc_genomic_instability_and_mutation,No,No,1,No
885,hoc_genomic_instability_and_mutation,No,No,1,No
886,hoc_genomic_instability_and_mutation,No,No,1,No
887,hoc_genomic_instability_and_mutation,No,No,1,No
888,hoc_genomic_instability_and_mutation,No,No,1,No
889,hoc_genomic_instability_and_mutation,No,No,1,No
890,hoc_genomic_instability_and_mutation,No,No,1,No
891,hoc_genomic_instability_and_mutation,No,No,1,No
892,hoc_genomic_instability_and_mutation,No,No,1,No
893,hoc_genomic_instability_and_mutation,No,No,1,No
894,hoc_genomic_instability_and_mutation,No,No,1,No
895,hoc_genomic_instability_and_mutation,No,No,1,No
896,hoc_genomic_instability_and_mutation,No,No,1,No
897,hoc_genomic_instability_and_mutation,Yes,Yes,1,Yes
898,hoc_genomic_instability_and_mutation,No,No,1,No
899,hoc_genomic_instability_and_mutation,No,Yes,0,Yes
900,hoc_genomic_instability_and_mutation,No,No,1,No
901,hoc_genomic_instability_and_mutation,No,No,1,No
902,hoc_genomic_instability_and_mutation,No,No,1,No
903,hoc_genomic_instability_and_mutation,No,No,1,No
904,hoc_genomic_instability_and_mutation,No,No,1,No
905,hoc_genomic_instability_and_mutation,No,No,1,No
906,hoc_genomic_instability_and_mutation,No,No,1,No
907,hoc_genomic_instability_and_mutation,No,No,1,No
908,hoc_genomic_instability_and_mutation,No,No,1,No
909,hoc_genomic_instability_and_mutation,Yes,Yes,1,Yes
910,hoc_genomic_instability_and_mutation,No,No,1,No
911,hoc_genomic_instability_and_mutation,No,No,1,No
912,hoc_genomic_instability_and_mutation,No,No,1,No
913,hoc_genomic_instability_and_mutation,No,Yes,0,Yes
914,hoc_genomic_instability_and_mutation,No,No,1,No
915,hoc_genomic_instability_and_mutation,No,No,1,No
916,hoc_genomic_instability_and_mutation,No,No,1,No
917,hoc_genomic_instability_and_mutation,No,Yes,0,Yes
918,hoc_genomic_instability_and_mutation,No,No,1,No
919,hoc_genomic_instability_and_mutation,No,No,1,No
920,hoc_genomic_instability_and_mutation,No,No,1,No
921,hoc_genomic_instability_and_mutation,No,Yes,0,Yes
922,hoc_genomic_instability_and_mutation,No,No,1,No
923,hoc_genomic_instability_and_mutation,No,No,1,No
924,hoc_genomic_instability_and_mutation,No,No,1,No
925,hoc_genomic_instability_and_mutation,No,No,1,No
926,hoc_genomic_instability_and_mutation,No,No,1,No
927,hoc_genomic_instability_and_mutation,No,No,1,No
928,hoc_genomic_instability_and_mutation,Yes,Yes,1,Yes
929,hoc_genomic_instability_and_mutation,No,Yes,0,Yes
930,hoc_genomic_instability_and_mutation,No,No,1,No
931,hoc_genomic_instability_and_mutation,Yes,Yes,1,Yes
932,hoc_genomic_instability_and_mutation,No,No,1,No
933,hoc_genomic_instability_and_mutation,No,No,1,No
934,hoc_genomic_instability_and_mutation,No,No,1,No
935,hoc_genomic_instability_and_mutation,No,No,1,No
936,hoc_genomic_instability_and_mutation,No,No,1,No
937,hoc_genomic_instability_and_mutation,Yes,Yes,1,Yes
938,hoc_genomic_instability_and_mutation,No,No,1,No
939,hoc_genomic_instability_and_mutation,No,No,1,No
940,hoc_genomic_instability_and_mutation,No,No,1,No
941,hoc_genomic_instability_and_mutation,No,No,1,No
942,hoc_genomic_instability_and_mutation,No,No,1,No
943,hoc_genomic_instability_and_mutation,No,Yes,0,Yes
944,hoc_genomic_instability_and_mutation,No,No,1,No
945,hoc_genomic_instability_and_mutation,No,No,1,No
946,hoc_genomic_instability_and_mutation,No,No,1,No
947,hoc_genomic_instability_and_mutation,No,No,1,No
948,hoc_genomic_instability_and_mutation,Yes,Yes,1,Yes
949,hoc_genomic_instability_and_mutation,No,No,1,No
950,hoc_genomic_instability_and_mutation,No,No,1,No
951,hoc_genomic_instability_and_mutation,No,No,1,No
952,hoc_genomic_instability_and_mutation,No,No,1,No
953,hoc_genomic_instability_and_mutation,No,No,1,No
954,hoc_genomic_instability_and_mutation,No,No,1,No
955,hoc_genomic_instability_and_mutation,Yes,Yes,1,Yes
956,hoc_genomic_instability_and_mutation,No,No,1,No
957,hoc_genomic_instability_and_mutation,No,No,1,No
958,hoc_genomic_instability_and_mutation,No,No,1,No
959,hoc_genomic_instability_and_mutation,No,No,1,No
960,hoc_genomic_instability_and_mutation,No,No,1,No
961,hoc_genomic_instability_and_mutation,No,Yes,0,Yes
962,hoc_genomic_instability_and_mutation,No,No,1,No
963,hoc_genomic_instability_and_mutation,No,No,1,No
964,hoc_genomic_instability_and_mutation,No,No,1,No
965,hoc_genomic_instability_and_mutation,No,No,1,No
966,hoc_genomic_instability_and_mutation,No,No,1,No
967,hoc_genomic_instability_and_mutation,No,No,1,No
968,hoc_genomic_instability_and_mutation,No,Yes,0,Yes
969,hoc_genomic_instability_and_mutation,No,No,1,No
970,hoc_genomic_instability_and_mutation,No,Yes,0,Yes
971,hoc_genomic_instability_and_mutation,No,No,1,No
972,hoc_genomic_instability_and_mutation,No,Yes,0,Yes
973,hoc_genomic_instability_and_mutation,No,Yes,0,Yes
974,hoc_genomic_instability_and_mutation,No,No,1,No
975,hoc_genomic_instability_and_mutation,No,Yes,0,Yes
976,hoc_genomic_instability_and_mutation,Yes,Yes,1,Yes
977,hoc_genomic_instability_and_mutation,No,No,1,No
978,hoc_genomic_instability_and_mutation,Yes,Yes,1,Yes
979,hoc_genomic_instability_and_mutation,No,No,1,No
980,hoc_genomic_instability_and_mutation,No,No,1,No
981,hoc_genomic_instability_and_mutation,No,No,1,No
982,hoc_genomic_instability_and_mutation,No,No,1,No
983,hoc_genomic_instability_and_mutation,No,No,1,No
984,hoc_genomic_instability_and_mutation,No,Yes,0,Yes
985,hoc_genomic_instability_and_mutation,No,Yes,0,Yes
986,hoc_genomic_instability_and_mutation,No,No,1,No
987,hoc_genomic_instability_and_mutation,No,No,1,No
988,hoc_genomic_instability_and_mutation,No,No,1,No
989,hoc_genomic_instability_and_mutation,No,No,1,No
990,hoc_genomic_instability_and_mutation,No,No,1,No
991,hoc_genomic_instability_and_mutation,No,No,1,No
992,hoc_genomic_instability_and_mutation,No,No,1,No
993,hoc_genomic_instability_and_mutation,No,Yes,0,Yes
994,hoc_genomic_instability_and_mutation,No,No,1,No
995,hoc_genomic_instability_and_mutation,No,No,1,No
996,hoc_genomic_instability_and_mutation,No,No,1,No
997,hoc_genomic_instability_and_mutation,No,No,1,No
998,hoc_genomic_instability_and_mutation,No,No,1,No
999,hoc_genomic_instability_and_mutation,No,Yes,0,Yes
1000,hoc_genomic_instability_and_mutation,No,No,1,No
1001,hoc_genomic_instability_and_mutation,No,No,1,No
1002,hoc_genomic_instability_and_mutation,No,No,1,No
1003,hoc_genomic_instability_and_mutation,Yes,Yes,1,Yes
1004,hoc_genomic_instability_and_mutation,No,No,1,No
1005,hoc_genomic_instability_and_mutation,No,No,1,No
1006,hoc_genomic_instability_and_mutation,No,No,1,No
1007,hoc_genomic_instability_and_mutation,No,No,1,No
1008,hoc_genomic_instability_and_mutation,No,Yes,0,Yes
1009,hoc_genomic_instability_and_mutation,No,No,1,No
1010,hoc_genomic_instability_and_mutation,No,No,1,No
1011,hoc_genomic_instability_and_mutation,No,No,1,No
1012,hoc_genomic_instability_and_mutation,No,No,1,No
1013,hoc_genomic_instability_and_mutation,No,No,1,No
1014,hoc_genomic_instability_and_mutation,No,Yes,0,Yes
1015,hoc_genomic_instability_and_mutation,Yes,No,0,No
1016,hoc_genomic_instability_and_mutation,No,No,1,No
1017,hoc_genomic_instability_and_mutation,Yes,Yes,1,Yes
1018,hoc_genomic_instability_and_mutation,No,No,1,No
1019,hoc_genomic_instability_and_mutation,Yes,Yes,1,Yes
1020,hoc_genomic_instability_and_mutation,No,No,1,No
1021,hoc_genomic_instability_and_mutation,No,No,1,No
1022,hoc_genomic_instability_and_mutation,No,No,1,No
1023,hoc_genomic_instability_and_mutation,No,No,1,No
1024,hoc_genomic_instability_and_mutation,No,No,1,No
1025,hoc_genomic_instability_and_mutation,No,No,1,No
1026,hoc_genomic_instability_and_mutation,No,No,1,No
1027,hoc_genomic_instability_and_mutation,No,No,1,No
1028,hoc_genomic_instability_and_mutation,No,No,1,No
1029,hoc_genomic_instability_and_mutation,No,No,1,No
1030,hoc_genomic_instability_and_mutation,No,No,1,No
1031,hoc_genomic_instability_and_mutation,No,No,1,No
1032,hoc_genomic_instability_and_mutation,No,No,1,No
1033,hoc_genomic_instability_and_mutation,No,No,1,No
1034,hoc_genomic_instability_and_mutation,No,No,1,No
1035,hoc_genomic_instability_and_mutation,No,No,1,No
1036,hoc_genomic_instability_and_mutation,No,No,1,No
1037,hoc_genomic_instability_and_mutation,No,No,1,No
1038,hoc_genomic_instability_and_mutation,No,Yes,0,Yes
1039,hoc_genomic_instability_and_mutation,No,Yes,0,Yes
1040,hoc_genomic_instability_and_mutation,No,No,1,No
1041,hoc_genomic_instability_and_mutation,No,No,1,No
1042,hoc_genomic_instability_and_mutation,No,No,1,No
1043,hoc_genomic_instability_and_mutation,No,No,1,No
1044,hoc_genomic_instability_and_mutation,Yes,Yes,1,Yes
1045,hoc_genomic_instability_and_mutation,No,No,1,No
1046,hoc_genomic_instability_and_mutation,No,No,1,No
1047,hoc_genomic_instability_and_mutation,No,No,1,No
1048,hoc_genomic_instability_and_mutation,No,Yes,0,Yes
1049,hoc_genomic_instability_and_mutation,No,No,1,No
1050,hoc_genomic_instability_and_mutation,Yes,Yes,1,Yes
1051,hoc_genomic_instability_and_mutation,No,No,1,No
1052,hoc_genomic_instability_and_mutation,No,No,1,No
1053,hoc_genomic_instability_and_mutation,No,No,1,No
1054,hoc_genomic_instability_and_mutation,No,No,1,No
1055,hoc_genomic_instability_and_mutation,No,No,1,No
1056,hoc_genomic_instability_and_mutation,Yes,No,0,No
1057,hoc_genomic_instability_and_mutation,No,No,1,No
1058,hoc_genomic_instability_and_mutation,No,Yes,0,Yes
1059,hoc_genomic_instability_and_mutation,No,Yes,0,Yes
1060,hoc_genomic_instability_and_mutation,No,No,1,No
1061,hoc_genomic_instability_and_mutation,No,No,1,No
1062,hoc_genomic_instability_and_mutation,No,No,1,No
1063,hoc_genomic_instability_and_mutation,No,Yes,0,Yes
1064,hoc_genomic_instability_and_mutation,No,No,1,No
1065,hoc_genomic_instability_and_mutation,Yes,No,0,No
1066,hoc_genomic_instability_and_mutation,No,Yes,0,Yes
1067,hoc_genomic_instability_and_mutation,No,No,1,No
1068,hoc_genomic_instability_and_mutation,No,No,1,No
1069,hoc_genomic_instability_and_mutation,No,No,1,No
1070,hoc_genomic_instability_and_mutation,No,No,1,No
1071,hoc_genomic_instability_and_mutation,No,Yes,0,Yes
1072,hoc_genomic_instability_and_mutation,No,No,1,No
1073,hoc_genomic_instability_and_mutation,No,No,1,No
1074,hoc_genomic_instability_and_mutation,No,No,1,No
1075,hoc_genomic_instability_and_mutation,No,No,1,No
1076,hoc_genomic_instability_and_mutation,No,No,1,No
1077,hoc_genomic_instability_and_mutation,No,No,1,No
1078,hoc_genomic_instability_and_mutation,No,No,1,No
1079,hoc_genomic_instability_and_mutation,No,No,1,No
1080,hoc_genomic_instability_and_mutation,No,No,1,No
1081,hoc_genomic_instability_and_mutation,No,No,1,No
1082,hoc_genomic_instability_and_mutation,No,No,1,No
1083,hoc_genomic_instability_and_mutation,No,No,1,No
1084,hoc_genomic_instability_and_mutation,No,No,1,No
1085,hoc_genomic_instability_and_mutation,No,No,1,No
1086,hoc_genomic_instability_and_mutation,No,No,1,No
1087,hoc_genomic_instability_and_mutation,No,No,1,No
1088,hoc_genomic_instability_and_mutation,No,No,1,No
1089,hoc_genomic_instability_and_mutation,No,No,1,No
1090,hoc_genomic_instability_and_mutation,No,No,1,No
1091,hoc_genomic_instability_and_mutation,Yes,No,0,No
1092,hoc_genomic_instability_and_mutation,No,Yes,0,Yes
1093,hoc_genomic_instability_and_mutation,No,No,1,No
1094,hoc_genomic_instability_and_mutation,No,No,1,No
1095,hoc_genomic_instability_and_mutation,No,No,1,No
1096,hoc_genomic_instability_and_mutation,No,No,1,No
1097,hoc_genomic_instability_and_mutation,No,No,1,No
1098,hoc_genomic_instability_and_mutation,No,Yes,0,Yes
1099,hoc_genomic_instability_and_mutation,No,No,1,No
1100,hoc_genomic_instability_and_mutation,Yes,No,0,No
1101,hoc_genomic_instability_and_mutation,No,No,1,No
1102,hoc_genomic_instability_and_mutation,No,No,1,No
1103,hoc_genomic_instability_and_mutation,No,No,1,No
1104,hoc_genomic_instability_and_mutation,No,No,1,No
1105,hoc_genomic_instability_and_mutation,No,No,1,No
1106,hoc_genomic_instability_and_mutation,No,No,1,No
1107,hoc_genomic_instability_and_mutation,No,No,1,No
1108,hoc_genomic_instability_and_mutation,No,No,1,No
1109,hoc_genomic_instability_and_mutation,No,No,1,No
1110,hoc_genomic_instability_and_mutation,No,No,1,No
1111,hoc_genomic_instability_and_mutation,No,Yes,0,Yes
1112,hoc_genomic_instability_and_mutation,No,No,1,No
1113,hoc_genomic_instability_and_mutation,No,No,1,No
1114,hoc_genomic_instability_and_mutation,No,No,1,No
1115,hoc_genomic_instability_and_mutation,No,No,1,No
1116,hoc_genomic_instability_and_mutation,No,No,1,No
1117,hoc_genomic_instability_and_mutation,No,Yes,0,Yes
1118,hoc_genomic_instability_and_mutation,No,No,1,No
1119,hoc_genomic_instability_and_mutation,No,No,1,No
1120,hoc_genomic_instability_and_mutation,No,No,1,No
1121,hoc_genomic_instability_and_mutation,No,No,1,No
1122,hoc_genomic_instability_and_mutation,Yes,Yes,1,Yes
1123,hoc_genomic_instability_and_mutation,No,No,1,No
1124,hoc_genomic_instability_and_mutation,No,No,1,No
1125,hoc_genomic_instability_and_mutation,No,Yes,0,Yes
1126,hoc_genomic_instability_and_mutation,No,No,1,No
1127,hoc_genomic_instability_and_mutation,No,Yes,0,Yes
1128,hoc_genomic_instability_and_mutation,No,No,1,No
1129,hoc_genomic_instability_and_mutation,Yes,Yes,1,Yes
1130,hoc_genomic_instability_and_mutation,No,No,1,No
1131,hoc_genomic_instability_and_mutation,No,Yes,0,Yes
1132,hoc_genomic_instability_and_mutation,Yes,No,0,No
1133,hoc_genomic_instability_and_mutation,No,Yes,0,Yes
1134,hoc_genomic_instability_and_mutation,No,No,1,No
1135,hoc_genomic_instability_and_mutation,No,No,1,No
1136,hoc_genomic_instability_and_mutation,No,No,1,No
1137,hoc_genomic_instability_and_mutation,No,Yes,0,Yes
1138,hoc_genomic_instability_and_mutation,No,No,1,No
1139,hoc_genomic_instability_and_mutation,No,Yes,0,Yes
1140,hoc_genomic_instability_and_mutation,No,No,1,No
1141,hoc_genomic_instability_and_mutation,No,No,1,No
1142,hoc_genomic_instability_and_mutation,No,No,1,No
1143,hoc_genomic_instability_and_mutation,No,No,1,No
1144,hoc_genomic_instability_and_mutation,No,No,1,No
1145,hoc_genomic_instability_and_mutation,No,No,1,No
1146,hoc_genomic_instability_and_mutation,No,Yes,0,Yes
1147,hoc_genomic_instability_and_mutation,No,Yes,0,Yes
1148,hoc_genomic_instability_and_mutation,No,No,1,No
1149,hoc_genomic_instability_and_mutation,No,No,1,No
1150,hoc_genomic_instability_and_mutation,No,No,1,No
1151,hoc_genomic_instability_and_mutation,No,Yes,0,Yes
1152,hoc_genomic_instability_and_mutation,No,Yes,0,Yes
1153,hoc_genomic_instability_and_mutation,No,No,1,No
1154,hoc_genomic_instability_and_mutation,No,No,1,No
1155,hoc_genomic_instability_and_mutation,No,No,1,No
1156,hoc_genomic_instability_and_mutation,No,Yes,0,Yes
1157,hoc_genomic_instability_and_mutation,No,Yes,0,Yes
1158,hoc_genomic_instability_and_mutation,No,No,1,No
1159,hoc_genomic_instability_and_mutation,No,No,1,No
1160,hoc_genomic_instability_and_mutation,No,No,1,No
1161,hoc_genomic_instability_and_mutation,Yes,Yes,1,Yes
1162,hoc_genomic_instability_and_mutation,No,No,1,No
1163,hoc_genomic_instability_and_mutation,No,Yes,0,Yes
1164,hoc_genomic_instability_and_mutation,No,No,1,No
1165,hoc_genomic_instability_and_mutation,No,No,1,No
1166,hoc_genomic_instability_and_mutation,No,No,1,No
1167,hoc_genomic_instability_and_mutation,No,No,1,No
1168,hoc_genomic_instability_and_mutation,No,Yes,0,Yes
1169,hoc_genomic_instability_and_mutation,No,Yes,0,Yes
1170,hoc_genomic_instability_and_mutation,No,No,1,No
1171,hoc_genomic_instability_and_mutation,No,No,1,No
1172,hoc_genomic_instability_and_mutation,No,Yes,0,Yes
1173,hoc_genomic_instability_and_mutation,No,No,1,No
1174,hoc_genomic_instability_and_mutation,No,Yes,0,Yes
1175,hoc_genomic_instability_and_mutation,No,No,1,No
1176,hoc_genomic_instability_and_mutation,No,No,1,No
1177,hoc_genomic_instability_and_mutation,No,No,1,No
1178,hoc_genomic_instability_and_mutation,No,No,1,No
1179,hoc_genomic_instability_and_mutation,No,No,1,No
1180,hoc_genomic_instability_and_mutation,No,No,1,No
1181,hoc_genomic_instability_and_mutation,No,No,1,No
1182,hoc_genomic_instability_and_mutation,No,Yes,0,Yes
1183,hoc_genomic_instability_and_mutation,No,No,1,No
1184,hoc_genomic_instability_and_mutation,No,Yes,0,Yes
1185,hoc_genomic_instability_and_mutation,No,No,1,No
1186,hoc_genomic_instability_and_mutation,No,No,1,No
1187,hoc_genomic_instability_and_mutation,No,No,1,No
1188,hoc_genomic_instability_and_mutation,No,No,1,No
1189,hoc_genomic_instability_and_mutation,No,No,1,No
1190,hoc_genomic_instability_and_mutation,No,No,1,No
1191,hoc_genomic_instability_and_mutation,No,No,1,No
1192,hoc_genomic_instability_and_mutation,No,No,1,No
1193,hoc_genomic_instability_and_mutation,No,No,1,No
1194,hoc_genomic_instability_and_mutation,No,No,1,No
1195,hoc_genomic_instability_and_mutation,No,No,1,No
1196,hoc_genomic_instability_and_mutation,No,No,1,No
1197,hoc_genomic_instability_and_mutation,No,Yes,0,Yes
1198,hoc_genomic_instability_and_mutation,No,No,1,No
1199,hoc_genomic_instability_and_mutation,No,No,1,No
1200,hoc_genomic_instability_and_mutation,No,Yes,0,Yes
1201,hoc_genomic_instability_and_mutation,No,No,1,No
1202,hoc_genomic_instability_and_mutation,No,No,1,No
1203,hoc_genomic_instability_and_mutation,No,Yes,0,Yes
1204,hoc_genomic_instability_and_mutation,No,No,1,No
1205,hoc_genomic_instability_and_mutation,Yes,Yes,1,Yes
1206,hoc_genomic_instability_and_mutation,No,No,1,No
1207,hoc_genomic_instability_and_mutation,No,No,1,No
1208,hoc_genomic_instability_and_mutation,No,No,1,No
1209,hoc_genomic_instability_and_mutation,No,No,1,No
1210,hoc_genomic_instability_and_mutation,Yes,Yes,1,Yes
1211,hoc_genomic_instability_and_mutation,No,No,1,No
1212,hoc_genomic_instability_and_mutation,Yes,Yes,1,Yes
1213,hoc_genomic_instability_and_mutation,Yes,Yes,1,Yes
1214,hoc_genomic_instability_and_mutation,No,No,1,No
1215,hoc_genomic_instability_and_mutation,Yes,Yes,1,Yes
1216,hoc_genomic_instability_and_mutation,No,No,1,No
1217,hoc_genomic_instability_and_mutation,No,No,1,No
1218,hoc_genomic_instability_and_mutation,No,No,1,No
1219,hoc_genomic_instability_and_mutation,Yes,Yes,1,Yes
1220,hoc_genomic_instability_and_mutation,No,No,1,No
1221,hoc_genomic_instability_and_mutation,No,No,1,No
1222,hoc_genomic_instability_and_mutation,No,No,1,No
1223,hoc_genomic_instability_and_mutation,No,Yes,0,Yes
1224,hoc_genomic_instability_and_mutation,Yes,Yes,1,Yes
1225,hoc_genomic_instability_and_mutation,No,Yes,0,Yes
1226,hoc_genomic_instability_and_mutation,No,Yes,0,Yes
1227,hoc_genomic_instability_and_mutation,No,Yes,0,Yes
1228,hoc_genomic_instability_and_mutation,Yes,Yes,1,Yes
1229,hoc_genomic_instability_and_mutation,No,No,1,No
1230,hoc_genomic_instability_and_mutation,No,No,1,No
1231,hoc_genomic_instability_and_mutation,Yes,Yes,1,Yes
1232,hoc_genomic_instability_and_mutation,No,Yes,0,Yes
1233,hoc_genomic_instability_and_mutation,Yes,Yes,1,Yes
1234,hoc_genomic_instability_and_mutation,Yes,Yes,1,Yes
1235,hoc_genomic_instability_and_mutation,Yes,Yes,1,Yes
1236,hoc_genomic_instability_and_mutation,No,No,1,No
1237,hoc_genomic_instability_and_mutation,No,No,1,No
1238,hoc_genomic_instability_and_mutation,No,No,1,No
1239,hoc_genomic_instability_and_mutation,No,No,1,No
1240,hoc_genomic_instability_and_mutation,No,No,1,No
1241,hoc_genomic_instability_and_mutation,No,No,1,No
1242,hoc_genomic_instability_and_mutation,Yes,Yes,1,Yes
1243,hoc_genomic_instability_and_mutation,No,No,1,No
1244,hoc_genomic_instability_and_mutation,No,Yes,0,Yes
1245,hoc_genomic_instability_and_mutation,No,Yes,0,Yes
1246,hoc_genomic_instability_and_mutation,No,No,1,No
1247,hoc_genomic_instability_and_mutation,Yes,Yes,1,Yes
1248,hoc_genomic_instability_and_mutation,No,No,1,No
1249,hoc_genomic_instability_and_mutation,No,No,1,No
1250,hoc_genomic_instability_and_mutation,No,Yes,0,Yes
1251,hoc_genomic_instability_and_mutation,No,No,1,No
1252,hoc_genomic_instability_and_mutation,Yes,Yes,1,Yes
1253,hoc_genomic_instability_and_mutation,No,No,1,No
1254,hoc_genomic_instability_and_mutation,No,No,1,No
1255,hoc_genomic_instability_and_mutation,No,No,1,No
1256,hoc_genomic_instability_and_mutation,No,No,1,No
1257,hoc_genomic_instability_and_mutation,No,No,1,No
1258,hoc_genomic_instability_and_mutation,No,No,1,No
1259,hoc_genomic_instability_and_mutation,No,No,1,No
1260,hoc_genomic_instability_and_mutation,Yes,Yes,1,Yes
1261,hoc_genomic_instability_and_mutation,No,No,1,No
1262,hoc_genomic_instability_and_mutation,No,No,1,No
1263,hoc_genomic_instability_and_mutation,No,No,1,No
1264,hoc_genomic_instability_and_mutation,No,No,1,No
1265,hoc_genomic_instability_and_mutation,No,No,1,No
1266,hoc_genomic_instability_and_mutation,No,No,1,No
1267,hoc_genomic_instability_and_mutation,No,No,1,No
1268,hoc_genomic_instability_and_mutation,No,No,1,No
1269,hoc_genomic_instability_and_mutation,No,No,1,No
1270,hoc_genomic_instability_and_mutation,No,No,1,No
1271,hoc_genomic_instability_and_mutation,No,No,1,No
1272,hoc_genomic_instability_and_mutation,No,No,1,No
1273,hoc_genomic_instability_and_mutation,No,No,1,No
1274,hoc_genomic_instability_and_mutation,No,No,1,No
1275,hoc_genomic_instability_and_mutation,No,No,1,No
1276,hoc_genomic_instability_and_mutation,No,No,1,No
1277,hoc_genomic_instability_and_mutation,No,No,1,No
1278,hoc_genomic_instability_and_mutation,No,No,1,No
1279,hoc_genomic_instability_and_mutation,No,No,1,No
1280,hoc_genomic_instability_and_mutation,No,No,1,No
1281,hoc_genomic_instability_and_mutation,No,No,1,No
1282,hoc_genomic_instability_and_mutation,Yes,Yes,1,Yes
1283,hoc_genomic_instability_and_mutation,No,No,1,No
1284,hoc_genomic_instability_and_mutation,No,No,1,No
1285,hoc_genomic_instability_and_mutation,No,No,1,No
1286,hoc_genomic_instability_and_mutation,No,Yes,0,Yes
1287,hoc_genomic_instability_and_mutation,No,No,1,No
1288,hoc_genomic_instability_and_mutation,No,Yes,0,Yes
1289,hoc_genomic_instability_and_mutation,No,No,1,No
1290,hoc_genomic_instability_and_mutation,No,Yes,0,Yes
1291,hoc_genomic_instability_and_mutation,No,Yes,0,Yes
1292,hoc_genomic_instability_and_mutation,No,No,1,No
1293,hoc_genomic_instability_and_mutation,No,No,1,No
1294,hoc_genomic_instability_and_mutation,No,Yes,0,Yes
1295,hoc_genomic_instability_and_mutation,No,No,1,No
1296,hoc_genomic_instability_and_mutation,No,Yes,0,Yes
1297,hoc_genomic_instability_and_mutation,Yes,Yes,1,Yes
1298,hoc_genomic_instability_and_mutation,No,No,1,No
1299,hoc_genomic_instability_and_mutation,No,No,1,No
1300,hoc_genomic_instability_and_mutation,No,No,1,No
1301,hoc_genomic_instability_and_mutation,No,No,1,No
1302,hoc_genomic_instability_and_mutation,No,Yes,0,Yes
1303,hoc_genomic_instability_and_mutation,No,No,1,No
1304,hoc_genomic_instability_and_mutation,No,Yes,0,Yes
1305,hoc_genomic_instability_and_mutation,No,No,1,No
1306,hoc_genomic_instability_and_mutation,No,No,1,No
1307,hoc_genomic_instability_and_mutation,Yes,No,0,No
1308,hoc_genomic_instability_and_mutation,Yes,Yes,1,Yes
1309,hoc_genomic_instability_and_mutation,No,Yes,0,Yes
1310,hoc_genomic_instability_and_mutation,No,Yes,0,Yes
1311,hoc_genomic_instability_and_mutation,No,No,1,No
1312,hoc_genomic_instability_and_mutation,No,No,1,No
1313,hoc_genomic_instability_and_mutation,No,No,1,No
1314,hoc_genomic_instability_and_mutation,No,No,1,No
1315,hoc_genomic_instability_and_mutation,No,No,1,No
1316,hoc_genomic_instability_and_mutation,No,No,1,No
1317,hoc_genomic_instability_and_mutation,No,No,1,No
1318,hoc_genomic_instability_and_mutation,No,No,1,No
1319,hoc_genomic_instability_and_mutation,No,Yes,0,Yes
1320,hoc_genomic_instability_and_mutation,No,No,1,No
1321,hoc_genomic_instability_and_mutation,No,No,1,No
1322,hoc_genomic_instability_and_mutation,No,Yes,0,Yes
1323,hoc_genomic_instability_and_mutation,No,No,1,No
1324,hoc_genomic_instability_and_mutation,Yes,Yes,1,Yes
1325,hoc_genomic_instability_and_mutation,No,Yes,0,Yes
1326,hoc_genomic_instability_and_mutation,No,No,1,No
1327,hoc_genomic_instability_and_mutation,No,No,1,No
1328,hoc_genomic_instability_and_mutation,No,No,1,No
1329,hoc_genomic_instability_and_mutation,No,No,1,No
1330,hoc_genomic_instability_and_mutation,No,No,1,No
1331,hoc_genomic_instability_and_mutation,No,No,1,No
1332,hoc_genomic_instability_and_mutation,No,No,1,No
1333,hoc_genomic_instability_and_mutation,No,No,1,No
1334,hoc_genomic_instability_and_mutation,Yes,Yes,1,Yes
1335,hoc_genomic_instability_and_mutation,Yes,No,0,No
1336,hoc_genomic_instability_and_mutation,No,Yes,0,Yes
1337,hoc_genomic_instability_and_mutation,Yes,Yes,1,Yes
1338,hoc_genomic_instability_and_mutation,No,No,1,No
1339,hoc_genomic_instability_and_mutation,Yes,Yes,1,Yes
1340,hoc_genomic_instability_and_mutation,No,No,1,No
1341,hoc_genomic_instability_and_mutation,No,No,1,No
1342,hoc_genomic_instability_and_mutation,No,No,1,No
1343,hoc_genomic_instability_and_mutation,No,No,1,No
1344,hoc_genomic_instability_and_mutation,No,No,1,No
1345,hoc_genomic_instability_and_mutation,No,No,1,No
1346,hoc_genomic_instability_and_mutation,No,No,1,No
1347,hoc_genomic_instability_and_mutation,No,No,1,No
1348,hoc_genomic_instability_and_mutation,No,No,1,No
1349,hoc_genomic_instability_and_mutation,Yes,Yes,1,Yes
1350,hoc_genomic_instability_and_mutation,No,No,1,No
1351,hoc_genomic_instability_and_mutation,No,No,1,No
1352,hoc_genomic_instability_and_mutation,No,No,1,No
1353,hoc_genomic_instability_and_mutation,No,Yes,0,Yes
1354,hoc_genomic_instability_and_mutation,No,No,1,No
1355,hoc_genomic_instability_and_mutation,Yes,Yes,1,Yes
1356,hoc_genomic_instability_and_mutation,No,No,1,No
1357,hoc_genomic_instability_and_mutation,Yes,No,0,No
1358,hoc_genomic_instability_and_mutation,No,No,1,No
1359,hoc_genomic_instability_and_mutation,No,No,1,No
1360,hoc_genomic_instability_and_mutation,No,No,1,No
1361,hoc_genomic_instability_and_mutation,No,No,1,No
1362,hoc_genomic_instability_and_mutation,No,No,1,No
1363,hoc_genomic_instability_and_mutation,No,No,1,No
1364,hoc_genomic_instability_and_mutation,No,No,1,No
1365,hoc_genomic_instability_and_mutation,No,No,1,No
1366,hoc_genomic_instability_and_mutation,No,No,1,No
1367,hoc_genomic_instability_and_mutation,No,No,1,No
1368,hoc_genomic_instability_and_mutation,No,No,1,No
1369,hoc_genomic_instability_and_mutation,No,No,1,No
1370,hoc_genomic_instability_and_mutation,No,No,1,No
1371,hoc_genomic_instability_and_mutation,No,No,1,No
1372,hoc_genomic_instability_and_mutation,No,No,1,No
1373,hoc_genomic_instability_and_mutation,No,No,1,No
1374,hoc_genomic_instability_and_mutation,Yes,No,0,No
1375,hoc_genomic_instability_and_mutation,No,No,1,No
1376,hoc_genomic_instability_and_mutation,No,No,1,No
1377,hoc_genomic_instability_and_mutation,No,No,1,No
1378,hoc_genomic_instability_and_mutation,No,No,1,No
1379,hoc_genomic_instability_and_mutation,No,No,1,No
1380,hoc_genomic_instability_and_mutation,No,No,1,No
1381,hoc_genomic_instability_and_mutation,No,No,1,No
1382,hoc_genomic_instability_and_mutation,No,No,1,No
1383,hoc_genomic_instability_and_mutation,No,No,1,No
1384,hoc_genomic_instability_and_mutation,No,No,1,No
1385,hoc_genomic_instability_and_mutation,No,No,1,No
1386,hoc_genomic_instability_and_mutation,No,No,1,No
1387,hoc_genomic_instability_and_mutation,No,No,1,No
1388,hoc_genomic_instability_and_mutation,No,No,1,No
1389,hoc_genomic_instability_and_mutation,No,No,1,No
1390,hoc_genomic_instability_and_mutation,No,No,1,No
1391,hoc_genomic_instability_and_mutation,No,No,1,No
1392,hoc_genomic_instability_and_mutation,No,No,1,No
1393,hoc_genomic_instability_and_mutation,No,No,1,No
1394,hoc_genomic_instability_and_mutation,Yes,Yes,1,Yes
1395,hoc_genomic_instability_and_mutation,No,No,1,No
1396,hoc_genomic_instability_and_mutation,No,No,1,No
1397,hoc_genomic_instability_and_mutation,No,Yes,0,Yes
1398,hoc_genomic_instability_and_mutation,No,No,1,No
1399,hoc_genomic_instability_and_mutation,No,No,1,No
1400,hoc_genomic_instability_and_mutation,No,No,1,No
1401,hoc_genomic_instability_and_mutation,No,No,1,No
1402,hoc_genomic_instability_and_mutation,No,No,1,No
1403,hoc_genomic_instability_and_mutation,Yes,Yes,1,Yes
1404,hoc_genomic_instability_and_mutation,No,No,1,No
1405,hoc_genomic_instability_and_mutation,No,No,1,No
1406,hoc_genomic_instability_and_mutation,No,No,1,No
1407,hoc_genomic_instability_and_mutation,No,No,1,No
1408,hoc_genomic_instability_and_mutation,No,No,1,No
1409,hoc_genomic_instability_and_mutation,Yes,Yes,1,Yes
1410,hoc_genomic_instability_and_mutation,No,No,1,No
1411,hoc_genomic_instability_and_mutation,No,No,1,No
1412,hoc_genomic_instability_and_mutation,No,Yes,0,Yes
1413,hoc_genomic_instability_and_mutation,No,No,1,No
1414,hoc_genomic_instability_and_mutation,No,No,1,No
1415,hoc_genomic_instability_and_mutation,Yes,Yes,1,Yes
1416,hoc_genomic_instability_and_mutation,No,No,1,No
1417,hoc_genomic_instability_and_mutation,No,No,1,No
1418,hoc_genomic_instability_and_mutation,No,No,1,No
1419,hoc_genomic_instability_and_mutation,No,No,1,No
1420,hoc_genomic_instability_and_mutation,No,No,1,No
1421,hoc_genomic_instability_and_mutation,No,No,1,No
1422,hoc_genomic_instability_and_mutation,No,No,1,No
1423,hoc_genomic_instability_and_mutation,No,No,1,No
1424,hoc_genomic_instability_and_mutation,No,No,1,No
1425,hoc_genomic_instability_and_mutation,No,No,1,No
1426,hoc_genomic_instability_and_mutation,No,No,1,No
1427,hoc_genomic_instability_and_mutation,No,No,1,No
1428,hoc_genomic_instability_and_mutation,Yes,Yes,1,Yes
1429,hoc_genomic_instability_and_mutation,No,No,1,No
1430,hoc_genomic_instability_and_mutation,Yes,Yes,1,Yes
1431,hoc_genomic_instability_and_mutation,No,No,1,No
1432,hoc_genomic_instability_and_mutation,No,No,1,No
1433,hoc_genomic_instability_and_mutation,No,No,1,No
1434,hoc_genomic_instability_and_mutation,No,No,1,No
1435,hoc_genomic_instability_and_mutation,No,No,1,No
1436,hoc_genomic_instability_and_mutation,No,Yes,0,Yes
1437,hoc_genomic_instability_and_mutation,No,No,1,No
1438,hoc_genomic_instability_and_mutation,Yes,Yes,1,Yes
1439,hoc_genomic_instability_and_mutation,No,No,1,No
1440,hoc_genomic_instability_and_mutation,Yes,No,0,No
1441,hoc_genomic_instability_and_mutation,No,No,1,No
1442,hoc_genomic_instability_and_mutation,No,No,1,No
1443,hoc_genomic_instability_and_mutation,No,No,1,No
1444,hoc_genomic_instability_and_mutation,No,No,1,No
1445,hoc_genomic_instability_and_mutation,No,No,1,No
1446,hoc_genomic_instability_and_mutation,No,No,1,No
1447,hoc_genomic_instability_and_mutation,Yes,Yes,1,Yes
1448,hoc_genomic_instability_and_mutation,Yes,Yes,1,Yes
1449,hoc_genomic_instability_and_mutation,No,No,1,No
1450,hoc_genomic_instability_and_mutation,No,No,1,No
1451,hoc_genomic_instability_and_mutation,No,No,1,No
1452,hoc_genomic_instability_and_mutation,No,No,1,No
1453,hoc_genomic_instability_and_mutation,No,No,1,No
1454,hoc_genomic_instability_and_mutation,Yes,Yes,1,Yes
1455,hoc_genomic_instability_and_mutation,No,No,1,No
1456,hoc_genomic_instability_and_mutation,Yes,Yes,1,Yes
1457,hoc_genomic_instability_and_mutation,Yes,Yes,1,Yes
1458,hoc_genomic_instability_and_mutation,No,Yes,0,Yes
1459,hoc_genomic_instability_and_mutation,Yes,Yes,1,Yes
1460,hoc_genomic_instability_and_mutation,No,No,1,No
1461,hoc_genomic_instability_and_mutation,No,No,1,No
1462,hoc_genomic_instability_and_mutation,No,No,1,No
1463,hoc_genomic_instability_and_mutation,No,No,1,No
1464,hoc_genomic_instability_and_mutation,No,No,1,No
1465,hoc_genomic_instability_and_mutation,Yes,Yes,1,Yes
1466,hoc_genomic_instability_and_mutation,Yes,Yes,1,Yes
1467,hoc_genomic_instability_and_mutation,Yes,No,0,No
1468,hoc_genomic_instability_and_mutation,No,No,1,No
1469,hoc_genomic_instability_and_mutation,No,No,1,No
1470,hoc_genomic_instability_and_mutation,No,No,1,No
1471,hoc_genomic_instability_and_mutation,No,No,1,No
1472,hoc_genomic_instability_and_mutation,Yes,Yes,1,Yes
1473,hoc_genomic_instability_and_mutation,No,No,1,No
1474,hoc_genomic_instability_and_mutation,No,No,1,No
1475,hoc_genomic_instability_and_mutation,No,No,1,No
1476,hoc_genomic_instability_and_mutation,No,No,1,No
1477,hoc_genomic_instability_and_mutation,No,No,1,No
1478,hoc_genomic_instability_and_mutation,No,No,1,No
1479,hoc_genomic_instability_and_mutation,Yes,Yes,1,Yes
1480,hoc_genomic_instability_and_mutation,No,Yes,0,Yes
1481,hoc_genomic_instability_and_mutation,No,No,1,No
1482,hoc_genomic_instability_and_mutation,No,No,1,No
1483,hoc_genomic_instability_and_mutation,No,No,1,No
1484,hoc_genomic_instability_and_mutation,No,No,1,No
1485,hoc_genomic_instability_and_mutation,No,No,1,No
1486,hoc_genomic_instability_and_mutation,No,No,1,No
1487,hoc_genomic_instability_and_mutation,No,No,1,No
1488,hoc_genomic_instability_and_mutation,No,Yes,0,Yes
1489,hoc_genomic_instability_and_mutation,No,No,1,No
1490,hoc_genomic_instability_and_mutation,No,Yes,0,Yes
1491,hoc_genomic_instability_and_mutation,No,Yes,0,Yes
1492,hoc_genomic_instability_and_mutation,No,No,1,No
1493,hoc_genomic_instability_and_mutation,No,No,1,No
1494,hoc_genomic_instability_and_mutation,No,Yes,0,Yes
1495,hoc_genomic_instability_and_mutation,Yes,Yes,1,Yes
1496,hoc_genomic_instability_and_mutation,No,No,1,No
1497,hoc_genomic_instability_and_mutation,Yes,Yes,1,Yes
1498,hoc_genomic_instability_and_mutation,No,No,1,No
1499,hoc_genomic_instability_and_mutation,Yes,Yes,1,Yes
1500,hoc_genomic_instability_and_mutation,Yes,Yes,1,Yes
1501,hoc_genomic_instability_and_mutation,Yes,Yes,1,Yes
1502,hoc_genomic_instability_and_mutation,No,No,1,No
1503,hoc_genomic_instability_and_mutation,No,Yes,0,Yes
1504,hoc_genomic_instability_and_mutation,No,No,1,No
1505,hoc_genomic_instability_and_mutation,No,No,1,No
1506,hoc_genomic_instability_and_mutation,No,No,1,No
1507,hoc_genomic_instability_and_mutation,No,No,1,No
1508,hoc_genomic_instability_and_mutation,No,No,1,No
1509,hoc_genomic_instability_and_mutation,No,No,1,No
1510,hoc_genomic_instability_and_mutation,Yes,Yes,1,Yes
1511,hoc_genomic_instability_and_mutation,Yes,No,0,No
1512,hoc_genomic_instability_and_mutation,No,No,1,No
1513,hoc_genomic_instability_and_mutation,Yes,Yes,1,Yes
1514,hoc_genomic_instability_and_mutation,No,No,1,No
1515,hoc_genomic_instability_and_mutation,No,No,1,No
1516,hoc_genomic_instability_and_mutation,No,No,1,No
1517,hoc_genomic_instability_and_mutation,Yes,No,0,No
1518,hoc_genomic_instability_and_mutation,Yes,Yes,1,Yes
1519,hoc_genomic_instability_and_mutation,No,Yes,0,Yes
1520,hoc_genomic_instability_and_mutation,No,No,1,No
1521,hoc_genomic_instability_and_mutation,No,No,1,No
1522,hoc_genomic_instability_and_mutation,No,No,1,No
1523,hoc_genomic_instability_and_mutation,No,No,1,No
1524,hoc_genomic_instability_and_mutation,No,No,1,No
1525,hoc_genomic_instability_and_mutation,No,No,1,No
1526,hoc_genomic_instability_and_mutation,No,No,1,No
1527,hoc_genomic_instability_and_mutation,No,No,1,No
1528,hoc_genomic_instability_and_mutation,No,No,1,No
1529,hoc_genomic_instability_and_mutation,No,No,1,No
1530,hoc_genomic_instability_and_mutation,No,No,1,No
1531,hoc_genomic_instability_and_mutation,No,Yes,0,Yes
1532,hoc_genomic_instability_and_mutation,No,No,1,No
1533,hoc_genomic_instability_and_mutation,Yes,Yes,1,Yes
1534,hoc_genomic_instability_and_mutation,Yes,Yes,1,Yes
1535,hoc_genomic_instability_and_mutation,No,No,1,No
1536,hoc_genomic_instability_and_mutation,No,No,1,No
1537,hoc_genomic_instability_and_mutation,No,Yes,0,Yes
1538,hoc_genomic_instability_and_mutation,No,No,1,No
1539,hoc_genomic_instability_and_mutation,No,No,1,No
1540,hoc_genomic_instability_and_mutation,Yes,No,0,No
1541,hoc_genomic_instability_and_mutation,Yes,Yes,1,Yes
1542,hoc_genomic_instability_and_mutation,Yes,Yes,1,Yes
1543,hoc_genomic_instability_and_mutation,No,No,1,No
1544,hoc_genomic_instability_and_mutation,No,No,1,No
1545,hoc_genomic_instability_and_mutation,No,No,1,No
1546,hoc_genomic_instability_and_mutation,No,No,1,No
1547,hoc_genomic_instability_and_mutation,No,No,1,No
1548,hoc_genomic_instability_and_mutation,Yes,Yes,1,Yes
1549,hoc_genomic_instability_and_mutation,No,No,1,No
1550,hoc_genomic_instability_and_mutation,No,No,1,No
1551,hoc_genomic_instability_and_mutation,No,No,1,No
1552,hoc_genomic_instability_and_mutation,No,No,1,No
1553,hoc_genomic_instability_and_mutation,No,No,1,No
1554,hoc_genomic_instability_and_mutation,Yes,Yes,1,Yes
1555,hoc_genomic_instability_and_mutation,Yes,Yes,1,Yes
1556,hoc_genomic_instability_and_mutation,No,No,1,No
1557,hoc_genomic_instability_and_mutation,No,No,1,No
1558,hoc_genomic_instability_and_mutation,Yes,No,0,No
1559,hoc_genomic_instability_and_mutation,Yes,Yes,1,Yes
1560,hoc_genomic_instability_and_mutation,No,No,1,No
1561,hoc_genomic_instability_and_mutation,No,No,1,No
1562,hoc_genomic_instability_and_mutation,No,No,1,No
1563,hoc_genomic_instability_and_mutation,No,No,1,No
1564,hoc_genomic_instability_and_mutation,Yes,Yes,1,Yes
1565,hoc_genomic_instability_and_mutation,Yes,Yes,1,Yes
1566,hoc_genomic_instability_and_mutation,No,No,1,No
1567,hoc_genomic_instability_and_mutation,No,No,1,No
1568,hoc_genomic_instability_and_mutation,Yes,Yes,1,Yes
1569,hoc_genomic_instability_and_mutation,No,No,1,No
1570,hoc_genomic_instability_and_mutation,No,No,1,No
1571,hoc_genomic_instability_and_mutation,Yes,No,0,No
1572,hoc_genomic_instability_and_mutation,No,No,1,No
1573,hoc_genomic_instability_and_mutation,Yes,Yes,1,Yes
1574,hoc_genomic_instability_and_mutation,No,No,1,No
1575,hoc_genomic_instability_and_mutation,No,No,1,No
1576,hoc_genomic_instability_and_mutation,Yes,Yes,1,Yes
1577,hoc_genomic_instability_and_mutation,Yes,Yes,1,Yes
1578,hoc_genomic_instability_and_mutation,No,No,1,No
1579,hoc_genomic_instability_and_mutation,Yes,Yes,1,Yes
1580,hoc_genomic_instability_and_mutation,No,No,1,No
1581,hoc_genomic_instability_and_mutation,No,No,1,No
1582,hoc_genomic_instability_and_mutation,Yes,Yes,1,Yes
1583,hoc_genomic_instability_and_mutation,No,No,1,No
1584,hoc_genomic_instability_and_mutation,No,No,1,No
1585,hoc_genomic_instability_and_mutation,No,No,1,No
1586,hoc_genomic_instability_and_mutation,No,No,1,No
1587,hoc_genomic_instability_and_mutation,No,No,1,No
1588,hoc_genomic_instability_and_mutation,No,No,1,No
1589,hoc_genomic_instability_and_mutation,No,No,1,No
1590,hoc_genomic_instability_and_mutation,No,No,1,No
1591,hoc_genomic_instability_and_mutation,Yes,Yes,1,Yes
1592,hoc_genomic_instability_and_mutation,No,No,1,No
1593,hoc_genomic_instability_and_mutation,No,No,1,No
1594,hoc_genomic_instability_and_mutation,Yes,Yes,1,Yes
1595,hoc_genomic_instability_and_mutation,No,No,1,No
1596,hoc_genomic_instability_and_mutation,No,No,1,No
1597,hoc_genomic_instability_and_mutation,No,No,1,No
1598,hoc_genomic_instability_and_mutation,No,No,1,No
1599,hoc_genomic_instability_and_mutation,No,No,1,No
1600,hoc_genomic_instability_and_mutation,No,No,1,No
1601,hoc_genomic_instability_and_mutation,No,No,1,No
1602,hoc_genomic_instability_and_mutation,No,No,1,No
1603,hoc_genomic_instability_and_mutation,No,No,1,No
1604,hoc_genomic_instability_and_mutation,No,No,1,No
1605,hoc_genomic_instability_and_mutation,No,Yes,0,Yes
1606,hoc_genomic_instability_and_mutation,No,No,1,No
1607,hoc_genomic_instability_and_mutation,No,No,1,No
1608,hoc_genomic_instability_and_mutation,No,No,1,No
1609,hoc_genomic_instability_and_mutation,No,No,1,No
1610,hoc_genomic_instability_and_mutation,No,No,1,No
1611,hoc_genomic_instability_and_mutation,No,No,1,No
1612,hoc_genomic_instability_and_mutation,Yes,No,0,No
1613,hoc_genomic_instability_and_mutation,No,No,1,No
1614,hoc_genomic_instability_and_mutation,No,No,1,No
1615,hoc_genomic_instability_and_mutation,No,No,1,No
1616,hoc_genomic_instability_and_mutation,No,No,1,No
1617,hoc_genomic_instability_and_mutation,Yes,Yes,1,Yes
1618,hoc_genomic_instability_and_mutation,Yes,Yes,1,Yes
1619,hoc_genomic_instability_and_mutation,Yes,Yes,1,Yes
1620,hoc_genomic_instability_and_mutation,No,No,1,No
1621,hoc_genomic_instability_and_mutation,No,No,1,No
1622,hoc_genomic_instability_and_mutation,No,No,1,No
1623,hoc_genomic_instability_and_mutation,No,No,1,No
1624,hoc_genomic_instability_and_mutation,Yes,Yes,1,Yes
1625,hoc_genomic_instability_and_mutation,No,No,1,No
1626,hoc_genomic_instability_and_mutation,No,No,1,No
1627,hoc_genomic_instability_and_mutation,No,No,1,No
1628,hoc_genomic_instability_and_mutation,No,No,1,No
1629,hoc_genomic_instability_and_mutation,No,No,1,No
1630,hoc_genomic_instability_and_mutation,No,Yes,0,Yes
1631,hoc_genomic_instability_and_mutation,Yes,Yes,1,Yes
1632,hoc_genomic_instability_and_mutation,No,No,1,No
1633,hoc_genomic_instability_and_mutation,No,No,1,No
1634,hoc_genomic_instability_and_mutation,No,No,1,No
1635,hoc_genomic_instability_and_mutation,No,No,1,No
1636,hoc_genomic_instability_and_mutation,Yes,No,0,No
1637,hoc_genomic_instability_and_mutation,No,No,1,No
1638,hoc_genomic_instability_and_mutation,No,No,1,No
1639,hoc_genomic_instability_and_mutation,No,No,1,No
1640,hoc_genomic_instability_and_mutation,No,Yes,0,Yes
1641,hoc_genomic_instability_and_mutation,No,No,1,No
1642,hoc_genomic_instability_and_mutation,No,No,1,No
1643,hoc_genomic_instability_and_mutation,No,No,1,No
1644,hoc_genomic_instability_and_mutation,No,No,1,No
1645,hoc_genomic_instability_and_mutation,No,No,1,No
1646,hoc_genomic_instability_and_mutation,No,No,1,No
1647,hoc_genomic_instability_and_mutation,Yes,Yes,1,Yes
1648,hoc_genomic_instability_and_mutation,No,No,1,No
1649,hoc_genomic_instability_and_mutation,No,No,1,No
1650,hoc_genomic_instability_and_mutation,No,No,1,No
1651,hoc_genomic_instability_and_mutation,No,No,1,No
1652,hoc_genomic_instability_and_mutation,Yes,No,0,No
1653,hoc_genomic_instability_and_mutation,No,No,1,No
1654,hoc_genomic_instability_and_mutation,Yes,Yes,1,Yes
1655,hoc_genomic_instability_and_mutation,No,No,1,No
1656,hoc_genomic_instability_and_mutation,No,No,1,No
1657,hoc_genomic_instability_and_mutation,Yes,Yes,1,Yes
1658,hoc_genomic_instability_and_mutation,No,No,1,No
1659,hoc_genomic_instability_and_mutation,No,No,1,No
1660,hoc_genomic_instability_and_mutation,No,No,1,No
1661,hoc_genomic_instability_and_mutation,No,No,1,No
1662,hoc_genomic_instability_and_mutation,Yes,No,0,No
1663,hoc_genomic_instability_and_mutation,No,No,1,No
1664,hoc_genomic_instability_and_mutation,No,No,1,No
1665,hoc_genomic_instability_and_mutation,No,No,1,No
1666,hoc_genomic_instability_and_mutation,No,No,1,No
1667,hoc_genomic_instability_and_mutation,No,No,1,No
1668,hoc_genomic_instability_and_mutation,No,No,1,No
1669,hoc_genomic_instability_and_mutation,No,No,1,No
1670,hoc_genomic_instability_and_mutation,No,No,1,No
1671,hoc_genomic_instability_and_mutation,No,Yes,0,Yes
1672,hoc_genomic_instability_and_mutation,No,No,1,No
1673,hoc_genomic_instability_and_mutation,Yes,Yes,1,Yes
1674,hoc_genomic_instability_and_mutation,No,No,1,No
1675,hoc_genomic_instability_and_mutation,No,No,1,No
1676,hoc_genomic_instability_and_mutation,No,No,1,No
1677,hoc_genomic_instability_and_mutation,Yes,Yes,1,Yes
1678,hoc_genomic_instability_and_mutation,No,No,1,No
1679,hoc_genomic_instability_and_mutation,No,No,1,No
1680,hoc_genomic_instability_and_mutation,No,No,1,No
1681,hoc_genomic_instability_and_mutation,No,No,1,No
1682,hoc_genomic_instability_and_mutation,No,No,1,No
1683,hoc_genomic_instability_and_mutation,No,No,1,No
1684,hoc_genomic_instability_and_mutation,No,No,1,No
1685,hoc_genomic_instability_and_mutation,No,No,1,No
1686,hoc_genomic_instability_and_mutation,No,No,1,No
1687,hoc_genomic_instability_and_mutation,No,No,1,No
1688,hoc_genomic_instability_and_mutation,No,No,1,No
1689,hoc_genomic_instability_and_mutation,No,No,1,No
1690,hoc_genomic_instability_and_mutation,No,No,1,No
1691,hoc_genomic_instability_and_mutation,No,No,1,No
1692,hoc_genomic_instability_and_mutation,No,Yes,0,Yes
1693,hoc_genomic_instability_and_mutation,No,No,1,No
1694,hoc_genomic_instability_and_mutation,No,No,1,No
1695,hoc_genomic_instability_and_mutation,Yes,Yes,1,Yes
1696,hoc_genomic_instability_and_mutation,No,No,1,No
1697,hoc_genomic_instability_and_mutation,Yes,Yes,1,Yes
1698,hoc_genomic_instability_and_mutation,No,No,1,No
1699,hoc_genomic_instability_and_mutation,No,No,1,No
1700,hoc_genomic_instability_and_mutation,No,No,1,No
1701,hoc_genomic_instability_and_mutation,No,No,1,No
1702,hoc_genomic_instability_and_mutation,No,Yes,0,Yes
1703,hoc_genomic_instability_and_mutation,No,No,1,No
1704,hoc_genomic_instability_and_mutation,No,Yes,0,Yes
1705,hoc_genomic_instability_and_mutation,No,No,1,No
1706,hoc_genomic_instability_and_mutation,No,No,1,No
1707,hoc_genomic_instability_and_mutation,No,No,1,No
1708,hoc_genomic_instability_and_mutation,No,No,1,No
1709,hoc_genomic_instability_and_mutation,Yes,Yes,1,Yes
1710,hoc_genomic_instability_and_mutation,No,No,1,No
1711,hoc_genomic_instability_and_mutation,No,No,1,No
1712,hoc_genomic_instability_and_mutation,No,No,1,No
1713,hoc_genomic_instability_and_mutation,No,No,1,No
1714,hoc_genomic_instability_and_mutation,Yes,Yes,1,Yes
1715,hoc_genomic_instability_and_mutation,No,No,1,No
1716,hoc_genomic_instability_and_mutation,No,No,1,No
1717,hoc_genomic_instability_and_mutation,Yes,Yes,1,Yes
1718,hoc_genomic_instability_and_mutation,Yes,Yes,1,Yes
1719,hoc_genomic_instability_and_mutation,No,No,1,No
1720,hoc_genomic_instability_and_mutation,No,No,1,No
1721,hoc_genomic_instability_and_mutation,No,No,1,No
1722,hoc_genomic_instability_and_mutation,No,No,1,No
1723,hoc_genomic_instability_and_mutation,No,No,1,No
1724,hoc_genomic_instability_and_mutation,Yes,Yes,1,Yes
1725,hoc_genomic_instability_and_mutation,Yes,No,0,No
1726,hoc_genomic_instability_and_mutation,No,No,1,No
1727,hoc_genomic_instability_and_mutation,No,No,1,No
1728,hoc_genomic_instability_and_mutation,No,No,1,No
1729,hoc_genomic_instability_and_mutation,No,No,1,No
1730,hoc_genomic_instability_and_mutation,No,Yes,0,Yes
1731,hoc_genomic_instability_and_mutation,No,No,1,No
1732,hoc_genomic_instability_and_mutation,No,No,1,No
1733,hoc_genomic_instability_and_mutation,No,No,1,No
1734,hoc_genomic_instability_and_mutation,No,No,1,No
1735,hoc_genomic_instability_and_mutation,No,No,1,No
1736,hoc_genomic_instability_and_mutation,No,No,1,No
1737,hoc_genomic_instability_and_mutation,No,No,1,No
1738,hoc_genomic_instability_and_mutation,No,No,1,No
1739,hoc_genomic_instability_and_mutation,No,No,1,No
1740,hoc_genomic_instability_and_mutation,Yes,Yes,1,Yes
1741,hoc_genomic_instability_and_mutation,No,No,1,No
1742,hoc_genomic_instability_and_mutation,No,No,1,No
1743,hoc_genomic_instability_and_mutation,No,No,1,No
1744,hoc_genomic_instability_and_mutation,Yes,Yes,1,Yes
1745,hoc_genomic_instability_and_mutation,No,No,1,No
1746,hoc_genomic_instability_and_mutation,No,No,1,No
1747,hoc_genomic_instability_and_mutation,No,No,1,No
1748,hoc_genomic_instability_and_mutation,Yes,Yes,1,Yes
1749,hoc_genomic_instability_and_mutation,No,No,1,No
1750,hoc_genomic_instability_and_mutation,No,No,1,No
1751,hoc_genomic_instability_and_mutation,No,No,1,No
1752,hoc_genomic_instability_and_mutation,No,No,1,No
1753,hoc_genomic_instability_and_mutation,No,No,1,No
1754,hoc_genomic_instability_and_mutation,No,No,1,No
1755,hoc_genomic_instability_and_mutation,No,No,1,No
1756,hoc_genomic_instability_and_mutation,Yes,Yes,1,Yes
1757,hoc_genomic_instability_and_mutation,No,No,1,No
1758,hoc_genomic_instability_and_mutation,No,No,1,No
1759,hoc_genomic_instability_and_mutation,No,No,1,No
1760,hoc_genomic_instability_and_mutation,No,No,1,No
1761,hoc_genomic_instability_and_mutation,No,No,1,No
1762,hoc_genomic_instability_and_mutation,Yes,Yes,1,Yes
1763,hoc_genomic_instability_and_mutation,No,No,1,No
1764,hoc_genomic_instability_and_mutation,No,No,1,No
1765,hoc_genomic_instability_and_mutation,No,No,1,No
1766,hoc_genomic_instability_and_mutation,No,No,1,No
1767,hoc_genomic_instability_and_mutation,No,No,1,No
1768,hoc_genomic_instability_and_mutation,No,No,1,No
1769,hoc_genomic_instability_and_mutation,No,No,1,No
1770,hoc_genomic_instability_and_mutation,No,No,1,No
1771,hoc_genomic_instability_and_mutation,No,No,1,No
1772,hoc_genomic_instability_and_mutation,No,No,1,No
1773,hoc_genomic_instability_and_mutation,No,No,1,No
1774,hoc_genomic_instability_and_mutation,No,No,1,No
1775,hoc_genomic_instability_and_mutation,No,No,1,No
1776,hoc_genomic_instability_and_mutation,No,No,1,No
1777,hoc_genomic_instability_and_mutation,No,No,1,No
1778,hoc_genomic_instability_and_mutation,No,No,1,No
1779,hoc_genomic_instability_and_mutation,No,No,1,No
1780,hoc_genomic_instability_and_mutation,Yes,Yes,1,Yes
1781,hoc_genomic_instability_and_mutation,No,No,1,No
1782,hoc_genomic_instability_and_mutation,No,No,1,No
1783,hoc_genomic_instability_and_mutation,No,No,1,No
1784,hoc_genomic_instability_and_mutation,No,No,1,No
1785,hoc_genomic_instability_and_mutation,No,No,1,No
1786,hoc_genomic_instability_and_mutation,No,No,1,No
1787,hoc_genomic_instability_and_mutation,No,No,1,No
1788,hoc_genomic_instability_and_mutation,No,No,1,No
1789,hoc_genomic_instability_and_mutation,Yes,Yes,1,Yes
1790,hoc_genomic_instability_and_mutation,Yes,Yes,1,Yes
1791,hoc_genomic_instability_and_mutation,No,No,1,No
1792,hoc_genomic_instability_and_mutation,No,No,1,No
1793,hoc_genomic_instability_and_mutation,Yes,Yes,1,Yes
1794,hoc_genomic_instability_and_mutation,No,No,1,No
1795,hoc_genomic_instability_and_mutation,No,No,1,No
1796,hoc_genomic_instability_and_mutation,No,No,1,No
1797,hoc_genomic_instability_and_mutation,Yes,Yes,1,Yes
1798,hoc_genomic_instability_and_mutation,No,No,1,No
1799,hoc_genomic_instability_and_mutation,No,No,1,No
1800,hoc_genomic_instability_and_mutation,Yes,Yes,1,Yes
1801,hoc_genomic_instability_and_mutation,No,No,1,No
1802,hoc_genomic_instability_and_mutation,No,No,1,No
1803,hoc_genomic_instability_and_mutation,Yes,No,0,No
1804,hoc_genomic_instability_and_mutation,No,No,1,No
1805,hoc_genomic_instability_and_mutation,No,No,1,No
1806,hoc_genomic_instability_and_mutation,No,No,1,No
1807,hoc_genomic_instability_and_mutation,Yes,Yes,1,Yes
1808,hoc_genomic_instability_and_mutation,No,No,1,No
1809,hoc_genomic_instability_and_mutation,No,No,1,No
1810,hoc_genomic_instability_and_mutation,No,No,1,No
1811,hoc_genomic_instability_and_mutation,Yes,Yes,1,Yes
1812,hoc_genomic_instability_and_mutation,Yes,No,0,No
1813,hoc_genomic_instability_and_mutation,No,No,1,No
1814,hoc_genomic_instability_and_mutation,No,Yes,0,Yes
1815,hoc_genomic_instability_and_mutation,Yes,No,0,No
1816,hoc_genomic_instability_and_mutation,No,No,1,No
1817,hoc_genomic_instability_and_mutation,No,No,1,No
1818,hoc_genomic_instability_and_mutation,No,No,1,No
1819,hoc_genomic_instability_and_mutation,No,No,1,No
1820,hoc_genomic_instability_and_mutation,No,No,1,No
1821,hoc_genomic_instability_and_mutation,No,No,1,No
1822,hoc_genomic_instability_and_mutation,No,No,1,No
1823,hoc_genomic_instability_and_mutation,No,No,1,No
1824,hoc_genomic_instability_and_mutation,No,No,1,No
1825,hoc_genomic_instability_and_mutation,No,No,1,No
1826,hoc_genomic_instability_and_mutation,Yes,Yes,1,Yes
1827,hoc_genomic_instability_and_mutation,No,No,1,No
1828,hoc_genomic_instability_and_mutation,No,No,1,No
1829,hoc_genomic_instability_and_mutation,No,No,1,No
1830,hoc_genomic_instability_and_mutation,No,No,1,No
1831,hoc_genomic_instability_and_mutation,No,No,1,No
1832,hoc_genomic_instability_and_mutation,No,No,1,No
1833,hoc_genomic_instability_and_mutation,No,No,1,No
1834,hoc_genomic_instability_and_mutation,Yes,No,0,No
1835,hoc_genomic_instability_and_mutation,No,No,1,No
1836,hoc_genomic_instability_and_mutation,No,No,1,No
1837,hoc_genomic_instability_and_mutation,No,No,1,No
1838,hoc_genomic_instability_and_mutation,No,No,1,No
1839,hoc_genomic_instability_and_mutation,No,No,1,No
1840,hoc_genomic_instability_and_mutation,No,No,1,No
1841,hoc_genomic_instability_and_mutation,No,Yes,0,Yes
1842,hoc_genomic_instability_and_mutation,Yes,Yes,1,Yes
1843,hoc_genomic_instability_and_mutation,No,No,1,No
1844,hoc_genomic_instability_and_mutation,No,No,1,No
1845,hoc_genomic_instability_and_mutation,No,No,1,No
1846,hoc_genomic_instability_and_mutation,Yes,Yes,1,Yes
1847,hoc_genomic_instability_and_mutation,No,Yes,0,Yes
1848,hoc_genomic_instability_and_mutation,No,No,1,No
1849,hoc_genomic_instability_and_mutation,No,No,1,No
1850,hoc_genomic_instability_and_mutation,No,No,1,No
1851,hoc_genomic_instability_and_mutation,No,No,1,No
0,hoc_inducing_angiogenesis,No,No,1,No
1,hoc_inducing_angiogenesis,No,No,1,No
2,hoc_inducing_angiogenesis,No,No,1,No
3,hoc_inducing_angiogenesis,No,No,1,No
4,hoc_inducing_angiogenesis,No,No,1,No
5,hoc_inducing_angiogenesis,No,Yes,0,Yes
6,hoc_inducing_angiogenesis,No,No,1,No
7,hoc_inducing_angiogenesis,No,No,1,No
8,hoc_inducing_angiogenesis,No,No,1,No
9,hoc_inducing_angiogenesis,No,No,1,No
10,hoc_inducing_angiogenesis,No,No,1,No
11,hoc_inducing_angiogenesis,No,No,1,No
12,hoc_inducing_angiogenesis,No,No,1,No
13,hoc_inducing_angiogenesis,No,No,1,No
14,hoc_inducing_angiogenesis,No,No,1,No
15,hoc_inducing_angiogenesis,Yes,Yes,1,Yes
16,hoc_inducing_angiogenesis,No,No,1,No
17,hoc_inducing_angiogenesis,No,No,1,No
18,hoc_inducing_angiogenesis,No,No,1,No
19,hoc_inducing_angiogenesis,No,No,1,No
20,hoc_inducing_angiogenesis,No,No,1,No
21,hoc_inducing_angiogenesis,No,No,1,No
22,hoc_inducing_angiogenesis,No,No,1,No
23,hoc_inducing_angiogenesis,No,No,1,No
24,hoc_inducing_angiogenesis,No,No,1,No
25,hoc_inducing_angiogenesis,No,No,1,No
26,hoc_inducing_angiogenesis,No,No,1,No
27,hoc_inducing_angiogenesis,No,No,1,No
28,hoc_inducing_angiogenesis,No,No,1,No
29,hoc_inducing_angiogenesis,No,No,1,No
30,hoc_inducing_angiogenesis,No,No,1,No
31,hoc_inducing_angiogenesis,No,No,1,No
32,hoc_inducing_angiogenesis,No,No,1,No
33,hoc_inducing_angiogenesis,No,No,1,No
34,hoc_inducing_angiogenesis,No,No,1,No
35,hoc_inducing_angiogenesis,No,No,1,No
36,hoc_inducing_angiogenesis,No,No,1,No
37,hoc_inducing_angiogenesis,No,No,1,No
38,hoc_inducing_angiogenesis,No,No,1,No
39,hoc_inducing_angiogenesis,No,No,1,No
40,hoc_inducing_angiogenesis,No,No,1,No
41,hoc_inducing_angiogenesis,No,No,1,No
42,hoc_inducing_angiogenesis,No,No,1,No
43,hoc_inducing_angiogenesis,No,No,1,No
44,hoc_inducing_angiogenesis,No,No,1,No
45,hoc_inducing_angiogenesis,No,No,1,No
46,hoc_inducing_angiogenesis,No,No,1,No
47,hoc_inducing_angiogenesis,No,No,1,No
48,hoc_inducing_angiogenesis,No,No,1,No
49,hoc_inducing_angiogenesis,Yes,Yes,1,Yes
50,hoc_inducing_angiogenesis,No,No,1,No
51,hoc_inducing_angiogenesis,No,No,1,No
52,hoc_inducing_angiogenesis,No,No,1,No
53,hoc_inducing_angiogenesis,No,No,1,No
54,hoc_inducing_angiogenesis,No,No,1,No
55,hoc_inducing_angiogenesis,No,No,1,No
56,hoc_inducing_angiogenesis,No,No,1,No
57,hoc_inducing_angiogenesis,No,No,1,No
58,hoc_inducing_angiogenesis,No,No,1,No
59,hoc_inducing_angiogenesis,No,No,1,No
60,hoc_inducing_angiogenesis,No,No,1,No
61,hoc_inducing_angiogenesis,No,No,1,No
62,hoc_inducing_angiogenesis,No,No,1,No
63,hoc_inducing_angiogenesis,No,No,1,No
64,hoc_inducing_angiogenesis,No,No,1,No
65,hoc_inducing_angiogenesis,No,No,1,No
66,hoc_inducing_angiogenesis,No,No,1,No
67,hoc_inducing_angiogenesis,No,No,1,No
68,hoc_inducing_angiogenesis,No,No,1,No
69,hoc_inducing_angiogenesis,No,No,1,No
70,hoc_inducing_angiogenesis,No,No,1,No
71,hoc_inducing_angiogenesis,No,No,1,No
72,hoc_inducing_angiogenesis,No,No,1,No
73,hoc_inducing_angiogenesis,No,No,1,No
74,hoc_inducing_angiogenesis,No,No,1,No
75,hoc_inducing_angiogenesis,No,No,1,No
76,hoc_inducing_angiogenesis,No,No,1,No
77,hoc_inducing_angiogenesis,No,No,1,No
78,hoc_inducing_angiogenesis,No,No,1,No
79,hoc_inducing_angiogenesis,No,No,1,No
80,hoc_inducing_angiogenesis,No,No,1,No
81,hoc_inducing_angiogenesis,No,No,1,No
82,hoc_inducing_angiogenesis,Yes,Yes,1,Yes
83,hoc_inducing_angiogenesis,No,No,1,No
84,hoc_inducing_angiogenesis,No,No,1,No
85,hoc_inducing_angiogenesis,No,No,1,No
86,hoc_inducing_angiogenesis,No,No,1,No
87,hoc_inducing_angiogenesis,Yes,Yes,1,Yes
88,hoc_inducing_angiogenesis,No,No,1,No
89,hoc_inducing_angiogenesis,No,No,1,No
90,hoc_inducing_angiogenesis,No,No,1,No
91,hoc_inducing_angiogenesis,No,No,1,No
92,hoc_inducing_angiogenesis,No,No,1,No
93,hoc_inducing_angiogenesis,No,No,1,No
94,hoc_inducing_angiogenesis,No,No,1,No
95,hoc_inducing_angiogenesis,No,No,1,No
96,hoc_inducing_angiogenesis,No,No,1,No
97,hoc_inducing_angiogenesis,No,No,1,No
98,hoc_inducing_angiogenesis,No,No,1,No
99,hoc_inducing_angiogenesis,No,No,1,No
100,hoc_inducing_angiogenesis,No,No,1,No
101,hoc_inducing_angiogenesis,No,No,1,No
102,hoc_inducing_angiogenesis,No,No,1,No
103,hoc_inducing_angiogenesis,No,No,1,No
104,hoc_inducing_angiogenesis,No,No,1,No
105,hoc_inducing_angiogenesis,No,No,1,No
106,hoc_inducing_angiogenesis,No,No,1,No
107,hoc_inducing_angiogenesis,No,No,1,No
108,hoc_inducing_angiogenesis,No,No,1,No
109,hoc_inducing_angiogenesis,No,No,1,No
110,hoc_inducing_angiogenesis,No,No,1,No
111,hoc_inducing_angiogenesis,No,No,1,No
112,hoc_inducing_angiogenesis,No,No,1,No
113,hoc_inducing_angiogenesis,No,No,1,No
114,hoc_inducing_angiogenesis,No,No,1,No
115,hoc_inducing_angiogenesis,No,No,1,No
116,hoc_inducing_angiogenesis,No,No,1,No
117,hoc_inducing_angiogenesis,No,No,1,No
118,hoc_inducing_angiogenesis,No,No,1,No
119,hoc_inducing_angiogenesis,No,No,1,No
120,hoc_inducing_angiogenesis,Yes,Yes,1,Yes
121,hoc_inducing_angiogenesis,No,No,1,No
122,hoc_inducing_angiogenesis,No,No,1,No
123,hoc_inducing_angiogenesis,No,No,1,No
124,hoc_inducing_angiogenesis,No,No,1,No
125,hoc_inducing_angiogenesis,No,No,1,No
126,hoc_inducing_angiogenesis,No,No,1,No
127,hoc_inducing_angiogenesis,No,No,1,No
128,hoc_inducing_angiogenesis,No,No,1,No
129,hoc_inducing_angiogenesis,No,No,1,No
130,hoc_inducing_angiogenesis,No,No,1,No
131,hoc_inducing_angiogenesis,No,No,1,No
132,hoc_inducing_angiogenesis,No,No,1,No
133,hoc_inducing_angiogenesis,No,No,1,No
134,hoc_inducing_angiogenesis,No,No,1,No
135,hoc_inducing_angiogenesis,No,No,1,No
136,hoc_inducing_angiogenesis,No,No,1,No
137,hoc_inducing_angiogenesis,No,No,1,No
138,hoc_inducing_angiogenesis,No,No,1,No
139,hoc_inducing_angiogenesis,No,No,1,No
140,hoc_inducing_angiogenesis,No,No,1,No
141,hoc_inducing_angiogenesis,No,No,1,No
142,hoc_inducing_angiogenesis,No,No,1,No
143,hoc_inducing_angiogenesis,No,No,1,No
144,hoc_inducing_angiogenesis,No,No,1,No
145,hoc_inducing_angiogenesis,No,No,1,No
146,hoc_inducing_angiogenesis,No,No,1,No
147,hoc_inducing_angiogenesis,No,No,1,No
148,hoc_inducing_angiogenesis,No,No,1,No
149,hoc_inducing_angiogenesis,No,No,1,No
150,hoc_inducing_angiogenesis,No,No,1,No
151,hoc_inducing_angiogenesis,No,No,1,No
152,hoc_inducing_angiogenesis,No,No,1,No
153,hoc_inducing_angiogenesis,No,No,1,No
154,hoc_inducing_angiogenesis,No,No,1,No
155,hoc_inducing_angiogenesis,No,No,1,No
156,hoc_inducing_angiogenesis,No,No,1,No
157,hoc_inducing_angiogenesis,No,No,1,No
158,hoc_inducing_angiogenesis,Yes,Yes,1,Yes
159,hoc_inducing_angiogenesis,No,No,1,No
160,hoc_inducing_angiogenesis,No,No,1,No
161,hoc_inducing_angiogenesis,No,No,1,No
162,hoc_inducing_angiogenesis,No,No,1,No
163,hoc_inducing_angiogenesis,No,No,1,No
164,hoc_inducing_angiogenesis,No,No,1,No
165,hoc_inducing_angiogenesis,Yes,Yes,1,Yes
166,hoc_inducing_angiogenesis,Yes,Yes,1,Yes
167,hoc_inducing_angiogenesis,No,No,1,No
168,hoc_inducing_angiogenesis,No,No,1,No
169,hoc_inducing_angiogenesis,No,No,1,No
170,hoc_inducing_angiogenesis,Yes,Yes,1,Yes
171,hoc_inducing_angiogenesis,No,No,1,No
172,hoc_inducing_angiogenesis,No,No,1,No
173,hoc_inducing_angiogenesis,No,No,1,No
174,hoc_inducing_angiogenesis,No,No,1,No
175,hoc_inducing_angiogenesis,No,No,1,No
176,hoc_inducing_angiogenesis,No,No,1,No
177,hoc_inducing_angiogenesis,No,No,1,No
178,hoc_inducing_angiogenesis,No,No,1,No
179,hoc_inducing_angiogenesis,No,No,1,No
180,hoc_inducing_angiogenesis,Yes,No,0,No
181,hoc_inducing_angiogenesis,Yes,Yes,1,Yes
182,hoc_inducing_angiogenesis,No,No,1,No
183,hoc_inducing_angiogenesis,No,No,1,No
184,hoc_inducing_angiogenesis,No,No,1,No
185,hoc_inducing_angiogenesis,No,No,1,No
186,hoc_inducing_angiogenesis,Yes,No,0,No
187,hoc_inducing_angiogenesis,No,No,1,No
188,hoc_inducing_angiogenesis,No,No,1,No
189,hoc_inducing_angiogenesis,No,No,1,No
190,hoc_inducing_angiogenesis,No,No,1,No
191,hoc_inducing_angiogenesis,No,No,1,No
192,hoc_inducing_angiogenesis,No,No,1,No
193,hoc_inducing_angiogenesis,No,No,1,No
194,hoc_inducing_angiogenesis,No,No,1,No
195,hoc_inducing_angiogenesis,No,No,1,No
196,hoc_inducing_angiogenesis,No,No,1,No
197,hoc_inducing_angiogenesis,No,Yes,0,Yes
198,hoc_inducing_angiogenesis,No,No,1,No
199,hoc_inducing_angiogenesis,No,No,1,No
200,hoc_inducing_angiogenesis,No,No,1,No
201,hoc_inducing_angiogenesis,No,No,1,No
202,hoc_inducing_angiogenesis,No,No,1,No
203,hoc_inducing_angiogenesis,No,No,1,No
204,hoc_inducing_angiogenesis,No,No,1,No
205,hoc_inducing_angiogenesis,No,No,1,No
206,hoc_inducing_angiogenesis,No,No,1,No
207,hoc_inducing_angiogenesis,Yes,No,0,No
208,hoc_inducing_angiogenesis,No,No,1,No
209,hoc_inducing_angiogenesis,No,No,1,No
210,hoc_inducing_angiogenesis,No,No,1,No
211,hoc_inducing_angiogenesis,No,No,1,No
212,hoc_inducing_angiogenesis,No,No,1,No
213,hoc_inducing_angiogenesis,No,No,1,No
214,hoc_inducing_angiogenesis,No,No,1,No
215,hoc_inducing_angiogenesis,Yes,Yes,1,Yes
216,hoc_inducing_angiogenesis,No,No,1,No
217,hoc_inducing_angiogenesis,No,No,1,No
218,hoc_inducing_angiogenesis,No,No,1,No
219,hoc_inducing_angiogenesis,No,No,1,No
220,hoc_inducing_angiogenesis,No,No,1,No
221,hoc_inducing_angiogenesis,No,No,1,No
222,hoc_inducing_angiogenesis,Yes,Yes,1,Yes
223,hoc_inducing_angiogenesis,No,No,1,No
224,hoc_inducing_angiogenesis,No,No,1,No
225,hoc_inducing_angiogenesis,No,No,1,No
226,hoc_inducing_angiogenesis,No,No,1,No
227,hoc_inducing_angiogenesis,No,No,1,No
228,hoc_inducing_angiogenesis,No,No,1,No
229,hoc_inducing_angiogenesis,Yes,No,0,No
230,hoc_inducing_angiogenesis,No,No,1,No
231,hoc_inducing_angiogenesis,No,No,1,No
232,hoc_inducing_angiogenesis,No,No,1,No
233,hoc_inducing_angiogenesis,No,No,1,No
234,hoc_inducing_angiogenesis,Yes,Yes,1,Yes
235,hoc_inducing_angiogenesis,No,No,1,No
236,hoc_inducing_angiogenesis,No,No,1,No
237,hoc_inducing_angiogenesis,No,No,1,No
238,hoc_inducing_angiogenesis,No,No,1,No
239,hoc_inducing_angiogenesis,No,No,1,No
240,hoc_inducing_angiogenesis,No,No,1,No
241,hoc_inducing_angiogenesis,No,Yes,0,Yes
242,hoc_inducing_angiogenesis,No,No,1,No
243,hoc_inducing_angiogenesis,No,No,1,No
244,hoc_inducing_angiogenesis,No,No,1,No
245,hoc_inducing_angiogenesis,No,No,1,No
246,hoc_inducing_angiogenesis,No,No,1,No
247,hoc_inducing_angiogenesis,Yes,Yes,1,Yes
248,hoc_inducing_angiogenesis,No,No,1,No
249,hoc_inducing_angiogenesis,Yes,Yes,1,Yes
250,hoc_inducing_angiogenesis,No,No,1,No
251,hoc_inducing_angiogenesis,No,No,1,No
252,hoc_inducing_angiogenesis,No,No,1,No
253,hoc_inducing_angiogenesis,No,No,1,No
254,hoc_inducing_angiogenesis,No,No,1,No
255,hoc_inducing_angiogenesis,No,No,1,No
256,hoc_inducing_angiogenesis,No,No,1,No
257,hoc_inducing_angiogenesis,No,No,1,No
258,hoc_inducing_angiogenesis,No,No,1,No
259,hoc_inducing_angiogenesis,No,No,1,No
260,hoc_inducing_angiogenesis,No,No,1,No
261,hoc_inducing_angiogenesis,Yes,Yes,1,Yes
262,hoc_inducing_angiogenesis,No,No,1,No
263,hoc_inducing_angiogenesis,No,No,1,No
264,hoc_inducing_angiogenesis,No,No,1,No
265,hoc_inducing_angiogenesis,No,No,1,No
266,hoc_inducing_angiogenesis,No,No,1,No
267,hoc_inducing_angiogenesis,No,No,1,No
268,hoc_inducing_angiogenesis,No,No,1,No
269,hoc_inducing_angiogenesis,No,No,1,No
270,hoc_inducing_angiogenesis,No,No,1,No
271,hoc_inducing_angiogenesis,No,No,1,No
272,hoc_inducing_angiogenesis,No,No,1,No
273,hoc_inducing_angiogenesis,No,No,1,No
274,hoc_inducing_angiogenesis,No,No,1,No
275,hoc_inducing_angiogenesis,No,No,1,No
276,hoc_inducing_angiogenesis,Yes,No,0,No
277,hoc_inducing_angiogenesis,No,No,1,No
278,hoc_inducing_angiogenesis,No,No,1,No
279,hoc_inducing_angiogenesis,No,No,1,No
280,hoc_inducing_angiogenesis,No,No,1,No
281,hoc_inducing_angiogenesis,No,No,1,No
282,hoc_inducing_angiogenesis,No,No,1,No
283,hoc_inducing_angiogenesis,No,No,1,No
284,hoc_inducing_angiogenesis,No,No,1,No
285,hoc_inducing_angiogenesis,No,No,1,No
286,hoc_inducing_angiogenesis,No,No,1,No
287,hoc_inducing_angiogenesis,No,No,1,No
288,hoc_inducing_angiogenesis,Yes,Yes,1,Yes
289,hoc_inducing_angiogenesis,No,No,1,No
290,hoc_inducing_angiogenesis,Yes,Yes,1,Yes
291,hoc_inducing_angiogenesis,Yes,Yes,1,Yes
292,hoc_inducing_angiogenesis,No,No,1,No
293,hoc_inducing_angiogenesis,Yes,Yes,1,Yes
294,hoc_inducing_angiogenesis,No,No,1,No
295,hoc_inducing_angiogenesis,Yes,Yes,1,Yes
296,hoc_inducing_angiogenesis,Yes,Yes,1,Yes
297,hoc_inducing_angiogenesis,Yes,Yes,1,Yes
298,hoc_inducing_angiogenesis,No,No,1,No
299,hoc_inducing_angiogenesis,No,No,1,No
300,hoc_inducing_angiogenesis,No,No,1,No
301,hoc_inducing_angiogenesis,No,No,1,No
302,hoc_inducing_angiogenesis,Yes,Yes,1,Yes
303,hoc_inducing_angiogenesis,No,No,1,No
304,hoc_inducing_angiogenesis,No,No,1,No
305,hoc_inducing_angiogenesis,No,No,1,No
306,hoc_inducing_angiogenesis,No,No,1,No
307,hoc_inducing_angiogenesis,No,No,1,No
308,hoc_inducing_angiogenesis,No,No,1,No
309,hoc_inducing_angiogenesis,No,No,1,No
310,hoc_inducing_angiogenesis,No,No,1,No
311,hoc_inducing_angiogenesis,No,No,1,No
312,hoc_inducing_angiogenesis,No,No,1,No
313,hoc_inducing_angiogenesis,No,No,1,No
314,hoc_inducing_angiogenesis,No,No,1,No
315,hoc_inducing_angiogenesis,Yes,Yes,1,Yes
316,hoc_inducing_angiogenesis,No,No,1,No
317,hoc_inducing_angiogenesis,No,No,1,No
318,hoc_inducing_angiogenesis,No,Yes,0,Yes
319,hoc_inducing_angiogenesis,No,No,1,No
320,hoc_inducing_angiogenesis,No,No,1,No
321,hoc_inducing_angiogenesis,No,No,1,No
322,hoc_inducing_angiogenesis,No,No,1,No
323,hoc_inducing_angiogenesis,No,No,1,No
324,hoc_inducing_angiogenesis,No,No,1,No
325,hoc_inducing_angiogenesis,No,No,1,No
326,hoc_inducing_angiogenesis,No,No,1,No
327,hoc_inducing_angiogenesis,No,No,1,No
328,hoc_inducing_angiogenesis,No,No,1,No
329,hoc_inducing_angiogenesis,No,No,1,No
330,hoc_inducing_angiogenesis,No,No,1,No
331,hoc_inducing_angiogenesis,No,No,1,No
332,hoc_inducing_angiogenesis,No,No,1,No
333,hoc_inducing_angiogenesis,No,No,1,No
334,hoc_inducing_angiogenesis,No,No,1,No
335,hoc_inducing_angiogenesis,No,No,1,No
336,hoc_inducing_angiogenesis,No,No,1,No
337,hoc_inducing_angiogenesis,No,No,1,No
338,hoc_inducing_angiogenesis,No,No,1,No
339,hoc_inducing_angiogenesis,No,No,1,No
340,hoc_inducing_angiogenesis,No,No,1,No
341,hoc_inducing_angiogenesis,No,No,1,No
342,hoc_inducing_angiogenesis,No,No,1,No
343,hoc_inducing_angiogenesis,No,No,1,No
344,hoc_inducing_angiogenesis,No,No,1,No
345,hoc_inducing_angiogenesis,No,No,1,No
346,hoc_inducing_angiogenesis,No,No,1,No
347,hoc_inducing_angiogenesis,No,No,1,No
348,hoc_inducing_angiogenesis,No,No,1,No
349,hoc_inducing_angiogenesis,No,No,1,No
350,hoc_inducing_angiogenesis,No,No,1,No
351,hoc_inducing_angiogenesis,No,No,1,No
352,hoc_inducing_angiogenesis,No,No,1,No
353,hoc_inducing_angiogenesis,No,No,1,No
354,hoc_inducing_angiogenesis,No,No,1,No
355,hoc_inducing_angiogenesis,No,No,1,No
356,hoc_inducing_angiogenesis,No,No,1,No
357,hoc_inducing_angiogenesis,No,No,1,No
358,hoc_inducing_angiogenesis,No,No,1,No
359,hoc_inducing_angiogenesis,No,No,1,No
360,hoc_inducing_angiogenesis,No,No,1,No
361,hoc_inducing_angiogenesis,No,No,1,No
362,hoc_inducing_angiogenesis,No,No,1,No
363,hoc_inducing_angiogenesis,No,No,1,No
364,hoc_inducing_angiogenesis,No,No,1,No
365,hoc_inducing_angiogenesis,No,No,1,No
366,hoc_inducing_angiogenesis,No,No,1,No
367,hoc_inducing_angiogenesis,No,Yes,0,Yes
368,hoc_inducing_angiogenesis,No,No,1,No
369,hoc_inducing_angiogenesis,No,No,1,No
370,hoc_inducing_angiogenesis,No,No,1,No
371,hoc_inducing_angiogenesis,No,No,1,No
372,hoc_inducing_angiogenesis,No,No,1,No
373,hoc_inducing_angiogenesis,No,No,1,No
374,hoc_inducing_angiogenesis,No,No,1,No
375,hoc_inducing_angiogenesis,No,No,1,No
376,hoc_inducing_angiogenesis,No,No,1,No
377,hoc_inducing_angiogenesis,No,No,1,No
378,hoc_inducing_angiogenesis,No,No,1,No
379,hoc_inducing_angiogenesis,No,No,1,No
380,hoc_inducing_angiogenesis,No,No,1,No
381,hoc_inducing_angiogenesis,No,No,1,No
382,hoc_inducing_angiogenesis,Yes,Yes,1,Yes
383,hoc_inducing_angiogenesis,No,No,1,No
384,hoc_inducing_angiogenesis,No,No,1,No
385,hoc_inducing_angiogenesis,No,No,1,No
386,hoc_inducing_angiogenesis,Yes,No,0,No
387,hoc_inducing_angiogenesis,No,No,1,No
388,hoc_inducing_angiogenesis,No,No,1,No
389,hoc_inducing_angiogenesis,No,No,1,No
390,hoc_inducing_angiogenesis,No,No,1,No
391,hoc_inducing_angiogenesis,No,No,1,No
392,hoc_inducing_angiogenesis,No,No,1,No
393,hoc_inducing_angiogenesis,No,No,1,No
394,hoc_inducing_angiogenesis,No,No,1,No
395,hoc_inducing_angiogenesis,No,No,1,No
396,hoc_inducing_angiogenesis,No,No,1,No
397,hoc_inducing_angiogenesis,No,No,1,No
398,hoc_inducing_angiogenesis,No,No,1,No
399,hoc_inducing_angiogenesis,No,No,1,No
400,hoc_inducing_angiogenesis,No,No,1,No
401,hoc_inducing_angiogenesis,No,No,1,No
402,hoc_inducing_angiogenesis,No,No,1,No
403,hoc_inducing_angiogenesis,No,No,1,No
404,hoc_inducing_angiogenesis,No,No,1,No
405,hoc_inducing_angiogenesis,No,No,1,No
406,hoc_inducing_angiogenesis,No,No,1,No
407,hoc_inducing_angiogenesis,No,No,1,No
408,hoc_inducing_angiogenesis,No,No,1,No
409,hoc_inducing_angiogenesis,No,No,1,No
410,hoc_inducing_angiogenesis,No,No,1,No
411,hoc_inducing_angiogenesis,No,No,1,No
412,hoc_inducing_angiogenesis,No,No,1,No
413,hoc_inducing_angiogenesis,No,No,1,No
414,hoc_inducing_angiogenesis,Yes,Yes,1,Yes
415,hoc_inducing_angiogenesis,No,No,1,No
416,hoc_inducing_angiogenesis,No,No,1,No
417,hoc_inducing_angiogenesis,No,No,1,No
418,hoc_inducing_angiogenesis,No,No,1,No
419,hoc_inducing_angiogenesis,No,No,1,No
420,hoc_inducing_angiogenesis,No,No,1,No
421,hoc_inducing_angiogenesis,No,No,1,No
422,hoc_inducing_angiogenesis,No,No,1,No
423,hoc_inducing_angiogenesis,No,No,1,No
424,hoc_inducing_angiogenesis,No,No,1,No
425,hoc_inducing_angiogenesis,No,No,1,No
426,hoc_inducing_angiogenesis,No,Yes,0,Yes
427,hoc_inducing_angiogenesis,No,No,1,No
428,hoc_inducing_angiogenesis,No,No,1,No
429,hoc_inducing_angiogenesis,No,No,1,No
430,hoc_inducing_angiogenesis,No,No,1,No
431,hoc_inducing_angiogenesis,No,No,1,No
432,hoc_inducing_angiogenesis,No,No,1,No
433,hoc_inducing_angiogenesis,No,No,1,No
434,hoc_inducing_angiogenesis,No,No,1,No
435,hoc_inducing_angiogenesis,No,No,1,No
436,hoc_inducing_angiogenesis,No,No,1,No
437,hoc_inducing_angiogenesis,No,No,1,No
438,hoc_inducing_angiogenesis,No,No,1,No
439,hoc_inducing_angiogenesis,No,No,1,No
440,hoc_inducing_angiogenesis,No,No,1,No
441,hoc_inducing_angiogenesis,No,No,1,No
442,hoc_inducing_angiogenesis,No,No,1,No
443,hoc_inducing_angiogenesis,No,No,1,No
444,hoc_inducing_angiogenesis,No,No,1,No
445,hoc_inducing_angiogenesis,No,No,1,No
446,hoc_inducing_angiogenesis,No,No,1,No
447,hoc_inducing_angiogenesis,No,No,1,No
448,hoc_inducing_angiogenesis,No,No,1,No
449,hoc_inducing_angiogenesis,No,No,1,No
450,hoc_inducing_angiogenesis,No,No,1,No
451,hoc_inducing_angiogenesis,No,No,1,No
452,hoc_inducing_angiogenesis,No,No,1,No
453,hoc_inducing_angiogenesis,No,No,1,No
454,hoc_inducing_angiogenesis,Yes,Yes,1,Yes
455,hoc_inducing_angiogenesis,No,No,1,No
456,hoc_inducing_angiogenesis,No,No,1,No
457,hoc_inducing_angiogenesis,No,No,1,No
458,hoc_inducing_angiogenesis,No,No,1,No
459,hoc_inducing_angiogenesis,No,No,1,No
460,hoc_inducing_angiogenesis,No,Yes,0,Yes
461,hoc_inducing_angiogenesis,No,No,1,No
462,hoc_inducing_angiogenesis,No,No,1,No
463,hoc_inducing_angiogenesis,No,No,1,No
464,hoc_inducing_angiogenesis,No,No,1,No
465,hoc_inducing_angiogenesis,No,No,1,No
466,hoc_inducing_angiogenesis,No,No,1,No
467,hoc_inducing_angiogenesis,No,No,1,No
468,hoc_inducing_angiogenesis,No,No,1,No
469,hoc_inducing_angiogenesis,No,No,1,No
470,hoc_inducing_angiogenesis,No,Yes,0,Yes
471,hoc_inducing_angiogenesis,No,No,1,No
472,hoc_inducing_angiogenesis,No,No,1,No
473,hoc_inducing_angiogenesis,No,No,1,No
474,hoc_inducing_angiogenesis,No,No,1,No
475,hoc_inducing_angiogenesis,No,No,1,No
476,hoc_inducing_angiogenesis,No,No,1,No
477,hoc_inducing_angiogenesis,No,No,1,No
478,hoc_inducing_angiogenesis,No,No,1,No
479,hoc_inducing_angiogenesis,Yes,No,0,No
480,hoc_inducing_angiogenesis,No,No,1,No
481,hoc_inducing_angiogenesis,No,No,1,No
482,hoc_inducing_angiogenesis,No,No,1,No
483,hoc_inducing_angiogenesis,No,No,1,No
484,hoc_inducing_angiogenesis,No,Yes,0,Yes
485,hoc_inducing_angiogenesis,No,No,1,No
486,hoc_inducing_angiogenesis,No,No,1,No
487,hoc_inducing_angiogenesis,No,No,1,No
488,hoc_inducing_angiogenesis,No,No,1,No
489,hoc_inducing_angiogenesis,No,No,1,No
490,hoc_inducing_angiogenesis,No,No,1,No
491,hoc_inducing_angiogenesis,No,No,1,No
492,hoc_inducing_angiogenesis,No,No,1,No
493,hoc_inducing_angiogenesis,No,No,1,No
494,hoc_inducing_angiogenesis,No,No,1,No
495,hoc_inducing_angiogenesis,No,No,1,No
496,hoc_inducing_angiogenesis,No,No,1,No
497,hoc_inducing_angiogenesis,No,No,1,No
498,hoc_inducing_angiogenesis,No,No,1,No
499,hoc_inducing_angiogenesis,No,No,1,No
500,hoc_inducing_angiogenesis,No,No,1,No
501,hoc_inducing_angiogenesis,No,Yes,0,Yes
502,hoc_inducing_angiogenesis,No,No,1,No
503,hoc_inducing_angiogenesis,No,No,1,No
504,hoc_inducing_angiogenesis,No,No,1,No
505,hoc_inducing_angiogenesis,No,No,1,No
506,hoc_inducing_angiogenesis,No,No,1,No
507,hoc_inducing_angiogenesis,No,No,1,No
508,hoc_inducing_angiogenesis,No,No,1,No
509,hoc_inducing_angiogenesis,No,No,1,No
510,hoc_inducing_angiogenesis,No,No,1,No
511,hoc_inducing_angiogenesis,No,No,1,No
512,hoc_inducing_angiogenesis,No,No,1,No
513,hoc_inducing_angiogenesis,No,No,1,No
514,hoc_inducing_angiogenesis,No,No,1,No
515,hoc_inducing_angiogenesis,No,No,1,No
516,hoc_inducing_angiogenesis,No,No,1,No
517,hoc_inducing_angiogenesis,No,No,1,No
518,hoc_inducing_angiogenesis,No,No,1,No
519,hoc_inducing_angiogenesis,No,No,1,No
520,hoc_inducing_angiogenesis,No,No,1,No
521,hoc_inducing_angiogenesis,No,No,1,No
522,hoc_inducing_angiogenesis,No,No,1,No
523,hoc_inducing_angiogenesis,No,No,1,No
524,hoc_inducing_angiogenesis,No,No,1,No
525,hoc_inducing_angiogenesis,No,No,1,No
526,hoc_inducing_angiogenesis,No,No,1,No
527,hoc_inducing_angiogenesis,No,No,1,No
528,hoc_inducing_angiogenesis,No,No,1,No
529,hoc_inducing_angiogenesis,No,Yes,0,Yes
530,hoc_inducing_angiogenesis,No,No,1,No
531,hoc_inducing_angiogenesis,No,No,1,No
532,hoc_inducing_angiogenesis,No,No,1,No
533,hoc_inducing_angiogenesis,No,No,1,No
534,hoc_inducing_angiogenesis,No,No,1,No
535,hoc_inducing_angiogenesis,No,No,1,No
536,hoc_inducing_angiogenesis,No,No,1,No
537,hoc_inducing_angiogenesis,No,No,1,No
538,hoc_inducing_angiogenesis,No,No,1,No
539,hoc_inducing_angiogenesis,No,No,1,No
540,hoc_inducing_angiogenesis,No,No,1,No
541,hoc_inducing_angiogenesis,No,No,1,No
542,hoc_inducing_angiogenesis,No,No,1,No
543,hoc_inducing_angiogenesis,No,No,1,No
544,hoc_inducing_angiogenesis,No,No,1,No
545,hoc_inducing_angiogenesis,No,Yes,0,Yes
546,hoc_inducing_angiogenesis,No,No,1,No
547,hoc_inducing_angiogenesis,No,No,1,No
548,hoc_inducing_angiogenesis,No,No,1,No
549,hoc_inducing_angiogenesis,No,No,1,No
550,hoc_inducing_angiogenesis,No,No,1,No
551,hoc_inducing_angiogenesis,No,No,1,No
552,hoc_inducing_angiogenesis,No,No,1,No
553,hoc_inducing_angiogenesis,Yes,Yes,1,Yes
554,hoc_inducing_angiogenesis,No,No,1,No
555,hoc_inducing_angiogenesis,No,No,1,No
556,hoc_inducing_angiogenesis,No,No,1,No
557,hoc_inducing_angiogenesis,No,No,1,No
558,hoc_inducing_angiogenesis,No,No,1,No
559,hoc_inducing_angiogenesis,No,No,1,No
560,hoc_inducing_angiogenesis,No,No,1,No
561,hoc_inducing_angiogenesis,No,No,1,No
562,hoc_inducing_angiogenesis,No,No,1,No
563,hoc_inducing_angiogenesis,No,No,1,No
564,hoc_inducing_angiogenesis,No,No,1,No
565,hoc_inducing_angiogenesis,No,No,1,No
566,hoc_inducing_angiogenesis,No,No,1,No
567,hoc_inducing_angiogenesis,No,No,1,No
568,hoc_inducing_angiogenesis,Yes,Yes,1,Yes
569,hoc_inducing_angiogenesis,No,No,1,No
570,hoc_inducing_angiogenesis,No,No,1,No
571,hoc_inducing_angiogenesis,No,Yes,0,Yes
572,hoc_inducing_angiogenesis,No,No,1,No
573,hoc_inducing_angiogenesis,No,No,1,No
574,hoc_inducing_angiogenesis,Yes,Yes,1,Yes
575,hoc_inducing_angiogenesis,No,No,1,No
576,hoc_inducing_angiogenesis,No,No,1,No
577,hoc_inducing_angiogenesis,No,No,1,No
578,hoc_inducing_angiogenesis,Yes,No,0,No
579,hoc_inducing_angiogenesis,No,No,1,No
580,hoc_inducing_angiogenesis,No,No,1,No
581,hoc_inducing_angiogenesis,No,No,1,No
582,hoc_inducing_angiogenesis,No,No,1,No
583,hoc_inducing_angiogenesis,No,No,1,No
584,hoc_inducing_angiogenesis,No,No,1,No
585,hoc_inducing_angiogenesis,No,No,1,No
586,hoc_inducing_angiogenesis,No,No,1,No
587,hoc_inducing_angiogenesis,No,No,1,No
588,hoc_inducing_angiogenesis,No,No,1,No
589,hoc_inducing_angiogenesis,No,No,1,No
590,hoc_inducing_angiogenesis,No,No,1,No
591,hoc_inducing_angiogenesis,No,No,1,No
592,hoc_inducing_angiogenesis,No,No,1,No
593,hoc_inducing_angiogenesis,No,No,1,No
594,hoc_inducing_angiogenesis,No,No,1,No
595,hoc_inducing_angiogenesis,No,No,1,No
596,hoc_inducing_angiogenesis,No,No,1,No
597,hoc_inducing_angiogenesis,No,No,1,No
598,hoc_inducing_angiogenesis,No,No,1,No
599,hoc_inducing_angiogenesis,No,No,1,No
600,hoc_inducing_angiogenesis,No,No,1,No
601,hoc_inducing_angiogenesis,No,No,1,No
602,hoc_inducing_angiogenesis,No,No,1,No
603,hoc_inducing_angiogenesis,No,No,1,No
604,hoc_inducing_angiogenesis,No,No,1,No
605,hoc_inducing_angiogenesis,No,No,1,No
606,hoc_inducing_angiogenesis,No,No,1,No
607,hoc_inducing_angiogenesis,No,No,1,No
608,hoc_inducing_angiogenesis,No,No,1,No
609,hoc_inducing_angiogenesis,No,No,1,No
610,hoc_inducing_angiogenesis,No,No,1,No
611,hoc_inducing_angiogenesis,No,No,1,No
612,hoc_inducing_angiogenesis,No,No,1,No
613,hoc_inducing_angiogenesis,No,No,1,No
614,hoc_inducing_angiogenesis,No,Yes,0,Yes
615,hoc_inducing_angiogenesis,No,No,1,No
616,hoc_inducing_angiogenesis,No,No,1,No
617,hoc_inducing_angiogenesis,No,No,1,No
618,hoc_inducing_angiogenesis,No,No,1,No
619,hoc_inducing_angiogenesis,No,No,1,No
620,hoc_inducing_angiogenesis,No,No,1,No
621,hoc_inducing_angiogenesis,No,No,1,No
622,hoc_inducing_angiogenesis,No,No,1,No
623,hoc_inducing_angiogenesis,No,No,1,No
624,hoc_inducing_angiogenesis,No,No,1,No
625,hoc_inducing_angiogenesis,No,No,1,No
626,hoc_inducing_angiogenesis,No,No,1,No
627,hoc_inducing_angiogenesis,No,No,1,No
628,hoc_inducing_angiogenesis,No,Yes,0,Yes
629,hoc_inducing_angiogenesis,No,No,1,No
630,hoc_inducing_angiogenesis,No,No,1,No
631,hoc_inducing_angiogenesis,No,No,1,No
632,hoc_inducing_angiogenesis,No,No,1,No
633,hoc_inducing_angiogenesis,No,No,1,No
634,hoc_inducing_angiogenesis,No,No,1,No
635,hoc_inducing_angiogenesis,No,No,1,No
636,hoc_inducing_angiogenesis,No,No,1,No
637,hoc_inducing_angiogenesis,No,No,1,No
638,hoc_inducing_angiogenesis,No,No,1,No
639,hoc_inducing_angiogenesis,No,No,1,No
640,hoc_inducing_angiogenesis,No,No,1,No
641,hoc_inducing_angiogenesis,No,Yes,0,Yes
642,hoc_inducing_angiogenesis,No,No,1,No
643,hoc_inducing_angiogenesis,No,No,1,No
644,hoc_inducing_angiogenesis,No,No,1,No
645,hoc_inducing_angiogenesis,No,No,1,No
646,hoc_inducing_angiogenesis,No,No,1,No
647,hoc_inducing_angiogenesis,No,Yes,0,Yes
648,hoc_inducing_angiogenesis,No,No,1,No
649,hoc_inducing_angiogenesis,No,No,1,No
650,hoc_inducing_angiogenesis,No,No,1,No
651,hoc_inducing_angiogenesis,No,No,1,No
652,hoc_inducing_angiogenesis,No,No,1,No
653,hoc_inducing_angiogenesis,No,No,1,No
654,hoc_inducing_angiogenesis,Yes,Yes,1,Yes
655,hoc_inducing_angiogenesis,No,No,1,No
656,hoc_inducing_angiogenesis,No,No,1,No
657,hoc_inducing_angiogenesis,No,No,1,No
658,hoc_inducing_angiogenesis,No,No,1,No
659,hoc_inducing_angiogenesis,No,No,1,No
660,hoc_inducing_angiogenesis,No,Yes,0,Yes
661,hoc_inducing_angiogenesis,No,No,1,No
662,hoc_inducing_angiogenesis,No,No,1,No
663,hoc_inducing_angiogenesis,Yes,Yes,1,Yes
664,hoc_inducing_angiogenesis,No,No,1,No
665,hoc_inducing_angiogenesis,No,No,1,No
666,hoc_inducing_angiogenesis,No,No,1,No
667,hoc_inducing_angiogenesis,No,No,1,No
668,hoc_inducing_angiogenesis,No,No,1,No
669,hoc_inducing_angiogenesis,No,No,1,No
670,hoc_inducing_angiogenesis,No,No,1,No
671,hoc_inducing_angiogenesis,No,No,1,No
672,hoc_inducing_angiogenesis,No,No,1,No
673,hoc_inducing_angiogenesis,No,No,1,No
674,hoc_inducing_angiogenesis,No,No,1,No
675,hoc_inducing_angiogenesis,No,No,1,No
676,hoc_inducing_angiogenesis,No,No,1,No
677,hoc_inducing_angiogenesis,No,No,1,No
678,hoc_inducing_angiogenesis,No,No,1,No
679,hoc_inducing_angiogenesis,No,No,1,No
680,hoc_inducing_angiogenesis,No,No,1,No
681,hoc_inducing_angiogenesis,Yes,No,0,No
682,hoc_inducing_angiogenesis,No,No,1,No
683,hoc_inducing_angiogenesis,No,No,1,No
684,hoc_inducing_angiogenesis,No,No,1,No
685,hoc_inducing_angiogenesis,No,No,1,No
686,hoc_inducing_angiogenesis,No,No,1,No
687,hoc_inducing_angiogenesis,No,No,1,No
688,hoc_inducing_angiogenesis,No,No,1,No
689,hoc_inducing_angiogenesis,No,No,1,No
690,hoc_inducing_angiogenesis,No,No,1,No
691,hoc_inducing_angiogenesis,No,No,1,No
692,hoc_inducing_angiogenesis,No,No,1,No
693,hoc_inducing_angiogenesis,No,No,1,No
694,hoc_inducing_angiogenesis,No,No,1,No
695,hoc_inducing_angiogenesis,No,No,1,No
696,hoc_inducing_angiogenesis,No,No,1,No
697,hoc_inducing_angiogenesis,No,No,1,No
698,hoc_inducing_angiogenesis,No,No,1,No
699,hoc_inducing_angiogenesis,No,No,1,No
700,hoc_inducing_angiogenesis,No,No,1,No
701,hoc_inducing_angiogenesis,No,No,1,No
702,hoc_inducing_angiogenesis,No,No,1,No
703,hoc_inducing_angiogenesis,No,No,1,No
704,hoc_inducing_angiogenesis,No,No,1,No
705,hoc_inducing_angiogenesis,No,No,1,No
706,hoc_inducing_angiogenesis,No,No,1,No
707,hoc_inducing_angiogenesis,No,No,1,No
708,hoc_inducing_angiogenesis,No,No,1,No
709,hoc_inducing_angiogenesis,No,No,1,No
710,hoc_inducing_angiogenesis,No,No,1,No
711,hoc_inducing_angiogenesis,No,No,1,No
712,hoc_inducing_angiogenesis,No,No,1,No
713,hoc_inducing_angiogenesis,No,No,1,No
714,hoc_inducing_angiogenesis,No,No,1,No
715,hoc_inducing_angiogenesis,No,No,1,No
716,hoc_inducing_angiogenesis,No,No,1,No
717,hoc_inducing_angiogenesis,No,No,1,No
718,hoc_inducing_angiogenesis,No,No,1,No
719,hoc_inducing_angiogenesis,No,No,1,No
720,hoc_inducing_angiogenesis,No,No,1,No
721,hoc_inducing_angiogenesis,No,No,1,No
722,hoc_inducing_angiogenesis,No,No,1,No
723,hoc_inducing_angiogenesis,No,No,1,No
724,hoc_inducing_angiogenesis,No,No,1,No
725,hoc_inducing_angiogenesis,No,No,1,No
726,hoc_inducing_angiogenesis,No,No,1,No
727,hoc_inducing_angiogenesis,No,No,1,No
728,hoc_inducing_angiogenesis,No,No,1,No
729,hoc_inducing_angiogenesis,No,No,1,No
730,hoc_inducing_angiogenesis,Yes,Yes,1,Yes
731,hoc_inducing_angiogenesis,No,No,1,No
732,hoc_inducing_angiogenesis,No,No,1,No
733,hoc_inducing_angiogenesis,No,No,1,No
734,hoc_inducing_angiogenesis,No,No,1,No
735,hoc_inducing_angiogenesis,No,No,1,No
736,hoc_inducing_angiogenesis,No,No,1,No
737,hoc_inducing_angiogenesis,No,No,1,No
738,hoc_inducing_angiogenesis,No,No,1,No
739,hoc_inducing_angiogenesis,Yes,Yes,1,Yes
740,hoc_inducing_angiogenesis,No,No,1,No
741,hoc_inducing_angiogenesis,No,No,1,No
742,hoc_inducing_angiogenesis,No,No,1,No
743,hoc_inducing_angiogenesis,No,No,1,No
744,hoc_inducing_angiogenesis,No,No,1,No
745,hoc_inducing_angiogenesis,Yes,No,0,No
746,hoc_inducing_angiogenesis,No,No,1,No
747,hoc_inducing_angiogenesis,No,No,1,No
748,hoc_inducing_angiogenesis,No,No,1,No
749,hoc_inducing_angiogenesis,No,No,1,No
750,hoc_inducing_angiogenesis,No,No,1,No
751,hoc_inducing_angiogenesis,No,No,1,No
752,hoc_inducing_angiogenesis,No,No,1,No
753,hoc_inducing_angiogenesis,No,No,1,No
754,hoc_inducing_angiogenesis,No,No,1,No
755,hoc_inducing_angiogenesis,No,No,1,No
756,hoc_inducing_angiogenesis,No,No,1,No
757,hoc_inducing_angiogenesis,No,No,1,No
758,hoc_inducing_angiogenesis,No,No,1,No
759,hoc_inducing_angiogenesis,No,No,1,No
760,hoc_inducing_angiogenesis,No,No,1,No
761,hoc_inducing_angiogenesis,No,No,1,No
762,hoc_inducing_angiogenesis,No,No,1,No
763,hoc_inducing_angiogenesis,No,No,1,No
764,hoc_inducing_angiogenesis,No,No,1,No
765,hoc_inducing_angiogenesis,No,No,1,No
766,hoc_inducing_angiogenesis,No,No,1,No
767,hoc_inducing_angiogenesis,No,Yes,0,Yes
768,hoc_inducing_angiogenesis,No,No,1,No
769,hoc_inducing_angiogenesis,No,No,1,No
770,hoc_inducing_angiogenesis,No,No,1,No
771,hoc_inducing_angiogenesis,No,No,1,No
772,hoc_inducing_angiogenesis,No,Yes,0,Yes
773,hoc_inducing_angiogenesis,No,No,1,No
774,hoc_inducing_angiogenesis,No,No,1,No
775,hoc_inducing_angiogenesis,No,No,1,No
776,hoc_inducing_angiogenesis,No,No,1,No
777,hoc_inducing_angiogenesis,No,No,1,No
778,hoc_inducing_angiogenesis,No,No,1,No
779,hoc_inducing_angiogenesis,No,No,1,No
780,hoc_inducing_angiogenesis,Yes,No,0,No
781,hoc_inducing_angiogenesis,No,No,1,No
782,hoc_inducing_angiogenesis,No,No,1,No
783,hoc_inducing_angiogenesis,No,No,1,No
784,hoc_inducing_angiogenesis,No,No,1,No
785,hoc_inducing_angiogenesis,No,No,1,No
786,hoc_inducing_angiogenesis,No,No,1,No
787,hoc_inducing_angiogenesis,No,No,1,No
788,hoc_inducing_angiogenesis,No,No,1,No
789,hoc_inducing_angiogenesis,No,No,1,No
790,hoc_inducing_angiogenesis,No,No,1,No
791,hoc_inducing_angiogenesis,No,No,1,No
792,hoc_inducing_angiogenesis,No,No,1,No
793,hoc_inducing_angiogenesis,No,No,1,No
794,hoc_inducing_angiogenesis,No,No,1,No
795,hoc_inducing_angiogenesis,No,No,1,No
796,hoc_inducing_angiogenesis,No,No,1,No
797,hoc_inducing_angiogenesis,No,No,1,No
798,hoc_inducing_angiogenesis,No,No,1,No
799,hoc_inducing_angiogenesis,No,No,1,No
800,hoc_inducing_angiogenesis,No,No,1,No
801,hoc_inducing_angiogenesis,No,No,1,No
802,hoc_inducing_angiogenesis,No,No,1,No
803,hoc_inducing_angiogenesis,No,No,1,No
804,hoc_inducing_angiogenesis,No,No,1,No
805,hoc_inducing_angiogenesis,No,No,1,No
806,hoc_inducing_angiogenesis,No,No,1,No
807,hoc_inducing_angiogenesis,No,No,1,No
808,hoc_inducing_angiogenesis,No,No,1,No
809,hoc_inducing_angiogenesis,No,No,1,No
810,hoc_inducing_angiogenesis,No,No,1,No
811,hoc_inducing_angiogenesis,No,No,1,No
812,hoc_inducing_angiogenesis,No,No,1,No
813,hoc_inducing_angiogenesis,No,No,1,No
814,hoc_inducing_angiogenesis,No,No,1,No
815,hoc_inducing_angiogenesis,No,Yes,0,Yes
816,hoc_inducing_angiogenesis,No,No,1,No
817,hoc_inducing_angiogenesis,Yes,Yes,1,Yes
818,hoc_inducing_angiogenesis,No,No,1,No
819,hoc_inducing_angiogenesis,No,No,1,No
820,hoc_inducing_angiogenesis,No,No,1,No
821,hoc_inducing_angiogenesis,No,No,1,No
822,hoc_inducing_angiogenesis,No,No,1,No
823,hoc_inducing_angiogenesis,No,No,1,No
824,hoc_inducing_angiogenesis,No,No,1,No
825,hoc_inducing_angiogenesis,No,No,1,No
826,hoc_inducing_angiogenesis,No,No,1,No
827,hoc_inducing_angiogenesis,No,No,1,No
828,hoc_inducing_angiogenesis,No,No,1,No
829,hoc_inducing_angiogenesis,Yes,No,0,No
830,hoc_inducing_angiogenesis,Yes,Yes,1,Yes
831,hoc_inducing_angiogenesis,No,No,1,No
832,hoc_inducing_angiogenesis,No,No,1,No
833,hoc_inducing_angiogenesis,No,No,1,No
834,hoc_inducing_angiogenesis,Yes,Yes,1,Yes
835,hoc_inducing_angiogenesis,No,No,1,No
836,hoc_inducing_angiogenesis,No,No,1,No
837,hoc_inducing_angiogenesis,No,Yes,0,Yes
838,hoc_inducing_angiogenesis,No,No,1,No
839,hoc_inducing_angiogenesis,No,No,1,No
840,hoc_inducing_angiogenesis,No,No,1,No
841,hoc_inducing_angiogenesis,No,No,1,No
842,hoc_inducing_angiogenesis,No,No,1,No
843,hoc_inducing_angiogenesis,No,No,1,No
844,hoc_inducing_angiogenesis,No,No,1,No
845,hoc_inducing_angiogenesis,No,No,1,No
846,hoc_inducing_angiogenesis,No,No,1,No
847,hoc_inducing_angiogenesis,Yes,Yes,1,Yes
848,hoc_inducing_angiogenesis,No,No,1,No
849,hoc_inducing_angiogenesis,No,No,1,No
850,hoc_inducing_angiogenesis,Yes,Yes,1,Yes
851,hoc_inducing_angiogenesis,No,No,1,No
852,hoc_inducing_angiogenesis,No,No,1,No
853,hoc_inducing_angiogenesis,No,No,1,No
854,hoc_inducing_angiogenesis,No,No,1,No
855,hoc_inducing_angiogenesis,No,No,1,No
856,hoc_inducing_angiogenesis,No,No,1,No
857,hoc_inducing_angiogenesis,Yes,Yes,1,Yes
858,hoc_inducing_angiogenesis,No,No,1,No
859,hoc_inducing_angiogenesis,No,No,1,No
860,hoc_inducing_angiogenesis,No,No,1,No
861,hoc_inducing_angiogenesis,Yes,Yes,1,Yes
862,hoc_inducing_angiogenesis,No,No,1,No
863,hoc_inducing_angiogenesis,No,No,1,No
864,hoc_inducing_angiogenesis,No,No,1,No
865,hoc_inducing_angiogenesis,No,No,1,No
866,hoc_inducing_angiogenesis,No,No,1,No
867,hoc_inducing_angiogenesis,No,No,1,No
868,hoc_inducing_angiogenesis,No,No,1,No
869,hoc_inducing_angiogenesis,No,No,1,No
870,hoc_inducing_angiogenesis,Yes,No,0,No
871,hoc_inducing_angiogenesis,Yes,Yes,1,Yes
872,hoc_inducing_angiogenesis,No,No,1,No
873,hoc_inducing_angiogenesis,No,No,1,No
874,hoc_inducing_angiogenesis,No,Yes,0,Yes
875,hoc_inducing_angiogenesis,No,No,1,No
876,hoc_inducing_angiogenesis,No,No,1,No
877,hoc_inducing_angiogenesis,No,No,1,No
878,hoc_inducing_angiogenesis,No,No,1,No
879,hoc_inducing_angiogenesis,No,No,1,No
880,hoc_inducing_angiogenesis,No,No,1,No
881,hoc_inducing_angiogenesis,No,No,1,No
882,hoc_inducing_angiogenesis,No,No,1,No
883,hoc_inducing_angiogenesis,No,No,1,No
884,hoc_inducing_angiogenesis,No,No,1,No
885,hoc_inducing_angiogenesis,No,No,1,No
886,hoc_inducing_angiogenesis,No,No,1,No
887,hoc_inducing_angiogenesis,No,No,1,No
888,hoc_inducing_angiogenesis,No,No,1,No
889,hoc_inducing_angiogenesis,No,No,1,No
890,hoc_inducing_angiogenesis,No,Yes,0,Yes
891,hoc_inducing_angiogenesis,No,No,1,No
892,hoc_inducing_angiogenesis,No,No,1,No
893,hoc_inducing_angiogenesis,No,No,1,No
894,hoc_inducing_angiogenesis,No,No,1,No
895,hoc_inducing_angiogenesis,No,No,1,No
896,hoc_inducing_angiogenesis,No,No,1,No
897,hoc_inducing_angiogenesis,No,No,1,No
898,hoc_inducing_angiogenesis,No,No,1,No
899,hoc_inducing_angiogenesis,No,No,1,No
900,hoc_inducing_angiogenesis,No,No,1,No
901,hoc_inducing_angiogenesis,No,No,1,No
902,hoc_inducing_angiogenesis,No,No,1,No
903,hoc_inducing_angiogenesis,No,No,1,No
904,hoc_inducing_angiogenesis,No,No,1,No
905,hoc_inducing_angiogenesis,No,No,1,No
906,hoc_inducing_angiogenesis,No,No,1,No
907,hoc_inducing_angiogenesis,No,No,1,No
908,hoc_inducing_angiogenesis,No,No,1,No
909,hoc_inducing_angiogenesis,No,No,1,No
910,hoc_inducing_angiogenesis,Yes,No,0,No
911,hoc_inducing_angiogenesis,No,No,1,No
912,hoc_inducing_angiogenesis,No,No,1,No
913,hoc_inducing_angiogenesis,No,No,1,No
914,hoc_inducing_angiogenesis,No,No,1,No
915,hoc_inducing_angiogenesis,No,No,1,No
916,hoc_inducing_angiogenesis,No,No,1,No
917,hoc_inducing_angiogenesis,No,No,1,No
918,hoc_inducing_angiogenesis,No,No,1,No
919,hoc_inducing_angiogenesis,No,No,1,No
920,hoc_inducing_angiogenesis,No,No,1,No
921,hoc_inducing_angiogenesis,No,No,1,No
922,hoc_inducing_angiogenesis,No,No,1,No
923,hoc_inducing_angiogenesis,No,No,1,No
924,hoc_inducing_angiogenesis,No,No,1,No
925,hoc_inducing_angiogenesis,No,No,1,No
926,hoc_inducing_angiogenesis,No,No,1,No
927,hoc_inducing_angiogenesis,No,No,1,No
928,hoc_inducing_angiogenesis,No,No,1,No
929,hoc_inducing_angiogenesis,No,No,1,No
930,hoc_inducing_angiogenesis,No,No,1,No
931,hoc_inducing_angiogenesis,No,No,1,No
932,hoc_inducing_angiogenesis,No,No,1,No
933,hoc_inducing_angiogenesis,No,No,1,No
934,hoc_inducing_angiogenesis,No,No,1,No
935,hoc_inducing_angiogenesis,No,No,1,No
936,hoc_inducing_angiogenesis,No,No,1,No
937,hoc_inducing_angiogenesis,No,No,1,No
938,hoc_inducing_angiogenesis,No,No,1,No
939,hoc_inducing_angiogenesis,No,No,1,No
940,hoc_inducing_angiogenesis,No,No,1,No
941,hoc_inducing_angiogenesis,No,No,1,No
942,hoc_inducing_angiogenesis,No,No,1,No
943,hoc_inducing_angiogenesis,No,No,1,No
944,hoc_inducing_angiogenesis,No,No,1,No
945,hoc_inducing_angiogenesis,No,No,1,No
946,hoc_inducing_angiogenesis,Yes,Yes,1,Yes
947,hoc_inducing_angiogenesis,No,No,1,No
948,hoc_inducing_angiogenesis,No,No,1,No
949,hoc_inducing_angiogenesis,No,No,1,No
950,hoc_inducing_angiogenesis,No,No,1,No
951,hoc_inducing_angiogenesis,No,No,1,No
952,hoc_inducing_angiogenesis,No,No,1,No
953,hoc_inducing_angiogenesis,No,No,1,No
954,hoc_inducing_angiogenesis,No,No,1,No
955,hoc_inducing_angiogenesis,No,No,1,No
956,hoc_inducing_angiogenesis,No,No,1,No
957,hoc_inducing_angiogenesis,No,No,1,No
958,hoc_inducing_angiogenesis,No,No,1,No
959,hoc_inducing_angiogenesis,No,No,1,No
960,hoc_inducing_angiogenesis,No,No,1,No
961,hoc_inducing_angiogenesis,No,No,1,No
962,hoc_inducing_angiogenesis,No,No,1,No
963,hoc_inducing_angiogenesis,No,No,1,No
964,hoc_inducing_angiogenesis,No,No,1,No
965,hoc_inducing_angiogenesis,No,Yes,0,Yes
966,hoc_inducing_angiogenesis,No,No,1,No
967,hoc_inducing_angiogenesis,No,No,1,No
968,hoc_inducing_angiogenesis,No,No,1,No
969,hoc_inducing_angiogenesis,No,No,1,No
970,hoc_inducing_angiogenesis,No,No,1,No
971,hoc_inducing_angiogenesis,No,No,1,No
972,hoc_inducing_angiogenesis,No,No,1,No
973,hoc_inducing_angiogenesis,No,No,1,No
974,hoc_inducing_angiogenesis,No,No,1,No
975,hoc_inducing_angiogenesis,No,No,1,No
976,hoc_inducing_angiogenesis,No,No,1,No
977,hoc_inducing_angiogenesis,No,No,1,No
978,hoc_inducing_angiogenesis,No,No,1,No
979,hoc_inducing_angiogenesis,No,No,1,No
980,hoc_inducing_angiogenesis,No,No,1,No
981,hoc_inducing_angiogenesis,No,No,1,No
982,hoc_inducing_angiogenesis,No,No,1,No
983,hoc_inducing_angiogenesis,No,No,1,No
984,hoc_inducing_angiogenesis,No,No,1,No
985,hoc_inducing_angiogenesis,No,No,1,No
986,hoc_inducing_angiogenesis,No,No,1,No
987,hoc_inducing_angiogenesis,No,No,1,No
988,hoc_inducing_angiogenesis,No,No,1,No
989,hoc_inducing_angiogenesis,No,No,1,No
990,hoc_inducing_angiogenesis,Yes,Yes,1,Yes
991,hoc_inducing_angiogenesis,No,No,1,No
992,hoc_inducing_angiogenesis,No,No,1,No
993,hoc_inducing_angiogenesis,No,No,1,No
994,hoc_inducing_angiogenesis,No,No,1,No
995,hoc_inducing_angiogenesis,No,No,1,No
996,hoc_inducing_angiogenesis,No,No,1,No
997,hoc_inducing_angiogenesis,No,No,1,No
998,hoc_inducing_angiogenesis,No,No,1,No
999,hoc_inducing_angiogenesis,No,No,1,No
1000,hoc_inducing_angiogenesis,No,No,1,No
1001,hoc_inducing_angiogenesis,No,No,1,No
1002,hoc_inducing_angiogenesis,No,No,1,No
1003,hoc_inducing_angiogenesis,No,No,1,No
1004,hoc_inducing_angiogenesis,No,No,1,No
1005,hoc_inducing_angiogenesis,No,No,1,No
1006,hoc_inducing_angiogenesis,No,No,1,No
1007,hoc_inducing_angiogenesis,No,No,1,No
1008,hoc_inducing_angiogenesis,No,No,1,No
1009,hoc_inducing_angiogenesis,No,No,1,No
1010,hoc_inducing_angiogenesis,No,No,1,No
1011,hoc_inducing_angiogenesis,Yes,Yes,1,Yes
1012,hoc_inducing_angiogenesis,No,No,1,No
1013,hoc_inducing_angiogenesis,No,No,1,No
1014,hoc_inducing_angiogenesis,No,No,1,No
1015,hoc_inducing_angiogenesis,No,No,1,No
1016,hoc_inducing_angiogenesis,No,No,1,No
1017,hoc_inducing_angiogenesis,No,No,1,No
1018,hoc_inducing_angiogenesis,No,No,1,No
1019,hoc_inducing_angiogenesis,No,No,1,No
1020,hoc_inducing_angiogenesis,No,No,1,No
1021,hoc_inducing_angiogenesis,No,No,1,No
1022,hoc_inducing_angiogenesis,No,No,1,No
1023,hoc_inducing_angiogenesis,No,No,1,No
1024,hoc_inducing_angiogenesis,No,Yes,0,Yes
1025,hoc_inducing_angiogenesis,No,No,1,No
1026,hoc_inducing_angiogenesis,No,No,1,No
1027,hoc_inducing_angiogenesis,No,No,1,No
1028,hoc_inducing_angiogenesis,No,No,1,No
1029,hoc_inducing_angiogenesis,No,Yes,0,Yes
1030,hoc_inducing_angiogenesis,Yes,Yes,1,Yes
1031,hoc_inducing_angiogenesis,No,No,1,No
1032,hoc_inducing_angiogenesis,No,No,1,No
1033,hoc_inducing_angiogenesis,No,No,1,No
1034,hoc_inducing_angiogenesis,No,No,1,No
1035,hoc_inducing_angiogenesis,Yes,Yes,1,Yes
1036,hoc_inducing_angiogenesis,No,No,1,No
1037,hoc_inducing_angiogenesis,No,No,1,No
1038,hoc_inducing_angiogenesis,No,No,1,No
1039,hoc_inducing_angiogenesis,No,No,1,No
1040,hoc_inducing_angiogenesis,No,No,1,No
1041,hoc_inducing_angiogenesis,No,No,1,No
1042,hoc_inducing_angiogenesis,No,No,1,No
1043,hoc_inducing_angiogenesis,No,No,1,No
1044,hoc_inducing_angiogenesis,No,No,1,No
1045,hoc_inducing_angiogenesis,No,No,1,No
1046,hoc_inducing_angiogenesis,No,No,1,No
1047,hoc_inducing_angiogenesis,Yes,Yes,1,Yes
1048,hoc_inducing_angiogenesis,No,No,1,No
1049,hoc_inducing_angiogenesis,No,No,1,No
1050,hoc_inducing_angiogenesis,No,No,1,No
1051,hoc_inducing_angiogenesis,Yes,Yes,1,Yes
1052,hoc_inducing_angiogenesis,No,No,1,No
1053,hoc_inducing_angiogenesis,No,No,1,No
1054,hoc_inducing_angiogenesis,Yes,Yes,1,Yes
1055,hoc_inducing_angiogenesis,No,No,1,No
1056,hoc_inducing_angiogenesis,No,No,1,No
1057,hoc_inducing_angiogenesis,Yes,Yes,1,Yes
1058,hoc_inducing_angiogenesis,No,No,1,No
1059,hoc_inducing_angiogenesis,No,No,1,No
1060,hoc_inducing_angiogenesis,Yes,Yes,1,Yes
1061,hoc_inducing_angiogenesis,No,No,1,No
1062,hoc_inducing_angiogenesis,No,No,1,No
1063,hoc_inducing_angiogenesis,No,No,1,No
1064,hoc_inducing_angiogenesis,No,No,1,No
1065,hoc_inducing_angiogenesis,No,No,1,No
1066,hoc_inducing_angiogenesis,No,No,1,No
1067,hoc_inducing_angiogenesis,No,No,1,No
1068,hoc_inducing_angiogenesis,No,No,1,No
1069,hoc_inducing_angiogenesis,Yes,No,0,No
1070,hoc_inducing_angiogenesis,No,No,1,No
1071,hoc_inducing_angiogenesis,No,No,1,No
1072,hoc_inducing_angiogenesis,No,No,1,No
1073,hoc_inducing_angiogenesis,No,No,1,No
1074,hoc_inducing_angiogenesis,No,No,1,No
1075,hoc_inducing_angiogenesis,No,No,1,No
1076,hoc_inducing_angiogenesis,Yes,Yes,1,Yes
1077,hoc_inducing_angiogenesis,No,No,1,No
1078,hoc_inducing_angiogenesis,No,No,1,No
1079,hoc_inducing_angiogenesis,No,No,1,No
1080,hoc_inducing_angiogenesis,No,No,1,No
1081,hoc_inducing_angiogenesis,No,No,1,No
1082,hoc_inducing_angiogenesis,No,No,1,No
1083,hoc_inducing_angiogenesis,No,No,1,No
1084,hoc_inducing_angiogenesis,No,No,1,No
1085,hoc_inducing_angiogenesis,No,No,1,No
1086,hoc_inducing_angiogenesis,No,No,1,No
1087,hoc_inducing_angiogenesis,No,No,1,No
1088,hoc_inducing_angiogenesis,No,No,1,No
1089,hoc_inducing_angiogenesis,Yes,No,0,No
1090,hoc_inducing_angiogenesis,No,No,1,No
1091,hoc_inducing_angiogenesis,No,No,1,No
1092,hoc_inducing_angiogenesis,No,No,1,No
1093,hoc_inducing_angiogenesis,No,No,1,No
1094,hoc_inducing_angiogenesis,No,No,1,No
1095,hoc_inducing_angiogenesis,No,No,1,No
1096,hoc_inducing_angiogenesis,No,No,1,No
1097,hoc_inducing_angiogenesis,No,No,1,No
1098,hoc_inducing_angiogenesis,No,No,1,No
1099,hoc_inducing_angiogenesis,No,No,1,No
1100,hoc_inducing_angiogenesis,No,No,1,No
1101,hoc_inducing_angiogenesis,Yes,Yes,1,Yes
1102,hoc_inducing_angiogenesis,No,No,1,No
1103,hoc_inducing_angiogenesis,No,No,1,No
1104,hoc_inducing_angiogenesis,No,No,1,No
1105,hoc_inducing_angiogenesis,No,No,1,No
1106,hoc_inducing_angiogenesis,No,No,1,No
1107,hoc_inducing_angiogenesis,No,No,1,No
1108,hoc_inducing_angiogenesis,No,Yes,0,Yes
1109,hoc_inducing_angiogenesis,No,No,1,No
1110,hoc_inducing_angiogenesis,No,Yes,0,Yes
1111,hoc_inducing_angiogenesis,No,No,1,No
1112,hoc_inducing_angiogenesis,No,No,1,No
1113,hoc_inducing_angiogenesis,No,No,1,No
1114,hoc_inducing_angiogenesis,No,No,1,No
1115,hoc_inducing_angiogenesis,No,No,1,No
1116,hoc_inducing_angiogenesis,No,No,1,No
1117,hoc_inducing_angiogenesis,No,No,1,No
1118,hoc_inducing_angiogenesis,No,No,1,No
1119,hoc_inducing_angiogenesis,No,No,1,No
1120,hoc_inducing_angiogenesis,No,No,1,No
1121,hoc_inducing_angiogenesis,No,No,1,No
1122,hoc_inducing_angiogenesis,No,No,1,No
1123,hoc_inducing_angiogenesis,No,No,1,No
1124,hoc_inducing_angiogenesis,No,No,1,No
1125,hoc_inducing_angiogenesis,No,No,1,No
1126,hoc_inducing_angiogenesis,No,No,1,No
1127,hoc_inducing_angiogenesis,No,No,1,No
1128,hoc_inducing_angiogenesis,Yes,Yes,1,Yes
1129,hoc_inducing_angiogenesis,No,No,1,No
1130,hoc_inducing_angiogenesis,No,No,1,No
1131,hoc_inducing_angiogenesis,No,No,1,No
1132,hoc_inducing_angiogenesis,No,No,1,No
1133,hoc_inducing_angiogenesis,No,No,1,No
1134,hoc_inducing_angiogenesis,No,No,1,No
1135,hoc_inducing_angiogenesis,No,No,1,No
1136,hoc_inducing_angiogenesis,No,No,1,No
1137,hoc_inducing_angiogenesis,No,No,1,No
1138,hoc_inducing_angiogenesis,No,No,1,No
1139,hoc_inducing_angiogenesis,No,No,1,No
1140,hoc_inducing_angiogenesis,No,No,1,No
1141,hoc_inducing_angiogenesis,No,No,1,No
1142,hoc_inducing_angiogenesis,No,No,1,No
1143,hoc_inducing_angiogenesis,No,No,1,No
1144,hoc_inducing_angiogenesis,No,No,1,No
1145,hoc_inducing_angiogenesis,No,No,1,No
1146,hoc_inducing_angiogenesis,No,No,1,No
1147,hoc_inducing_angiogenesis,No,No,1,No
1148,hoc_inducing_angiogenesis,No,Yes,0,Yes
1149,hoc_inducing_angiogenesis,No,No,1,No
1150,hoc_inducing_angiogenesis,No,No,1,No
1151,hoc_inducing_angiogenesis,No,No,1,No
1152,hoc_inducing_angiogenesis,No,No,1,No
1153,hoc_inducing_angiogenesis,No,No,1,No
1154,hoc_inducing_angiogenesis,No,No,1,No
1155,hoc_inducing_angiogenesis,No,No,1,No
1156,hoc_inducing_angiogenesis,No,No,1,No
1157,hoc_inducing_angiogenesis,No,No,1,No
1158,hoc_inducing_angiogenesis,No,No,1,No
1159,hoc_inducing_angiogenesis,No,No,1,No
1160,hoc_inducing_angiogenesis,Yes,Yes,1,Yes
1161,hoc_inducing_angiogenesis,No,No,1,No
1162,hoc_inducing_angiogenesis,No,No,1,No
1163,hoc_inducing_angiogenesis,No,No,1,No
1164,hoc_inducing_angiogenesis,No,No,1,No
1165,hoc_inducing_angiogenesis,No,No,1,No
1166,hoc_inducing_angiogenesis,No,No,1,No
1167,hoc_inducing_angiogenesis,No,Yes,0,Yes
1168,hoc_inducing_angiogenesis,No,No,1,No
1169,hoc_inducing_angiogenesis,No,No,1,No
1170,hoc_inducing_angiogenesis,No,No,1,No
1171,hoc_inducing_angiogenesis,No,No,1,No
1172,hoc_inducing_angiogenesis,No,No,1,No
1173,hoc_inducing_angiogenesis,No,No,1,No
1174,hoc_inducing_angiogenesis,No,No,1,No
1175,hoc_inducing_angiogenesis,No,No,1,No
1176,hoc_inducing_angiogenesis,No,No,1,No
1177,hoc_inducing_angiogenesis,No,No,1,No
1178,hoc_inducing_angiogenesis,No,No,1,No
1179,hoc_inducing_angiogenesis,Yes,Yes,1,Yes
1180,hoc_inducing_angiogenesis,No,No,1,No
1181,hoc_inducing_angiogenesis,No,No,1,No
1182,hoc_inducing_angiogenesis,No,No,1,No
1183,hoc_inducing_angiogenesis,No,No,1,No
1184,hoc_inducing_angiogenesis,No,No,1,No
1185,hoc_inducing_angiogenesis,No,No,1,No
1186,hoc_inducing_angiogenesis,No,No,1,No
1187,hoc_inducing_angiogenesis,Yes,No,0,No
1188,hoc_inducing_angiogenesis,No,No,1,No
1189,hoc_inducing_angiogenesis,No,No,1,No
1190,hoc_inducing_angiogenesis,No,No,1,No
1191,hoc_inducing_angiogenesis,Yes,Yes,1,Yes
1192,hoc_inducing_angiogenesis,Yes,Yes,1,Yes
1193,hoc_inducing_angiogenesis,No,No,1,No
1194,hoc_inducing_angiogenesis,No,No,1,No
1195,hoc_inducing_angiogenesis,No,No,1,No
1196,hoc_inducing_angiogenesis,No,No,1,No
1197,hoc_inducing_angiogenesis,No,No,1,No
1198,hoc_inducing_angiogenesis,Yes,No,0,No
1199,hoc_inducing_angiogenesis,Yes,Yes,1,Yes
1200,hoc_inducing_angiogenesis,No,No,1,No
1201,hoc_inducing_angiogenesis,No,No,1,No
1202,hoc_inducing_angiogenesis,No,No,1,No
1203,hoc_inducing_angiogenesis,No,No,1,No
1204,hoc_inducing_angiogenesis,No,No,1,No
1205,hoc_inducing_angiogenesis,No,No,1,No
1206,hoc_inducing_angiogenesis,No,No,1,No
1207,hoc_inducing_angiogenesis,No,No,1,No
1208,hoc_inducing_angiogenesis,No,No,1,No
1209,hoc_inducing_angiogenesis,No,No,1,No
1210,hoc_inducing_angiogenesis,No,No,1,No
1211,hoc_inducing_angiogenesis,No,No,1,No
1212,hoc_inducing_angiogenesis,No,No,1,No
1213,hoc_inducing_angiogenesis,No,No,1,No
1214,hoc_inducing_angiogenesis,No,No,1,No
1215,hoc_inducing_angiogenesis,No,No,1,No
1216,hoc_inducing_angiogenesis,No,No,1,No
1217,hoc_inducing_angiogenesis,No,No,1,No
1218,hoc_inducing_angiogenesis,No,No,1,No
1219,hoc_inducing_angiogenesis,No,No,1,No
1220,hoc_inducing_angiogenesis,Yes,Yes,1,Yes
1221,hoc_inducing_angiogenesis,No,No,1,No
1222,hoc_inducing_angiogenesis,No,No,1,No
1223,hoc_inducing_angiogenesis,No,No,1,No
1224,hoc_inducing_angiogenesis,No,No,1,No
1225,hoc_inducing_angiogenesis,No,No,1,No
1226,hoc_inducing_angiogenesis,No,No,1,No
1227,hoc_inducing_angiogenesis,No,No,1,No
1228,hoc_inducing_angiogenesis,No,No,1,No
1229,hoc_inducing_angiogenesis,No,No,1,No
1230,hoc_inducing_angiogenesis,No,No,1,No
1231,hoc_inducing_angiogenesis,No,No,1,No
1232,hoc_inducing_angiogenesis,No,No,1,No
1233,hoc_inducing_angiogenesis,No,No,1,No
1234,hoc_inducing_angiogenesis,No,No,1,No
1235,hoc_inducing_angiogenesis,No,No,1,No
1236,hoc_inducing_angiogenesis,No,No,1,No
1237,hoc_inducing_angiogenesis,Yes,Yes,1,Yes
1238,hoc_inducing_angiogenesis,No,No,1,No
1239,hoc_inducing_angiogenesis,No,No,1,No
1240,hoc_inducing_angiogenesis,No,No,1,No
1241,hoc_inducing_angiogenesis,No,No,1,No
1242,hoc_inducing_angiogenesis,No,No,1,No
1243,hoc_inducing_angiogenesis,No,No,1,No
1244,hoc_inducing_angiogenesis,No,No,1,No
1245,hoc_inducing_angiogenesis,No,No,1,No
1246,hoc_inducing_angiogenesis,No,No,1,No
1247,hoc_inducing_angiogenesis,No,No,1,No
1248,hoc_inducing_angiogenesis,No,No,1,No
1249,hoc_inducing_angiogenesis,No,No,1,No
1250,hoc_inducing_angiogenesis,No,No,1,No
1251,hoc_inducing_angiogenesis,No,No,1,No
1252,hoc_inducing_angiogenesis,No,No,1,No
1253,hoc_inducing_angiogenesis,No,No,1,No
1254,hoc_inducing_angiogenesis,No,No,1,No
1255,hoc_inducing_angiogenesis,No,No,1,No
1256,hoc_inducing_angiogenesis,No,No,1,No
1257,hoc_inducing_angiogenesis,No,No,1,No
1258,hoc_inducing_angiogenesis,No,No,1,No
1259,hoc_inducing_angiogenesis,No,No,1,No
1260,hoc_inducing_angiogenesis,No,No,1,No
1261,hoc_inducing_angiogenesis,No,No,1,No
1262,hoc_inducing_angiogenesis,No,No,1,No
1263,hoc_inducing_angiogenesis,No,No,1,No
1264,hoc_inducing_angiogenesis,No,No,1,No
1265,hoc_inducing_angiogenesis,No,No,1,No
1266,hoc_inducing_angiogenesis,No,No,1,No
1267,hoc_inducing_angiogenesis,No,No,1,No
1268,hoc_inducing_angiogenesis,No,No,1,No
1269,hoc_inducing_angiogenesis,Yes,Yes,1,Yes
1270,hoc_inducing_angiogenesis,No,No,1,No
1271,hoc_inducing_angiogenesis,No,No,1,No
1272,hoc_inducing_angiogenesis,No,No,1,No
1273,hoc_inducing_angiogenesis,No,No,1,No
1274,hoc_inducing_angiogenesis,No,No,1,No
1275,hoc_inducing_angiogenesis,No,No,1,No
1276,hoc_inducing_angiogenesis,No,No,1,No
1277,hoc_inducing_angiogenesis,No,No,1,No
1278,hoc_inducing_angiogenesis,No,No,1,No
1279,hoc_inducing_angiogenesis,No,No,1,No
1280,hoc_inducing_angiogenesis,No,No,1,No
1281,hoc_inducing_angiogenesis,No,No,1,No
1282,hoc_inducing_angiogenesis,No,No,1,No
1283,hoc_inducing_angiogenesis,No,No,1,No
1284,hoc_inducing_angiogenesis,No,No,1,No
1285,hoc_inducing_angiogenesis,No,No,1,No
1286,hoc_inducing_angiogenesis,No,No,1,No
1287,hoc_inducing_angiogenesis,No,No,1,No
1288,hoc_inducing_angiogenesis,No,No,1,No
1289,hoc_inducing_angiogenesis,No,No,1,No
1290,hoc_inducing_angiogenesis,No,No,1,No
1291,hoc_inducing_angiogenesis,No,No,1,No
1292,hoc_inducing_angiogenesis,No,No,1,No
1293,hoc_inducing_angiogenesis,Yes,Yes,1,Yes
1294,hoc_inducing_angiogenesis,No,No,1,No
1295,hoc_inducing_angiogenesis,No,No,1,No
1296,hoc_inducing_angiogenesis,No,No,1,No
1297,hoc_inducing_angiogenesis,No,No,1,No
1298,hoc_inducing_angiogenesis,No,No,1,No
1299,hoc_inducing_angiogenesis,No,No,1,No
1300,hoc_inducing_angiogenesis,No,No,1,No
1301,hoc_inducing_angiogenesis,No,No,1,No
1302,hoc_inducing_angiogenesis,No,No,1,No
1303,hoc_inducing_angiogenesis,No,No,1,No
1304,hoc_inducing_angiogenesis,No,No,1,No
1305,hoc_inducing_angiogenesis,Yes,Yes,1,Yes
1306,hoc_inducing_angiogenesis,No,No,1,No
1307,hoc_inducing_angiogenesis,No,No,1,No
1308,hoc_inducing_angiogenesis,No,No,1,No
1309,hoc_inducing_angiogenesis,No,No,1,No
1310,hoc_inducing_angiogenesis,No,No,1,No
1311,hoc_inducing_angiogenesis,No,Yes,0,Yes
1312,hoc_inducing_angiogenesis,Yes,Yes,1,Yes
1313,hoc_inducing_angiogenesis,No,No,1,No
1314,hoc_inducing_angiogenesis,No,No,1,No
1315,hoc_inducing_angiogenesis,No,No,1,No
1316,hoc_inducing_angiogenesis,No,No,1,No
1317,hoc_inducing_angiogenesis,No,No,1,No
1318,hoc_inducing_angiogenesis,No,No,1,No
1319,hoc_inducing_angiogenesis,No,No,1,No
1320,hoc_inducing_angiogenesis,No,No,1,No
1321,hoc_inducing_angiogenesis,No,No,1,No
1322,hoc_inducing_angiogenesis,No,No,1,No
1323,hoc_inducing_angiogenesis,No,No,1,No
1324,hoc_inducing_angiogenesis,No,No,1,No
1325,hoc_inducing_angiogenesis,No,No,1,No
1326,hoc_inducing_angiogenesis,Yes,Yes,1,Yes
1327,hoc_inducing_angiogenesis,No,No,1,No
1328,hoc_inducing_angiogenesis,No,No,1,No
1329,hoc_inducing_angiogenesis,No,No,1,No
1330,hoc_inducing_angiogenesis,No,No,1,No
1331,hoc_inducing_angiogenesis,No,No,1,No
1332,hoc_inducing_angiogenesis,No,No,1,No
1333,hoc_inducing_angiogenesis,No,No,1,No
1334,hoc_inducing_angiogenesis,No,No,1,No
1335,hoc_inducing_angiogenesis,No,No,1,No
1336,hoc_inducing_angiogenesis,No,No,1,No
1337,hoc_inducing_angiogenesis,No,No,1,No
1338,hoc_inducing_angiogenesis,Yes,Yes,1,Yes
1339,hoc_inducing_angiogenesis,No,No,1,No
1340,hoc_inducing_angiogenesis,No,No,1,No
1341,hoc_inducing_angiogenesis,No,No,1,No
1342,hoc_inducing_angiogenesis,No,No,1,No
1343,hoc_inducing_angiogenesis,No,No,1,No
1344,hoc_inducing_angiogenesis,No,No,1,No
1345,hoc_inducing_angiogenesis,No,No,1,No
1346,hoc_inducing_angiogenesis,No,No,1,No
1347,hoc_inducing_angiogenesis,No,No,1,No
1348,hoc_inducing_angiogenesis,No,No,1,No
1349,hoc_inducing_angiogenesis,No,No,1,No
1350,hoc_inducing_angiogenesis,Yes,No,0,No
1351,hoc_inducing_angiogenesis,No,No,1,No
1352,hoc_inducing_angiogenesis,No,No,1,No
1353,hoc_inducing_angiogenesis,No,No,1,No
1354,hoc_inducing_angiogenesis,Yes,No,0,No
1355,hoc_inducing_angiogenesis,No,No,1,No
1356,hoc_inducing_angiogenesis,Yes,Yes,1,Yes
1357,hoc_inducing_angiogenesis,No,No,1,No
1358,hoc_inducing_angiogenesis,No,No,1,No
1359,hoc_inducing_angiogenesis,No,No,1,No
1360,hoc_inducing_angiogenesis,No,No,1,No
1361,hoc_inducing_angiogenesis,No,No,1,No
1362,hoc_inducing_angiogenesis,No,No,1,No
1363,hoc_inducing_angiogenesis,No,No,1,No
1364,hoc_inducing_angiogenesis,No,No,1,No
1365,hoc_inducing_angiogenesis,No,No,1,No
1366,hoc_inducing_angiogenesis,No,No,1,No
1367,hoc_inducing_angiogenesis,Yes,Yes,1,Yes
1368,hoc_inducing_angiogenesis,No,No,1,No
1369,hoc_inducing_angiogenesis,No,No,1,No
1370,hoc_inducing_angiogenesis,No,Yes,0,Yes
1371,hoc_inducing_angiogenesis,No,No,1,No
1372,hoc_inducing_angiogenesis,No,No,1,No
1373,hoc_inducing_angiogenesis,No,No,1,No
1374,hoc_inducing_angiogenesis,No,No,1,No
1375,hoc_inducing_angiogenesis,No,No,1,No
1376,hoc_inducing_angiogenesis,No,Yes,0,Yes
1377,hoc_inducing_angiogenesis,No,Yes,0,Yes
1378,hoc_inducing_angiogenesis,No,No,1,No
1379,hoc_inducing_angiogenesis,No,No,1,No
1380,hoc_inducing_angiogenesis,No,No,1,No
1381,hoc_inducing_angiogenesis,No,No,1,No
1382,hoc_inducing_angiogenesis,Yes,No,0,No
1383,hoc_inducing_angiogenesis,No,No,1,No
1384,hoc_inducing_angiogenesis,Yes,No,0,No
1385,hoc_inducing_angiogenesis,No,Yes,0,Yes
1386,hoc_inducing_angiogenesis,No,No,1,No
1387,hoc_inducing_angiogenesis,No,No,1,No
1388,hoc_inducing_angiogenesis,Yes,Yes,1,Yes
1389,hoc_inducing_angiogenesis,No,No,1,No
1390,hoc_inducing_angiogenesis,Yes,Yes,1,Yes
1391,hoc_inducing_angiogenesis,No,No,1,No
1392,hoc_inducing_angiogenesis,Yes,Yes,1,Yes
1393,hoc_inducing_angiogenesis,No,No,1,No
1394,hoc_inducing_angiogenesis,No,No,1,No
1395,hoc_inducing_angiogenesis,Yes,No,0,No
1396,hoc_inducing_angiogenesis,No,Yes,0,Yes
1397,hoc_inducing_angiogenesis,No,No,1,No
1398,hoc_inducing_angiogenesis,No,Yes,0,Yes
1399,hoc_inducing_angiogenesis,No,No,1,No
1400,hoc_inducing_angiogenesis,No,No,1,No
1401,hoc_inducing_angiogenesis,No,No,1,No
1402,hoc_inducing_angiogenesis,No,No,1,No
1403,hoc_inducing_angiogenesis,No,No,1,No
1404,hoc_inducing_angiogenesis,Yes,Yes,1,Yes
1405,hoc_inducing_angiogenesis,No,No,1,No
1406,hoc_inducing_angiogenesis,No,No,1,No
1407,hoc_inducing_angiogenesis,No,No,1,No
1408,hoc_inducing_angiogenesis,Yes,Yes,1,Yes
1409,hoc_inducing_angiogenesis,No,No,1,No
1410,hoc_inducing_angiogenesis,No,No,1,No
1411,hoc_inducing_angiogenesis,No,No,1,No
1412,hoc_inducing_angiogenesis,No,No,1,No
1413,hoc_inducing_angiogenesis,No,No,1,No
1414,hoc_inducing_angiogenesis,No,No,1,No
1415,hoc_inducing_angiogenesis,No,No,1,No
1416,hoc_inducing_angiogenesis,No,No,1,No
1417,hoc_inducing_angiogenesis,No,No,1,No
1418,hoc_inducing_angiogenesis,No,No,1,No
1419,hoc_inducing_angiogenesis,No,No,1,No
1420,hoc_inducing_angiogenesis,No,No,1,No
1421,hoc_inducing_angiogenesis,No,No,1,No
1422,hoc_inducing_angiogenesis,No,No,1,No
1423,hoc_inducing_angiogenesis,No,No,1,No
1424,hoc_inducing_angiogenesis,No,No,1,No
1425,hoc_inducing_angiogenesis,No,No,1,No
1426,hoc_inducing_angiogenesis,No,No,1,No
1427,hoc_inducing_angiogenesis,Yes,Yes,1,Yes
1428,hoc_inducing_angiogenesis,No,No,1,No
1429,hoc_inducing_angiogenesis,No,No,1,No
1430,hoc_inducing_angiogenesis,No,No,1,No
1431,hoc_inducing_angiogenesis,No,No,1,No
1432,hoc_inducing_angiogenesis,No,No,1,No
1433,hoc_inducing_angiogenesis,No,No,1,No
1434,hoc_inducing_angiogenesis,Yes,Yes,1,Yes
1435,hoc_inducing_angiogenesis,No,No,1,No
1436,hoc_inducing_angiogenesis,No,No,1,No
1437,hoc_inducing_angiogenesis,Yes,Yes,1,Yes
1438,hoc_inducing_angiogenesis,No,No,1,No
1439,hoc_inducing_angiogenesis,Yes,Yes,1,Yes
1440,hoc_inducing_angiogenesis,No,No,1,No
1441,hoc_inducing_angiogenesis,No,No,1,No
1442,hoc_inducing_angiogenesis,Yes,Yes,1,Yes
1443,hoc_inducing_angiogenesis,No,No,1,No
1444,hoc_inducing_angiogenesis,No,No,1,No
1445,hoc_inducing_angiogenesis,No,No,1,No
1446,hoc_inducing_angiogenesis,No,No,1,No
1447,hoc_inducing_angiogenesis,No,No,1,No
1448,hoc_inducing_angiogenesis,No,No,1,No
1449,hoc_inducing_angiogenesis,No,No,1,No
1450,hoc_inducing_angiogenesis,Yes,Yes,1,Yes
1451,hoc_inducing_angiogenesis,Yes,Yes,1,Yes
1452,hoc_inducing_angiogenesis,No,Yes,0,Yes
1453,hoc_inducing_angiogenesis,No,No,1,No
1454,hoc_inducing_angiogenesis,No,No,1,No
1455,hoc_inducing_angiogenesis,No,No,1,No
1456,hoc_inducing_angiogenesis,No,No,1,No
1457,hoc_inducing_angiogenesis,No,No,1,No
1458,hoc_inducing_angiogenesis,No,No,1,No
1459,hoc_inducing_angiogenesis,No,No,1,No
1460,hoc_inducing_angiogenesis,Yes,Yes,1,Yes
1461,hoc_inducing_angiogenesis,Yes,Yes,1,Yes
1462,hoc_inducing_angiogenesis,No,No,1,No
1463,hoc_inducing_angiogenesis,No,No,1,No
1464,hoc_inducing_angiogenesis,No,No,1,No
1465,hoc_inducing_angiogenesis,No,No,1,No
1466,hoc_inducing_angiogenesis,No,No,1,No
1467,hoc_inducing_angiogenesis,No,No,1,No
1468,hoc_inducing_angiogenesis,No,No,1,No
1469,hoc_inducing_angiogenesis,No,No,1,No
1470,hoc_inducing_angiogenesis,No,No,1,No
1471,hoc_inducing_angiogenesis,No,No,1,No
1472,hoc_inducing_angiogenesis,No,No,1,No
1473,hoc_inducing_angiogenesis,No,Yes,0,Yes
1474,hoc_inducing_angiogenesis,No,No,1,No
1475,hoc_inducing_angiogenesis,Yes,No,0,No
1476,hoc_inducing_angiogenesis,No,No,1,No
1477,hoc_inducing_angiogenesis,Yes,Yes,1,Yes
1478,hoc_inducing_angiogenesis,No,No,1,No
1479,hoc_inducing_angiogenesis,No,No,1,No
1480,hoc_inducing_angiogenesis,No,No,1,No
1481,hoc_inducing_angiogenesis,No,No,1,No
1482,hoc_inducing_angiogenesis,No,No,1,No
1483,hoc_inducing_angiogenesis,No,No,1,No
1484,hoc_inducing_angiogenesis,Yes,No,0,No
1485,hoc_inducing_angiogenesis,No,No,1,No
1486,hoc_inducing_angiogenesis,No,No,1,No
1487,hoc_inducing_angiogenesis,No,No,1,No
1488,hoc_inducing_angiogenesis,No,No,1,No
1489,hoc_inducing_angiogenesis,No,No,1,No
1490,hoc_inducing_angiogenesis,No,No,1,No
1491,hoc_inducing_angiogenesis,No,No,1,No
1492,hoc_inducing_angiogenesis,No,No,1,No
1493,hoc_inducing_angiogenesis,No,No,1,No
1494,hoc_inducing_angiogenesis,No,No,1,No
1495,hoc_inducing_angiogenesis,No,No,1,No
1496,hoc_inducing_angiogenesis,No,No,1,No
1497,hoc_inducing_angiogenesis,No,No,1,No
1498,hoc_inducing_angiogenesis,No,No,1,No
1499,hoc_inducing_angiogenesis,No,No,1,No
1500,hoc_inducing_angiogenesis,No,No,1,No
1501,hoc_inducing_angiogenesis,No,No,1,No
1502,hoc_inducing_angiogenesis,No,No,1,No
1503,hoc_inducing_angiogenesis,No,No,1,No
1504,hoc_inducing_angiogenesis,No,No,1,No
1505,hoc_inducing_angiogenesis,No,No,1,No
1506,hoc_inducing_angiogenesis,Yes,Yes,1,Yes
1507,hoc_inducing_angiogenesis,Yes,Yes,1,Yes
1508,hoc_inducing_angiogenesis,No,No,1,No
1509,hoc_inducing_angiogenesis,Yes,No,0,No
1510,hoc_inducing_angiogenesis,No,No,1,No
1511,hoc_inducing_angiogenesis,No,No,1,No
1512,hoc_inducing_angiogenesis,No,No,1,No
1513,hoc_inducing_angiogenesis,No,No,1,No
1514,hoc_inducing_angiogenesis,Yes,Yes,1,Yes
1515,hoc_inducing_angiogenesis,No,No,1,No
1516,hoc_inducing_angiogenesis,Yes,Yes,1,Yes
1517,hoc_inducing_angiogenesis,No,No,1,No
1518,hoc_inducing_angiogenesis,No,No,1,No
1519,hoc_inducing_angiogenesis,No,No,1,No
1520,hoc_inducing_angiogenesis,No,No,1,No
1521,hoc_inducing_angiogenesis,No,No,1,No
1522,hoc_inducing_angiogenesis,No,No,1,No
1523,hoc_inducing_angiogenesis,No,Yes,0,Yes
1524,hoc_inducing_angiogenesis,No,No,1,No
1525,hoc_inducing_angiogenesis,No,No,1,No
1526,hoc_inducing_angiogenesis,No,No,1,No
1527,hoc_inducing_angiogenesis,No,No,1,No
1528,hoc_inducing_angiogenesis,No,No,1,No
1529,hoc_inducing_angiogenesis,No,No,1,No
1530,hoc_inducing_angiogenesis,No,No,1,No
1531,hoc_inducing_angiogenesis,No,No,1,No
1532,hoc_inducing_angiogenesis,No,No,1,No
1533,hoc_inducing_angiogenesis,No,No,1,No
1534,hoc_inducing_angiogenesis,No,No,1,No
1535,hoc_inducing_angiogenesis,No,No,1,No
1536,hoc_inducing_angiogenesis,No,No,1,No
1537,hoc_inducing_angiogenesis,No,No,1,No
1538,hoc_inducing_angiogenesis,No,No,1,No
1539,hoc_inducing_angiogenesis,No,No,1,No
1540,hoc_inducing_angiogenesis,No,No,1,No
1541,hoc_inducing_angiogenesis,No,No,1,No
1542,hoc_inducing_angiogenesis,No,No,1,No
1543,hoc_inducing_angiogenesis,No,No,1,No
1544,hoc_inducing_angiogenesis,No,No,1,No
1545,hoc_inducing_angiogenesis,No,No,1,No
1546,hoc_inducing_angiogenesis,No,No,1,No
1547,hoc_inducing_angiogenesis,Yes,No,0,No
1548,hoc_inducing_angiogenesis,No,No,1,No
1549,hoc_inducing_angiogenesis,No,No,1,No
1550,hoc_inducing_angiogenesis,No,No,1,No
1551,hoc_inducing_angiogenesis,No,No,1,No
1552,hoc_inducing_angiogenesis,No,No,1,No
1553,hoc_inducing_angiogenesis,Yes,Yes,1,Yes
1554,hoc_inducing_angiogenesis,No,No,1,No
1555,hoc_inducing_angiogenesis,No,No,1,No
1556,hoc_inducing_angiogenesis,No,No,1,No
1557,hoc_inducing_angiogenesis,No,No,1,No
1558,hoc_inducing_angiogenesis,No,No,1,No
1559,hoc_inducing_angiogenesis,No,Yes,0,Yes
1560,hoc_inducing_angiogenesis,No,Yes,0,Yes
1561,hoc_inducing_angiogenesis,No,No,1,No
1562,hoc_inducing_angiogenesis,Yes,Yes,1,Yes
1563,hoc_inducing_angiogenesis,No,No,1,No
1564,hoc_inducing_angiogenesis,No,No,1,No
1565,hoc_inducing_angiogenesis,No,No,1,No
1566,hoc_inducing_angiogenesis,No,No,1,No
1567,hoc_inducing_angiogenesis,No,No,1,No
1568,hoc_inducing_angiogenesis,No,No,1,No
1569,hoc_inducing_angiogenesis,No,No,1,No
1570,hoc_inducing_angiogenesis,No,No,1,No
1571,hoc_inducing_angiogenesis,No,No,1,No
1572,hoc_inducing_angiogenesis,No,No,1,No
1573,hoc_inducing_angiogenesis,No,No,1,No
1574,hoc_inducing_angiogenesis,No,No,1,No
1575,hoc_inducing_angiogenesis,No,Yes,0,Yes
1576,hoc_inducing_angiogenesis,No,No,1,No
1577,hoc_inducing_angiogenesis,No,No,1,No
1578,hoc_inducing_angiogenesis,No,No,1,No
1579,hoc_inducing_angiogenesis,No,No,1,No
1580,hoc_inducing_angiogenesis,No,No,1,No
1581,hoc_inducing_angiogenesis,No,No,1,No
1582,hoc_inducing_angiogenesis,No,No,1,No
1583,hoc_inducing_angiogenesis,No,No,1,No
1584,hoc_inducing_angiogenesis,No,No,1,No
1585,hoc_inducing_angiogenesis,No,No,1,No
1586,hoc_inducing_angiogenesis,No,No,1,No
1587,hoc_inducing_angiogenesis,No,No,1,No
1588,hoc_inducing_angiogenesis,No,No,1,No
1589,hoc_inducing_angiogenesis,Yes,Yes,1,Yes
1590,hoc_inducing_angiogenesis,Yes,No,0,No
1591,hoc_inducing_angiogenesis,No,No,1,No
1592,hoc_inducing_angiogenesis,No,No,1,No
1593,hoc_inducing_angiogenesis,Yes,Yes,1,Yes
1594,hoc_inducing_angiogenesis,No,No,1,No
1595,hoc_inducing_angiogenesis,No,No,1,No
1596,hoc_inducing_angiogenesis,Yes,No,0,No
1597,hoc_inducing_angiogenesis,Yes,No,0,No
1598,hoc_inducing_angiogenesis,No,No,1,No
1599,hoc_inducing_angiogenesis,No,No,1,No
1600,hoc_inducing_angiogenesis,No,No,1,No
1601,hoc_inducing_angiogenesis,No,No,1,No
1602,hoc_inducing_angiogenesis,No,No,1,No
1603,hoc_inducing_angiogenesis,No,No,1,No
1604,hoc_inducing_angiogenesis,No,No,1,No
1605,hoc_inducing_angiogenesis,No,No,1,No
1606,hoc_inducing_angiogenesis,No,Yes,0,Yes
1607,hoc_inducing_angiogenesis,Yes,Yes,1,Yes
1608,hoc_inducing_angiogenesis,No,No,1,No
1609,hoc_inducing_angiogenesis,No,No,1,No
1610,hoc_inducing_angiogenesis,No,No,1,No
1611,hoc_inducing_angiogenesis,No,No,1,No
1612,hoc_inducing_angiogenesis,No,No,1,No
1613,hoc_inducing_angiogenesis,Yes,Yes,1,Yes
1614,hoc_inducing_angiogenesis,No,No,1,No
1615,hoc_inducing_angiogenesis,No,No,1,No
1616,hoc_inducing_angiogenesis,No,No,1,No
1617,hoc_inducing_angiogenesis,No,No,1,No
1618,hoc_inducing_angiogenesis,No,No,1,No
1619,hoc_inducing_angiogenesis,No,No,1,No
1620,hoc_inducing_angiogenesis,No,No,1,No
1621,hoc_inducing_angiogenesis,No,No,1,No
1622,hoc_inducing_angiogenesis,No,No,1,No
1623,hoc_inducing_angiogenesis,No,Yes,0,Yes
1624,hoc_inducing_angiogenesis,No,No,1,No
1625,hoc_inducing_angiogenesis,No,No,1,No
1626,hoc_inducing_angiogenesis,No,No,1,No
1627,hoc_inducing_angiogenesis,No,No,1,No
1628,hoc_inducing_angiogenesis,No,No,1,No
1629,hoc_inducing_angiogenesis,No,No,1,No
1630,hoc_inducing_angiogenesis,No,No,1,No
1631,hoc_inducing_angiogenesis,No,No,1,No
1632,hoc_inducing_angiogenesis,No,No,1,No
1633,hoc_inducing_angiogenesis,Yes,Yes,1,Yes
1634,hoc_inducing_angiogenesis,No,No,1,No
1635,hoc_inducing_angiogenesis,No,No,1,No
1636,hoc_inducing_angiogenesis,No,No,1,No
1637,hoc_inducing_angiogenesis,No,No,1,No
1638,hoc_inducing_angiogenesis,No,No,1,No
1639,hoc_inducing_angiogenesis,No,No,1,No
1640,hoc_inducing_angiogenesis,No,No,1,No
1641,hoc_inducing_angiogenesis,No,No,1,No
1642,hoc_inducing_angiogenesis,No,No,1,No
1643,hoc_inducing_angiogenesis,No,No,1,No
1644,hoc_inducing_angiogenesis,No,No,1,No
1645,hoc_inducing_angiogenesis,No,No,1,No
1646,hoc_inducing_angiogenesis,No,No,1,No
1647,hoc_inducing_angiogenesis,No,No,1,No
1648,hoc_inducing_angiogenesis,No,No,1,No
1649,hoc_inducing_angiogenesis,No,No,1,No
1650,hoc_inducing_angiogenesis,No,No,1,No
1651,hoc_inducing_angiogenesis,No,No,1,No
1652,hoc_inducing_angiogenesis,No,Yes,0,Yes
1653,hoc_inducing_angiogenesis,No,No,1,No
1654,hoc_inducing_angiogenesis,No,No,1,No
1655,hoc_inducing_angiogenesis,No,No,1,No
1656,hoc_inducing_angiogenesis,No,No,1,No
1657,hoc_inducing_angiogenesis,No,No,1,No
1658,hoc_inducing_angiogenesis,No,No,1,No
1659,hoc_inducing_angiogenesis,No,No,1,No
1660,hoc_inducing_angiogenesis,No,No,1,No
1661,hoc_inducing_angiogenesis,No,No,1,No
1662,hoc_inducing_angiogenesis,No,No,1,No
1663,hoc_inducing_angiogenesis,No,No,1,No
1664,hoc_inducing_angiogenesis,No,No,1,No
1665,hoc_inducing_angiogenesis,No,No,1,No
1666,hoc_inducing_angiogenesis,No,No,1,No
1667,hoc_inducing_angiogenesis,No,No,1,No
1668,hoc_inducing_angiogenesis,Yes,Yes,1,Yes
1669,hoc_inducing_angiogenesis,No,No,1,No
1670,hoc_inducing_angiogenesis,No,No,1,No
1671,hoc_inducing_angiogenesis,No,No,1,No
1672,hoc_inducing_angiogenesis,No,No,1,No
1673,hoc_inducing_angiogenesis,No,No,1,No
1674,hoc_inducing_angiogenesis,No,No,1,No
1675,hoc_inducing_angiogenesis,No,No,1,No
1676,hoc_inducing_angiogenesis,Yes,Yes,1,Yes
1677,hoc_inducing_angiogenesis,No,No,1,No
1678,hoc_inducing_angiogenesis,No,No,1,No
1679,hoc_inducing_angiogenesis,No,No,1,No
1680,hoc_inducing_angiogenesis,No,No,1,No
1681,hoc_inducing_angiogenesis,No,No,1,No
1682,hoc_inducing_angiogenesis,No,No,1,No
1683,hoc_inducing_angiogenesis,No,No,1,No
1684,hoc_inducing_angiogenesis,No,No,1,No
1685,hoc_inducing_angiogenesis,No,No,1,No
1686,hoc_inducing_angiogenesis,No,No,1,No
1687,hoc_inducing_angiogenesis,No,No,1,No
1688,hoc_inducing_angiogenesis,No,No,1,No
1689,hoc_inducing_angiogenesis,No,No,1,No
1690,hoc_inducing_angiogenesis,No,No,1,No
1691,hoc_inducing_angiogenesis,No,No,1,No
1692,hoc_inducing_angiogenesis,No,No,1,No
1693,hoc_inducing_angiogenesis,No,No,1,No
1694,hoc_inducing_angiogenesis,No,No,1,No
1695,hoc_inducing_angiogenesis,No,No,1,No
1696,hoc_inducing_angiogenesis,Yes,Yes,1,Yes
1697,hoc_inducing_angiogenesis,No,No,1,No
1698,hoc_inducing_angiogenesis,Yes,No,0,No
1699,hoc_inducing_angiogenesis,No,No,1,No
1700,hoc_inducing_angiogenesis,Yes,Yes,1,Yes
1701,hoc_inducing_angiogenesis,No,No,1,No
1702,hoc_inducing_angiogenesis,No,No,1,No
1703,hoc_inducing_angiogenesis,No,No,1,No
1704,hoc_inducing_angiogenesis,No,No,1,No
1705,hoc_inducing_angiogenesis,No,No,1,No
1706,hoc_inducing_angiogenesis,No,No,1,No
1707,hoc_inducing_angiogenesis,No,No,1,No
1708,hoc_inducing_angiogenesis,No,No,1,No
1709,hoc_inducing_angiogenesis,No,No,1,No
1710,hoc_inducing_angiogenesis,No,No,1,No
1711,hoc_inducing_angiogenesis,No,No,1,No
1712,hoc_inducing_angiogenesis,No,No,1,No
1713,hoc_inducing_angiogenesis,No,No,1,No
1714,hoc_inducing_angiogenesis,No,No,1,No
1715,hoc_inducing_angiogenesis,No,No,1,No
1716,hoc_inducing_angiogenesis,No,No,1,No
1717,hoc_inducing_angiogenesis,No,No,1,No
1718,hoc_inducing_angiogenesis,No,No,1,No
1719,hoc_inducing_angiogenesis,No,No,1,No
1720,hoc_inducing_angiogenesis,Yes,Yes,1,Yes
1721,hoc_inducing_angiogenesis,No,No,1,No
1722,hoc_inducing_angiogenesis,No,No,1,No
1723,hoc_inducing_angiogenesis,No,No,1,No
1724,hoc_inducing_angiogenesis,No,No,1,No
1725,hoc_inducing_angiogenesis,No,No,1,No
1726,hoc_inducing_angiogenesis,No,No,1,No
1727,hoc_inducing_angiogenesis,No,No,1,No
1728,hoc_inducing_angiogenesis,No,No,1,No
1729,hoc_inducing_angiogenesis,No,No,1,No
1730,hoc_inducing_angiogenesis,No,No,1,No
1731,hoc_inducing_angiogenesis,Yes,No,0,No
1732,hoc_inducing_angiogenesis,No,No,1,No
1733,hoc_inducing_angiogenesis,No,No,1,No
1734,hoc_inducing_angiogenesis,No,No,1,No
1735,hoc_inducing_angiogenesis,No,No,1,No
1736,hoc_inducing_angiogenesis,No,No,1,No
1737,hoc_inducing_angiogenesis,No,No,1,No
1738,hoc_inducing_angiogenesis,No,No,1,No
1739,hoc_inducing_angiogenesis,No,No,1,No
1740,hoc_inducing_angiogenesis,No,No,1,No
1741,hoc_inducing_angiogenesis,No,No,1,No
1742,hoc_inducing_angiogenesis,No,No,1,No
1743,hoc_inducing_angiogenesis,No,No,1,No
1744,hoc_inducing_angiogenesis,No,No,1,No
1745,hoc_inducing_angiogenesis,No,No,1,No
1746,hoc_inducing_angiogenesis,No,No,1,No
1747,hoc_inducing_angiogenesis,No,No,1,No
1748,hoc_inducing_angiogenesis,No,No,1,No
1749,hoc_inducing_angiogenesis,No,No,1,No
1750,hoc_inducing_angiogenesis,No,No,1,No
1751,hoc_inducing_angiogenesis,No,No,1,No
1752,hoc_inducing_angiogenesis,No,No,1,No
1753,hoc_inducing_angiogenesis,No,No,1,No
1754,hoc_inducing_angiogenesis,No,No,1,No
1755,hoc_inducing_angiogenesis,No,No,1,No
1756,hoc_inducing_angiogenesis,No,No,1,No
1757,hoc_inducing_angiogenesis,No,No,1,No
1758,hoc_inducing_angiogenesis,No,No,1,No
1759,hoc_inducing_angiogenesis,Yes,Yes,1,Yes
1760,hoc_inducing_angiogenesis,Yes,Yes,1,Yes
1761,hoc_inducing_angiogenesis,No,Yes,0,Yes
1762,hoc_inducing_angiogenesis,No,No,1,No
1763,hoc_inducing_angiogenesis,Yes,No,0,No
1764,hoc_inducing_angiogenesis,No,No,1,No
1765,hoc_inducing_angiogenesis,No,No,1,No
1766,hoc_inducing_angiogenesis,No,No,1,No
1767,hoc_inducing_angiogenesis,No,No,1,No
1768,hoc_inducing_angiogenesis,No,No,1,No
1769,hoc_inducing_angiogenesis,Yes,Yes,1,Yes
1770,hoc_inducing_angiogenesis,No,No,1,No
1771,hoc_inducing_angiogenesis,No,No,1,No
1772,hoc_inducing_angiogenesis,No,No,1,No
1773,hoc_inducing_angiogenesis,No,No,1,No
1774,hoc_inducing_angiogenesis,No,No,1,No
1775,hoc_inducing_angiogenesis,No,No,1,No
1776,hoc_inducing_angiogenesis,No,No,1,No
1777,hoc_inducing_angiogenesis,No,No,1,No
1778,hoc_inducing_angiogenesis,Yes,Yes,1,Yes
1779,hoc_inducing_angiogenesis,No,No,1,No
1780,hoc_inducing_angiogenesis,No,No,1,No
1781,hoc_inducing_angiogenesis,No,No,1,No
1782,hoc_inducing_angiogenesis,No,Yes,0,Yes
1783,hoc_inducing_angiogenesis,No,No,1,No
1784,hoc_inducing_angiogenesis,No,No,1,No
1785,hoc_inducing_angiogenesis,No,No,1,No
1786,hoc_inducing_angiogenesis,No,No,1,No
1787,hoc_inducing_angiogenesis,No,Yes,0,Yes
1788,hoc_inducing_angiogenesis,No,No,1,No
1789,hoc_inducing_angiogenesis,No,No,1,No
1790,hoc_inducing_angiogenesis,No,No,1,No
1791,hoc_inducing_angiogenesis,No,No,1,No
1792,hoc_inducing_angiogenesis,No,No,1,No
1793,hoc_inducing_angiogenesis,No,No,1,No
1794,hoc_inducing_angiogenesis,No,No,1,No
1795,hoc_inducing_angiogenesis,No,No,1,No
1796,hoc_inducing_angiogenesis,No,No,1,No
1797,hoc_inducing_angiogenesis,No,No,1,No
1798,hoc_inducing_angiogenesis,No,No,1,No
1799,hoc_inducing_angiogenesis,No,No,1,No
1800,hoc_inducing_angiogenesis,No,No,1,No
1801,hoc_inducing_angiogenesis,No,No,1,No
1802,hoc_inducing_angiogenesis,No,No,1,No
1803,hoc_inducing_angiogenesis,No,No,1,No
1804,hoc_inducing_angiogenesis,No,No,1,No
1805,hoc_inducing_angiogenesis,No,No,1,No
1806,hoc_inducing_angiogenesis,No,No,1,No
1807,hoc_inducing_angiogenesis,No,No,1,No
1808,hoc_inducing_angiogenesis,No,No,1,No
1809,hoc_inducing_angiogenesis,Yes,Yes,1,Yes
1810,hoc_inducing_angiogenesis,No,No,1,No
1811,hoc_inducing_angiogenesis,No,No,1,No
1812,hoc_inducing_angiogenesis,No,No,1,No
1813,hoc_inducing_angiogenesis,Yes,Yes,1,Yes
1814,hoc_inducing_angiogenesis,No,No,1,No
1815,hoc_inducing_angiogenesis,No,No,1,No
1816,hoc_inducing_angiogenesis,No,No,1,No
1817,hoc_inducing_angiogenesis,No,No,1,No
1818,hoc_inducing_angiogenesis,No,No,1,No
1819,hoc_inducing_angiogenesis,No,No,1,No
1820,hoc_inducing_angiogenesis,No,No,1,No
1821,hoc_inducing_angiogenesis,No,No,1,No
1822,hoc_inducing_angiogenesis,No,No,1,No
1823,hoc_inducing_angiogenesis,No,No,1,No
1824,hoc_inducing_angiogenesis,No,No,1,No
1825,hoc_inducing_angiogenesis,No,No,1,No
1826,hoc_inducing_angiogenesis,No,No,1,No
1827,hoc_inducing_angiogenesis,No,No,1,No
1828,hoc_inducing_angiogenesis,No,No,1,No
1829,hoc_inducing_angiogenesis,No,No,1,No
1830,hoc_inducing_angiogenesis,No,No,1,No
1831,hoc_inducing_angiogenesis,No,No,1,No
1832,hoc_inducing_angiogenesis,No,No,1,No
1833,hoc_inducing_angiogenesis,Yes,No,0,No
1834,hoc_inducing_angiogenesis,No,No,1,No
1835,hoc_inducing_angiogenesis,No,No,1,No
1836,hoc_inducing_angiogenesis,Yes,Yes,1,Yes
1837,hoc_inducing_angiogenesis,No,No,1,No
1838,hoc_inducing_angiogenesis,No,No,1,No
1839,hoc_inducing_angiogenesis,No,No,1,No
1840,hoc_inducing_angiogenesis,No,No,1,No
1841,hoc_inducing_angiogenesis,No,No,1,No
1842,hoc_inducing_angiogenesis,No,No,1,No
1843,hoc_inducing_angiogenesis,No,No,1,No
1844,hoc_inducing_angiogenesis,No,No,1,No
1845,hoc_inducing_angiogenesis,No,No,1,No
1846,hoc_inducing_angiogenesis,No,No,1,No
1847,hoc_inducing_angiogenesis,No,No,1,No
1848,hoc_inducing_angiogenesis,No,No,1,No
1849,hoc_inducing_angiogenesis,No,No,1,No
1850,hoc_inducing_angiogenesis,No,No,1,No
1851,hoc_inducing_angiogenesis,No,No,1,No
0,hoc_resisting_cell_death,No,No,1,No
1,hoc_resisting_cell_death,No,No,1,No
2,hoc_resisting_cell_death,Yes,No,0,No
3,hoc_resisting_cell_death,No,No,1,No
4,hoc_resisting_cell_death,Yes,No,0,No
5,hoc_resisting_cell_death,No,No,1,No
6,hoc_resisting_cell_death,No,No,1,No
7,hoc_resisting_cell_death,No,Yes,0,Yes
8,hoc_resisting_cell_death,No,No,1,No
9,hoc_resisting_cell_death,No,No,1,No
10,hoc_resisting_cell_death,No,No,1,No
11,hoc_resisting_cell_death,No,No,1,No
12,hoc_resisting_cell_death,No,No,1,No
13,hoc_resisting_cell_death,No,No,1,No
14,hoc_resisting_cell_death,No,No,1,No
15,hoc_resisting_cell_death,No,No,1,No
16,hoc_resisting_cell_death,Yes,Yes,1,Yes
17,hoc_resisting_cell_death,Yes,No,0,No
18,hoc_resisting_cell_death,Yes,No,0,No
19,hoc_resisting_cell_death,Yes,Yes,1,Yes
20,hoc_resisting_cell_death,No,No,1,No
21,hoc_resisting_cell_death,Yes,No,0,No
22,hoc_resisting_cell_death,No,Yes,0,Yes
23,hoc_resisting_cell_death,Yes,No,0,No
24,hoc_resisting_cell_death,Yes,Yes,1,Yes
25,hoc_resisting_cell_death,No,No,1,No
26,hoc_resisting_cell_death,Yes,Yes,1,Yes
27,hoc_resisting_cell_death,No,No,1,No
28,hoc_resisting_cell_death,Yes,No,0,No
29,hoc_resisting_cell_death,Yes,Yes,1,Yes
30,hoc_resisting_cell_death,No,No,1,No
31,hoc_resisting_cell_death,Yes,No,0,No
32,hoc_resisting_cell_death,No,No,1,No
33,hoc_resisting_cell_death,No,No,1,No
34,hoc_resisting_cell_death,Yes,No,0,No
35,hoc_resisting_cell_death,No,No,1,No
36,hoc_resisting_cell_death,No,No,1,No
37,hoc_resisting_cell_death,No,No,1,No
38,hoc_resisting_cell_death,No,No,1,No
39,hoc_resisting_cell_death,Yes,No,0,No
40,hoc_resisting_cell_death,Yes,Yes,1,Yes
41,hoc_resisting_cell_death,No,No,1,No
42,hoc_resisting_cell_death,No,No,1,No
43,hoc_resisting_cell_death,No,No,1,No
44,hoc_resisting_cell_death,No,No,1,No
45,hoc_resisting_cell_death,Yes,No,0,No
46,hoc_resisting_cell_death,No,No,1,No
47,hoc_resisting_cell_death,No,No,1,No
48,hoc_resisting_cell_death,No,No,1,No
49,hoc_resisting_cell_death,No,No,1,No
50,hoc_resisting_cell_death,No,No,1,No
51,hoc_resisting_cell_death,No,No,1,No
52,hoc_resisting_cell_death,No,Yes,0,Yes
53,hoc_resisting_cell_death,Yes,No,0,No
54,hoc_resisting_cell_death,No,No,1,No
55,hoc_resisting_cell_death,No,No,1,No
56,hoc_resisting_cell_death,No,No,1,No
57,hoc_resisting_cell_death,Yes,No,0,No
58,hoc_resisting_cell_death,No,No,1,No
59,hoc_resisting_cell_death,No,No,1,No
60,hoc_resisting_cell_death,Yes,No,0,No
61,hoc_resisting_cell_death,No,No,1,No
62,hoc_resisting_cell_death,Yes,No,0,No
63,hoc_resisting_cell_death,No,No,1,No
64,hoc_resisting_cell_death,No,No,1,No
65,hoc_resisting_cell_death,No,No,1,No
66,hoc_resisting_cell_death,Yes,No,0,No
67,hoc_resisting_cell_death,No,No,1,No
68,hoc_resisting_cell_death,Yes,No,0,No
69,hoc_resisting_cell_death,No,No,1,No
70,hoc_resisting_cell_death,Yes,Yes,1,Yes
71,hoc_resisting_cell_death,No,No,1,No
72,hoc_resisting_cell_death,No,No,1,No
73,hoc_resisting_cell_death,No,No,1,No
74,hoc_resisting_cell_death,No,No,1,No
75,hoc_resisting_cell_death,No,No,1,No
76,hoc_resisting_cell_death,No,No,1,No
77,hoc_resisting_cell_death,No,No,1,No
78,hoc_resisting_cell_death,No,Yes,0,Yes
79,hoc_resisting_cell_death,No,No,1,No
80,hoc_resisting_cell_death,No,No,1,No
81,hoc_resisting_cell_death,No,No,1,No
82,hoc_resisting_cell_death,Yes,No,0,No
83,hoc_resisting_cell_death,No,No,1,No
84,hoc_resisting_cell_death,No,No,1,No
85,hoc_resisting_cell_death,No,No,1,No
86,hoc_resisting_cell_death,No,No,1,No
87,hoc_resisting_cell_death,Yes,No,0,No
88,hoc_resisting_cell_death,No,No,1,No
89,hoc_resisting_cell_death,No,No,1,No
90,hoc_resisting_cell_death,No,No,1,No
91,hoc_resisting_cell_death,No,No,1,No
92,hoc_resisting_cell_death,No,No,1,No
93,hoc_resisting_cell_death,No,No,1,No
94,hoc_resisting_cell_death,No,No,1,No
95,hoc_resisting_cell_death,No,No,1,No
96,hoc_resisting_cell_death,No,No,1,No
97,hoc_resisting_cell_death,No,No,1,No
98,hoc_resisting_cell_death,No,No,1,No
99,hoc_resisting_cell_death,No,No,1,No
100,hoc_resisting_cell_death,No,No,1,No
101,hoc_resisting_cell_death,Yes,No,0,No
102,hoc_resisting_cell_death,Yes,No,0,No
103,hoc_resisting_cell_death,No,No,1,No
104,hoc_resisting_cell_death,No,No,1,No
105,hoc_resisting_cell_death,Yes,No,0,No
106,hoc_resisting_cell_death,No,No,1,No
107,hoc_resisting_cell_death,Yes,No,0,No
108,hoc_resisting_cell_death,No,No,1,No
109,hoc_resisting_cell_death,No,No,1,No
110,hoc_resisting_cell_death,No,No,1,No
111,hoc_resisting_cell_death,No,No,1,No
112,hoc_resisting_cell_death,Yes,No,0,No
113,hoc_resisting_cell_death,No,No,1,No
114,hoc_resisting_cell_death,Yes,No,0,No
115,hoc_resisting_cell_death,No,No,1,No
116,hoc_resisting_cell_death,No,No,1,No
117,hoc_resisting_cell_death,No,No,1,No
118,hoc_resisting_cell_death,No,No,1,No
119,hoc_resisting_cell_death,No,No,1,No
120,hoc_resisting_cell_death,No,No,1,No
121,hoc_resisting_cell_death,No,No,1,No
122,hoc_resisting_cell_death,No,No,1,No
123,hoc_resisting_cell_death,Yes,No,0,No
124,hoc_resisting_cell_death,No,No,1,No
125,hoc_resisting_cell_death,No,No,1,No
126,hoc_resisting_cell_death,No,No,1,No
127,hoc_resisting_cell_death,Yes,No,0,No
128,hoc_resisting_cell_death,Yes,No,0,No
129,hoc_resisting_cell_death,Yes,No,0,No
130,hoc_resisting_cell_death,No,No,1,No
131,hoc_resisting_cell_death,No,No,1,No
132,hoc_resisting_cell_death,No,No,1,No
133,hoc_resisting_cell_death,No,Yes,0,Yes
134,hoc_resisting_cell_death,No,No,1,No
135,hoc_resisting_cell_death,No,No,1,No
136,hoc_resisting_cell_death,No,No,1,No
137,hoc_resisting_cell_death,Yes,No,0,No
138,hoc_resisting_cell_death,No,No,1,No
139,hoc_resisting_cell_death,No,No,1,No
140,hoc_resisting_cell_death,No,No,1,No
141,hoc_resisting_cell_death,No,No,1,No
142,hoc_resisting_cell_death,No,No,1,No
143,hoc_resisting_cell_death,No,Yes,0,Yes
144,hoc_resisting_cell_death,No,No,1,No
145,hoc_resisting_cell_death,No,No,1,No
146,hoc_resisting_cell_death,No,No,1,No
147,hoc_resisting_cell_death,Yes,Yes,1,Yes
148,hoc_resisting_cell_death,Yes,No,0,No
149,hoc_resisting_cell_death,No,No,1,No
150,hoc_resisting_cell_death,Yes,No,0,No
151,hoc_resisting_cell_death,No,No,1,No
152,hoc_resisting_cell_death,No,No,1,No
153,hoc_resisting_cell_death,No,No,1,No
154,hoc_resisting_cell_death,No,No,1,No
155,hoc_resisting_cell_death,Yes,Yes,1,Yes
156,hoc_resisting_cell_death,No,No,1,No
157,hoc_resisting_cell_death,No,No,1,No
158,hoc_resisting_cell_death,Yes,No,0,No
159,hoc_resisting_cell_death,No,No,1,No
160,hoc_resisting_cell_death,Yes,No,0,No
161,hoc_resisting_cell_death,No,No,1,No
162,hoc_resisting_cell_death,No,No,1,No
163,hoc_resisting_cell_death,No,No,1,No
164,hoc_resisting_cell_death,Yes,No,0,No
165,hoc_resisting_cell_death,No,No,1,No
166,hoc_resisting_cell_death,No,No,1,No
167,hoc_resisting_cell_death,No,No,1,No
168,hoc_resisting_cell_death,No,No,1,No
169,hoc_resisting_cell_death,No,No,1,No
170,hoc_resisting_cell_death,No,No,1,No
171,hoc_resisting_cell_death,No,No,1,No
172,hoc_resisting_cell_death,No,No,1,No
173,hoc_resisting_cell_death,No,No,1,No
174,hoc_resisting_cell_death,No,No,1,No
175,hoc_resisting_cell_death,No,No,1,No
176,hoc_resisting_cell_death,No,No,1,No
177,hoc_resisting_cell_death,No,No,1,No
178,hoc_resisting_cell_death,No,No,1,No
179,hoc_resisting_cell_death,No,No,1,No
180,hoc_resisting_cell_death,No,No,1,No
181,hoc_resisting_cell_death,No,No,1,No
182,hoc_resisting_cell_death,No,No,1,No
183,hoc_resisting_cell_death,No,No,1,No
184,hoc_resisting_cell_death,No,Yes,0,Yes
185,hoc_resisting_cell_death,No,No,1,No
186,hoc_resisting_cell_death,No,No,1,No
187,hoc_resisting_cell_death,No,No,1,No
188,hoc_resisting_cell_death,No,No,1,No
189,hoc_resisting_cell_death,No,No,1,No
190,hoc_resisting_cell_death,No,No,1,No
191,hoc_resisting_cell_death,Yes,No,0,No
192,hoc_resisting_cell_death,No,No,1,No
193,hoc_resisting_cell_death,No,No,1,No
194,hoc_resisting_cell_death,No,No,1,No
195,hoc_resisting_cell_death,No,No,1,No
196,hoc_resisting_cell_death,Yes,Yes,1,Yes
197,hoc_resisting_cell_death,No,No,1,No
198,hoc_resisting_cell_death,No,No,1,No
199,hoc_resisting_cell_death,No,No,1,No
200,hoc_resisting_cell_death,No,No,1,No
201,hoc_resisting_cell_death,No,No,1,No
202,hoc_resisting_cell_death,No,No,1,No
203,hoc_resisting_cell_death,No,No,1,No
204,hoc_resisting_cell_death,Yes,No,0,No
205,hoc_resisting_cell_death,Yes,No,0,No
206,hoc_resisting_cell_death,Yes,No,0,No
207,hoc_resisting_cell_death,Yes,Yes,1,Yes
208,hoc_resisting_cell_death,No,No,1,No
209,hoc_resisting_cell_death,No,No,1,No
210,hoc_resisting_cell_death,No,No,1,No
211,hoc_resisting_cell_death,Yes,No,0,No
212,hoc_resisting_cell_death,No,No,1,No
213,hoc_resisting_cell_death,Yes,No,0,No
214,hoc_resisting_cell_death,No,No,1,No
215,hoc_resisting_cell_death,No,No,1,No
216,hoc_resisting_cell_death,Yes,No,0,No
217,hoc_resisting_cell_death,No,No,1,No
218,hoc_resisting_cell_death,No,No,1,No
219,hoc_resisting_cell_death,No,No,1,No
220,hoc_resisting_cell_death,No,Yes,0,Yes
221,hoc_resisting_cell_death,Yes,No,0,No
222,hoc_resisting_cell_death,No,No,1,No
223,hoc_resisting_cell_death,No,No,1,No
224,hoc_resisting_cell_death,No,Yes,0,Yes
225,hoc_resisting_cell_death,No,No,1,No
226,hoc_resisting_cell_death,No,No,1,No
227,hoc_resisting_cell_death,No,No,1,No
228,hoc_resisting_cell_death,No,No,1,No
229,hoc_resisting_cell_death,No,No,1,No
230,hoc_resisting_cell_death,Yes,No,0,No
231,hoc_resisting_cell_death,Yes,No,0,No
232,hoc_resisting_cell_death,Yes,No,0,No
233,hoc_resisting_cell_death,No,Yes,0,Yes
234,hoc_resisting_cell_death,No,No,1,No
235,hoc_resisting_cell_death,No,Yes,0,Yes
236,hoc_resisting_cell_death,No,Yes,0,Yes
237,hoc_resisting_cell_death,No,No,1,No
238,hoc_resisting_cell_death,Yes,No,0,No
239,hoc_resisting_cell_death,No,No,1,No
240,hoc_resisting_cell_death,Yes,No,0,No
241,hoc_resisting_cell_death,No,No,1,No
242,hoc_resisting_cell_death,No,No,1,No
243,hoc_resisting_cell_death,No,No,1,No
244,hoc_resisting_cell_death,No,No,1,No
245,hoc_resisting_cell_death,No,No,1,No
246,hoc_resisting_cell_death,No,No,1,No
247,hoc_resisting_cell_death,No,No,1,No
248,hoc_resisting_cell_death,No,No,1,No
249,hoc_resisting_cell_death,No,No,1,No
250,hoc_resisting_cell_death,Yes,No,0,No
251,hoc_resisting_cell_death,No,Yes,0,Yes
252,hoc_resisting_cell_death,Yes,Yes,1,Yes
253,hoc_resisting_cell_death,No,No,1,No
254,hoc_resisting_cell_death,No,No,1,No
255,hoc_resisting_cell_death,Yes,No,0,No
256,hoc_resisting_cell_death,Yes,No,0,No
257,hoc_resisting_cell_death,No,No,1,No
258,hoc_resisting_cell_death,No,No,1,No
259,hoc_resisting_cell_death,No,No,1,No
260,hoc_resisting_cell_death,No,No,1,No
261,hoc_resisting_cell_death,No,No,1,No
262,hoc_resisting_cell_death,Yes,No,0,No
263,hoc_resisting_cell_death,No,No,1,No
264,hoc_resisting_cell_death,No,No,1,No
265,hoc_resisting_cell_death,No,No,1,No
266,hoc_resisting_cell_death,No,No,1,No
267,hoc_resisting_cell_death,No,No,1,No
268,hoc_resisting_cell_death,No,No,1,No
269,hoc_resisting_cell_death,No,No,1,No
270,hoc_resisting_cell_death,No,No,1,No
271,hoc_resisting_cell_death,Yes,No,0,No
272,hoc_resisting_cell_death,Yes,No,0,No
273,hoc_resisting_cell_death,No,No,1,No
274,hoc_resisting_cell_death,No,No,1,No
275,hoc_resisting_cell_death,No,Yes,0,Yes
276,hoc_resisting_cell_death,No,No,1,No
277,hoc_resisting_cell_death,Yes,No,0,No
278,hoc_resisting_cell_death,Yes,No,0,No
279,hoc_resisting_cell_death,Yes,No,0,No
280,hoc_resisting_cell_death,Yes,No,0,No
281,hoc_resisting_cell_death,No,No,1,No
282,hoc_resisting_cell_death,Yes,No,0,No
283,hoc_resisting_cell_death,No,No,1,No
284,hoc_resisting_cell_death,No,No,1,No
285,hoc_resisting_cell_death,No,No,1,No
286,hoc_resisting_cell_death,No,No,1,No
287,hoc_resisting_cell_death,No,No,1,No
288,hoc_resisting_cell_death,No,No,1,No
289,hoc_resisting_cell_death,Yes,No,0,No
290,hoc_resisting_cell_death,No,No,1,No
291,hoc_resisting_cell_death,No,No,1,No
292,hoc_resisting_cell_death,Yes,No,0,No
293,hoc_resisting_cell_death,Yes,No,0,No
294,hoc_resisting_cell_death,No,Yes,0,Yes
295,hoc_resisting_cell_death,No,No,1,No
296,hoc_resisting_cell_death,No,No,1,No
297,hoc_resisting_cell_death,No,No,1,No
298,hoc_resisting_cell_death,Yes,No,0,No
299,hoc_resisting_cell_death,No,No,1,No
300,hoc_resisting_cell_death,No,Yes,0,Yes
301,hoc_resisting_cell_death,No,No,1,No
302,hoc_resisting_cell_death,No,No,1,No
303,hoc_resisting_cell_death,No,No,1,No
304,hoc_resisting_cell_death,No,No,1,No
305,hoc_resisting_cell_death,No,No,1,No
306,hoc_resisting_cell_death,No,No,1,No
307,hoc_resisting_cell_death,No,No,1,No
308,hoc_resisting_cell_death,No,No,1,No
309,hoc_resisting_cell_death,No,No,1,No
310,hoc_resisting_cell_death,No,No,1,No
311,hoc_resisting_cell_death,No,Yes,0,Yes
312,hoc_resisting_cell_death,No,No,1,No
313,hoc_resisting_cell_death,No,Yes,0,Yes
314,hoc_resisting_cell_death,No,No,1,No
315,hoc_resisting_cell_death,No,No,1,No
316,hoc_resisting_cell_death,No,No,1,No
317,hoc_resisting_cell_death,No,No,1,No
318,hoc_resisting_cell_death,No,No,1,No
319,hoc_resisting_cell_death,No,No,1,No
320,hoc_resisting_cell_death,No,No,1,No
321,hoc_resisting_cell_death,No,Yes,0,Yes
322,hoc_resisting_cell_death,No,No,1,No
323,hoc_resisting_cell_death,No,No,1,No
324,hoc_resisting_cell_death,No,No,1,No
325,hoc_resisting_cell_death,No,No,1,No
326,hoc_resisting_cell_death,No,No,1,No
327,hoc_resisting_cell_death,No,No,1,No
328,hoc_resisting_cell_death,No,No,1,No
329,hoc_resisting_cell_death,No,Yes,0,Yes
330,hoc_resisting_cell_death,No,No,1,No
331,hoc_resisting_cell_death,No,No,1,No
332,hoc_resisting_cell_death,No,No,1,No
333,hoc_resisting_cell_death,No,No,1,No
334,hoc_resisting_cell_death,No,No,1,No
335,hoc_resisting_cell_death,No,No,1,No
336,hoc_resisting_cell_death,No,No,1,No
337,hoc_resisting_cell_death,No,No,1,No
338,hoc_resisting_cell_death,No,No,1,No
339,hoc_resisting_cell_death,No,No,1,No
340,hoc_resisting_cell_death,No,No,1,No
341,hoc_resisting_cell_death,No,No,1,No
342,hoc_resisting_cell_death,No,No,1,No
343,hoc_resisting_cell_death,No,No,1,No
344,hoc_resisting_cell_death,No,No,1,No
345,hoc_resisting_cell_death,No,No,1,No
346,hoc_resisting_cell_death,No,No,1,No
347,hoc_resisting_cell_death,No,No,1,No
348,hoc_resisting_cell_death,No,No,1,No
349,hoc_resisting_cell_death,No,No,1,No
350,hoc_resisting_cell_death,No,No,1,No
351,hoc_resisting_cell_death,No,No,1,No
352,hoc_resisting_cell_death,No,No,1,No
353,hoc_resisting_cell_death,No,No,1,No
354,hoc_resisting_cell_death,No,No,1,No
355,hoc_resisting_cell_death,Yes,No,0,No
356,hoc_resisting_cell_death,No,No,1,No
357,hoc_resisting_cell_death,No,No,1,No
358,hoc_resisting_cell_death,No,No,1,No
359,hoc_resisting_cell_death,No,No,1,No
360,hoc_resisting_cell_death,No,Yes,0,Yes
361,hoc_resisting_cell_death,No,No,1,No
362,hoc_resisting_cell_death,No,No,1,No
363,hoc_resisting_cell_death,No,No,1,No
364,hoc_resisting_cell_death,Yes,No,0,No
365,hoc_resisting_cell_death,No,No,1,No
366,hoc_resisting_cell_death,No,No,1,No
367,hoc_resisting_cell_death,No,No,1,No
368,hoc_resisting_cell_death,Yes,No,0,No
369,hoc_resisting_cell_death,Yes,No,0,No
370,hoc_resisting_cell_death,Yes,No,0,No
371,hoc_resisting_cell_death,No,No,1,No
372,hoc_resisting_cell_death,No,No,1,No
373,hoc_resisting_cell_death,Yes,Yes,1,Yes
374,hoc_resisting_cell_death,No,No,1,No
375,hoc_resisting_cell_death,No,No,1,No
376,hoc_resisting_cell_death,No,No,1,No
377,hoc_resisting_cell_death,No,No,1,No
378,hoc_resisting_cell_death,No,Yes,0,Yes
379,hoc_resisting_cell_death,No,No,1,No
380,hoc_resisting_cell_death,No,No,1,No
381,hoc_resisting_cell_death,No,No,1,No
382,hoc_resisting_cell_death,No,No,1,No
383,hoc_resisting_cell_death,Yes,No,0,No
384,hoc_resisting_cell_death,No,No,1,No
385,hoc_resisting_cell_death,No,No,1,No
386,hoc_resisting_cell_death,No,No,1,No
387,hoc_resisting_cell_death,No,No,1,No
388,hoc_resisting_cell_death,No,No,1,No
389,hoc_resisting_cell_death,No,No,1,No
390,hoc_resisting_cell_death,Yes,No,0,No
391,hoc_resisting_cell_death,No,No,1,No
392,hoc_resisting_cell_death,No,No,1,No
393,hoc_resisting_cell_death,Yes,No,0,No
394,hoc_resisting_cell_death,No,No,1,No
395,hoc_resisting_cell_death,No,No,1,No
396,hoc_resisting_cell_death,No,No,1,No
397,hoc_resisting_cell_death,No,No,1,No
398,hoc_resisting_cell_death,No,No,1,No
399,hoc_resisting_cell_death,No,No,1,No
400,hoc_resisting_cell_death,Yes,No,0,No
401,hoc_resisting_cell_death,No,No,1,No
402,hoc_resisting_cell_death,No,Yes,0,Yes
403,hoc_resisting_cell_death,No,No,1,No
404,hoc_resisting_cell_death,No,No,1,No
405,hoc_resisting_cell_death,No,No,1,No
406,hoc_resisting_cell_death,Yes,No,0,No
407,hoc_resisting_cell_death,No,No,1,No
408,hoc_resisting_cell_death,No,No,1,No
409,hoc_resisting_cell_death,No,No,1,No
410,hoc_resisting_cell_death,Yes,No,0,No
411,hoc_resisting_cell_death,No,No,1,No
412,hoc_resisting_cell_death,No,No,1,No
413,hoc_resisting_cell_death,No,No,1,No
414,hoc_resisting_cell_death,No,No,1,No
415,hoc_resisting_cell_death,No,No,1,No
416,hoc_resisting_cell_death,No,Yes,0,Yes
417,hoc_resisting_cell_death,Yes,No,0,No
418,hoc_resisting_cell_death,No,No,1,No
419,hoc_resisting_cell_death,No,Yes,0,Yes
420,hoc_resisting_cell_death,No,No,1,No
421,hoc_resisting_cell_death,No,Yes,0,Yes
422,hoc_resisting_cell_death,No,No,1,No
423,hoc_resisting_cell_death,No,No,1,No
424,hoc_resisting_cell_death,No,No,1,No
425,hoc_resisting_cell_death,No,No,1,No
426,hoc_resisting_cell_death,No,No,1,No
427,hoc_resisting_cell_death,No,No,1,No
428,hoc_resisting_cell_death,No,No,1,No
429,hoc_resisting_cell_death,No,No,1,No
430,hoc_resisting_cell_death,No,No,1,No
431,hoc_resisting_cell_death,No,No,1,No
432,hoc_resisting_cell_death,Yes,No,0,No
433,hoc_resisting_cell_death,Yes,Yes,1,Yes
434,hoc_resisting_cell_death,Yes,No,0,No
435,hoc_resisting_cell_death,No,No,1,No
436,hoc_resisting_cell_death,Yes,No,0,No
437,hoc_resisting_cell_death,No,Yes,0,Yes
438,hoc_resisting_cell_death,No,No,1,No
439,hoc_resisting_cell_death,Yes,No,0,No
440,hoc_resisting_cell_death,Yes,Yes,1,Yes
441,hoc_resisting_cell_death,No,No,1,No
442,hoc_resisting_cell_death,Yes,No,0,No
443,hoc_resisting_cell_death,No,No,1,No
444,hoc_resisting_cell_death,No,No,1,No
445,hoc_resisting_cell_death,No,No,1,No
446,hoc_resisting_cell_death,No,No,1,No
447,hoc_resisting_cell_death,No,No,1,No
448,hoc_resisting_cell_death,No,Yes,0,Yes
449,hoc_resisting_cell_death,No,No,1,No
450,hoc_resisting_cell_death,Yes,No,0,No
451,hoc_resisting_cell_death,No,No,1,No
452,hoc_resisting_cell_death,No,Yes,0,Yes
453,hoc_resisting_cell_death,No,No,1,No
454,hoc_resisting_cell_death,No,No,1,No
455,hoc_resisting_cell_death,No,No,1,No
456,hoc_resisting_cell_death,No,No,1,No
457,hoc_resisting_cell_death,No,No,1,No
458,hoc_resisting_cell_death,No,No,1,No
459,hoc_resisting_cell_death,No,No,1,No
460,hoc_resisting_cell_death,No,No,1,No
461,hoc_resisting_cell_death,No,Yes,0,Yes
462,hoc_resisting_cell_death,No,No,1,No
463,hoc_resisting_cell_death,No,No,1,No
464,hoc_resisting_cell_death,Yes,No,0,No
465,hoc_resisting_cell_death,No,No,1,No
466,hoc_resisting_cell_death,No,No,1,No
467,hoc_resisting_cell_death,No,No,1,No
468,hoc_resisting_cell_death,No,No,1,No
469,hoc_resisting_cell_death,Yes,No,0,No
470,hoc_resisting_cell_death,No,No,1,No
471,hoc_resisting_cell_death,No,No,1,No
472,hoc_resisting_cell_death,No,No,1,No
473,hoc_resisting_cell_death,No,No,1,No
474,hoc_resisting_cell_death,Yes,No,0,No
475,hoc_resisting_cell_death,No,No,1,No
476,hoc_resisting_cell_death,No,No,1,No
477,hoc_resisting_cell_death,No,No,1,No
478,hoc_resisting_cell_death,No,No,1,No
479,hoc_resisting_cell_death,No,No,1,No
480,hoc_resisting_cell_death,No,No,1,No
481,hoc_resisting_cell_death,No,No,1,No
482,hoc_resisting_cell_death,No,No,1,No
483,hoc_resisting_cell_death,No,No,1,No
484,hoc_resisting_cell_death,No,Yes,0,Yes
485,hoc_resisting_cell_death,No,No,1,No
486,hoc_resisting_cell_death,No,No,1,No
487,hoc_resisting_cell_death,No,Yes,0,Yes
488,hoc_resisting_cell_death,No,No,1,No
489,hoc_resisting_cell_death,No,Yes,0,Yes
490,hoc_resisting_cell_death,No,No,1,No
491,hoc_resisting_cell_death,No,Yes,0,Yes
492,hoc_resisting_cell_death,No,No,1,No
493,hoc_resisting_cell_death,No,No,1,No
494,hoc_resisting_cell_death,Yes,No,0,No
495,hoc_resisting_cell_death,No,No,1,No
496,hoc_resisting_cell_death,No,No,1,No
497,hoc_resisting_cell_death,Yes,No,0,No
498,hoc_resisting_cell_death,No,No,1,No
499,hoc_resisting_cell_death,No,No,1,No
500,hoc_resisting_cell_death,No,No,1,No
501,hoc_resisting_cell_death,No,No,1,No
502,hoc_resisting_cell_death,No,No,1,No
503,hoc_resisting_cell_death,No,No,1,No
504,hoc_resisting_cell_death,No,No,1,No
505,hoc_resisting_cell_death,Yes,Yes,1,Yes
506,hoc_resisting_cell_death,Yes,No,0,No
507,hoc_resisting_cell_death,No,No,1,No
508,hoc_resisting_cell_death,No,Yes,0,Yes
509,hoc_resisting_cell_death,No,No,1,No
510,hoc_resisting_cell_death,No,Yes,0,Yes
511,hoc_resisting_cell_death,No,No,1,No
512,hoc_resisting_cell_death,No,Yes,0,Yes
513,hoc_resisting_cell_death,No,No,1,No
514,hoc_resisting_cell_death,No,No,1,No
515,hoc_resisting_cell_death,No,No,1,No
516,hoc_resisting_cell_death,No,No,1,No
517,hoc_resisting_cell_death,No,No,1,No
518,hoc_resisting_cell_death,No,No,1,No
519,hoc_resisting_cell_death,No,No,1,No
520,hoc_resisting_cell_death,No,No,1,No
521,hoc_resisting_cell_death,No,No,1,No
522,hoc_resisting_cell_death,No,No,1,No
523,hoc_resisting_cell_death,No,Yes,0,Yes
524,hoc_resisting_cell_death,No,No,1,No
525,hoc_resisting_cell_death,No,No,1,No
526,hoc_resisting_cell_death,No,No,1,No
527,hoc_resisting_cell_death,No,No,1,No
528,hoc_resisting_cell_death,No,No,1,No
529,hoc_resisting_cell_death,Yes,Yes,1,Yes
530,hoc_resisting_cell_death,No,Yes,0,Yes
531,hoc_resisting_cell_death,Yes,No,0,No
532,hoc_resisting_cell_death,No,No,1,No
533,hoc_resisting_cell_death,No,No,1,No
534,hoc_resisting_cell_death,No,No,1,No
535,hoc_resisting_cell_death,Yes,No,0,No
536,hoc_resisting_cell_death,Yes,Yes,1,Yes
537,hoc_resisting_cell_death,No,No,1,No
538,hoc_resisting_cell_death,No,No,1,No
539,hoc_resisting_cell_death,Yes,No,0,No
540,hoc_resisting_cell_death,No,No,1,No
541,hoc_resisting_cell_death,No,No,1,No
542,hoc_resisting_cell_death,No,Yes,0,Yes
543,hoc_resisting_cell_death,No,No,1,No
544,hoc_resisting_cell_death,No,Yes,0,Yes
545,hoc_resisting_cell_death,Yes,No,0,No
546,hoc_resisting_cell_death,No,No,1,No
547,hoc_resisting_cell_death,No,No,1,No
548,hoc_resisting_cell_death,No,Yes,0,Yes
549,hoc_resisting_cell_death,No,No,1,No
550,hoc_resisting_cell_death,Yes,No,0,No
551,hoc_resisting_cell_death,Yes,No,0,No
552,hoc_resisting_cell_death,No,No,1,No
553,hoc_resisting_cell_death,Yes,No,0,No
554,hoc_resisting_cell_death,No,No,1,No
555,hoc_resisting_cell_death,Yes,No,0,No
556,hoc_resisting_cell_death,No,No,1,No
557,hoc_resisting_cell_death,Yes,No,0,No
558,hoc_resisting_cell_death,Yes,No,0,No
559,hoc_resisting_cell_death,Yes,No,0,No
560,hoc_resisting_cell_death,Yes,No,0,No
561,hoc_resisting_cell_death,Yes,No,0,No
562,hoc_resisting_cell_death,No,No,1,No
563,hoc_resisting_cell_death,Yes,No,0,No
564,hoc_resisting_cell_death,Yes,No,0,No
565,hoc_resisting_cell_death,Yes,No,0,No
566,hoc_resisting_cell_death,No,No,1,No
567,hoc_resisting_cell_death,Yes,No,0,No
568,hoc_resisting_cell_death,Yes,No,0,No
569,hoc_resisting_cell_death,Yes,No,0,No
570,hoc_resisting_cell_death,No,No,1,No
571,hoc_resisting_cell_death,No,No,1,No
572,hoc_resisting_cell_death,No,No,1,No
573,hoc_resisting_cell_death,Yes,No,0,No
574,hoc_resisting_cell_death,No,No,1,No
575,hoc_resisting_cell_death,No,No,1,No
576,hoc_resisting_cell_death,No,No,1,No
577,hoc_resisting_cell_death,Yes,No,0,No
578,hoc_resisting_cell_death,Yes,No,0,No
579,hoc_resisting_cell_death,No,No,1,No
580,hoc_resisting_cell_death,Yes,No,0,No
581,hoc_resisting_cell_death,Yes,Yes,1,Yes
582,hoc_resisting_cell_death,No,No,1,No
583,hoc_resisting_cell_death,No,No,1,No
584,hoc_resisting_cell_death,No,Yes,0,Yes
585,hoc_resisting_cell_death,Yes,No,0,No
586,hoc_resisting_cell_death,No,Yes,0,Yes
587,hoc_resisting_cell_death,No,No,1,No
588,hoc_resisting_cell_death,Yes,No,0,No
589,hoc_resisting_cell_death,Yes,No,0,No
590,hoc_resisting_cell_death,No,Yes,0,Yes
591,hoc_resisting_cell_death,No,Yes,0,Yes
592,hoc_resisting_cell_death,No,No,1,No
593,hoc_resisting_cell_death,Yes,No,0,No
594,hoc_resisting_cell_death,No,No,1,No
595,hoc_resisting_cell_death,No,No,1,No
596,hoc_resisting_cell_death,Yes,No,0,No
597,hoc_resisting_cell_death,No,Yes,0,Yes
598,hoc_resisting_cell_death,No,No,1,No
599,hoc_resisting_cell_death,Yes,No,0,No
600,hoc_resisting_cell_death,Yes,No,0,No
601,hoc_resisting_cell_death,No,No,1,No
602,hoc_resisting_cell_death,No,No,1,No
603,hoc_resisting_cell_death,No,No,1,No
604,hoc_resisting_cell_death,No,No,1,No
605,hoc_resisting_cell_death,Yes,No,0,No
606,hoc_resisting_cell_death,Yes,No,0,No
607,hoc_resisting_cell_death,Yes,No,0,No
608,hoc_resisting_cell_death,No,No,1,No
609,hoc_resisting_cell_death,No,No,1,No
610,hoc_resisting_cell_death,No,No,1,No
611,hoc_resisting_cell_death,No,No,1,No
612,hoc_resisting_cell_death,Yes,No,0,No
613,hoc_resisting_cell_death,Yes,No,0,No
614,hoc_resisting_cell_death,Yes,No,0,No
615,hoc_resisting_cell_death,No,No,1,No
616,hoc_resisting_cell_death,Yes,No,0,No
617,hoc_resisting_cell_death,No,No,1,No
618,hoc_resisting_cell_death,No,No,1,No
619,hoc_resisting_cell_death,No,No,1,No
620,hoc_resisting_cell_death,Yes,No,0,No
621,hoc_resisting_cell_death,No,No,1,No
622,hoc_resisting_cell_death,No,No,1,No
623,hoc_resisting_cell_death,Yes,No,0,No
624,hoc_resisting_cell_death,No,No,1,No
625,hoc_resisting_cell_death,No,No,1,No
626,hoc_resisting_cell_death,No,No,1,No
627,hoc_resisting_cell_death,No,No,1,No
628,hoc_resisting_cell_death,No,No,1,No
629,hoc_resisting_cell_death,No,Yes,0,Yes
630,hoc_resisting_cell_death,No,No,1,No
631,hoc_resisting_cell_death,Yes,No,0,No
632,hoc_resisting_cell_death,Yes,No,0,No
633,hoc_resisting_cell_death,No,No,1,No
634,hoc_resisting_cell_death,No,No,1,No
635,hoc_resisting_cell_death,No,No,1,No
636,hoc_resisting_cell_death,No,No,1,No
637,hoc_resisting_cell_death,Yes,No,0,No
638,hoc_resisting_cell_death,Yes,No,0,No
639,hoc_resisting_cell_death,Yes,No,0,No
640,hoc_resisting_cell_death,Yes,No,0,No
641,hoc_resisting_cell_death,Yes,No,0,No
642,hoc_resisting_cell_death,No,No,1,No
643,hoc_resisting_cell_death,No,Yes,0,Yes
644,hoc_resisting_cell_death,No,No,1,No
645,hoc_resisting_cell_death,No,No,1,No
646,hoc_resisting_cell_death,Yes,No,0,No
647,hoc_resisting_cell_death,No,No,1,No
648,hoc_resisting_cell_death,Yes,No,0,No
649,hoc_resisting_cell_death,No,Yes,0,Yes
650,hoc_resisting_cell_death,No,No,1,No
651,hoc_resisting_cell_death,No,No,1,No
652,hoc_resisting_cell_death,Yes,No,0,No
653,hoc_resisting_cell_death,Yes,No,0,No
654,hoc_resisting_cell_death,No,No,1,No
655,hoc_resisting_cell_death,No,No,1,No
656,hoc_resisting_cell_death,No,No,1,No
657,hoc_resisting_cell_death,No,No,1,No
658,hoc_resisting_cell_death,Yes,Yes,1,Yes
659,hoc_resisting_cell_death,No,No,1,No
660,hoc_resisting_cell_death,No,No,1,No
661,hoc_resisting_cell_death,No,No,1,No
662,hoc_resisting_cell_death,Yes,No,0,No
663,hoc_resisting_cell_death,No,No,1,No
664,hoc_resisting_cell_death,Yes,No,0,No
665,hoc_resisting_cell_death,Yes,No,0,No
666,hoc_resisting_cell_death,No,No,1,No
667,hoc_resisting_cell_death,No,No,1,No
668,hoc_resisting_cell_death,No,No,1,No
669,hoc_resisting_cell_death,No,No,1,No
670,hoc_resisting_cell_death,Yes,No,0,No
671,hoc_resisting_cell_death,No,No,1,No
672,hoc_resisting_cell_death,No,No,1,No
673,hoc_resisting_cell_death,Yes,No,0,No
674,hoc_resisting_cell_death,No,No,1,No
675,hoc_resisting_cell_death,Yes,No,0,No
676,hoc_resisting_cell_death,Yes,No,0,No
677,hoc_resisting_cell_death,Yes,No,0,No
678,hoc_resisting_cell_death,No,No,1,No
679,hoc_resisting_cell_death,No,No,1,No
680,hoc_resisting_cell_death,Yes,No,0,No
681,hoc_resisting_cell_death,Yes,No,0,No
682,hoc_resisting_cell_death,No,Yes,0,Yes
683,hoc_resisting_cell_death,No,No,1,No
684,hoc_resisting_cell_death,Yes,No,0,No
685,hoc_resisting_cell_death,Yes,No,0,No
686,hoc_resisting_cell_death,No,No,1,No
687,hoc_resisting_cell_death,Yes,No,0,No
688,hoc_resisting_cell_death,Yes,No,0,No
689,hoc_resisting_cell_death,No,No,1,No
690,hoc_resisting_cell_death,Yes,No,0,No
691,hoc_resisting_cell_death,No,No,1,No
692,hoc_resisting_cell_death,Yes,Yes,1,Yes
693,hoc_resisting_cell_death,Yes,No,0,No
694,hoc_resisting_cell_death,Yes,No,0,No
695,hoc_resisting_cell_death,No,No,1,No
696,hoc_resisting_cell_death,No,No,1,No
697,hoc_resisting_cell_death,Yes,No,0,No
698,hoc_resisting_cell_death,No,No,1,No
699,hoc_resisting_cell_death,No,No,1,No
700,hoc_resisting_cell_death,Yes,Yes,1,Yes
701,hoc_resisting_cell_death,No,No,1,No
702,hoc_resisting_cell_death,Yes,Yes,1,Yes
703,hoc_resisting_cell_death,Yes,No,0,No
704,hoc_resisting_cell_death,No,No,1,No
705,hoc_resisting_cell_death,No,No,1,No
706,hoc_resisting_cell_death,Yes,No,0,No
707,hoc_resisting_cell_death,Yes,No,0,No
708,hoc_resisting_cell_death,No,No,1,No
709,hoc_resisting_cell_death,Yes,No,0,No
710,hoc_resisting_cell_death,Yes,No,0,No
711,hoc_resisting_cell_death,No,Yes,0,Yes
712,hoc_resisting_cell_death,No,No,1,No
713,hoc_resisting_cell_death,No,No,1,No
714,hoc_resisting_cell_death,No,No,1,No
715,hoc_resisting_cell_death,Yes,No,0,No
716,hoc_resisting_cell_death,No,No,1,No
717,hoc_resisting_cell_death,No,No,1,No
718,hoc_resisting_cell_death,No,No,1,No
719,hoc_resisting_cell_death,Yes,No,0,No
720,hoc_resisting_cell_death,No,No,1,No
721,hoc_resisting_cell_death,No,No,1,No
722,hoc_resisting_cell_death,No,No,1,No
723,hoc_resisting_cell_death,No,No,1,No
724,hoc_resisting_cell_death,No,No,1,No
725,hoc_resisting_cell_death,Yes,No,0,No
726,hoc_resisting_cell_death,No,Yes,0,Yes
727,hoc_resisting_cell_death,No,No,1,No
728,hoc_resisting_cell_death,No,No,1,No
729,hoc_resisting_cell_death,Yes,Yes,1,Yes
730,hoc_resisting_cell_death,No,No,1,No
731,hoc_resisting_cell_death,Yes,No,0,No
732,hoc_resisting_cell_death,No,Yes,0,Yes
733,hoc_resisting_cell_death,No,No,1,No
734,hoc_resisting_cell_death,No,No,1,No
735,hoc_resisting_cell_death,Yes,No,0,No
736,hoc_resisting_cell_death,No,No,1,No
737,hoc_resisting_cell_death,Yes,No,0,No
738,hoc_resisting_cell_death,No,No,1,No
739,hoc_resisting_cell_death,No,No,1,No
740,hoc_resisting_cell_death,No,No,1,No
741,hoc_resisting_cell_death,Yes,Yes,1,Yes
742,hoc_resisting_cell_death,Yes,No,0,No
743,hoc_resisting_cell_death,No,No,1,No
744,hoc_resisting_cell_death,No,No,1,No
745,hoc_resisting_cell_death,Yes,No,0,No
746,hoc_resisting_cell_death,No,No,1,No
747,hoc_resisting_cell_death,No,No,1,No
748,hoc_resisting_cell_death,No,No,1,No
749,hoc_resisting_cell_death,Yes,No,0,No
750,hoc_resisting_cell_death,No,No,1,No
751,hoc_resisting_cell_death,Yes,No,0,No
752,hoc_resisting_cell_death,No,No,1,No
753,hoc_resisting_cell_death,Yes,No,0,No
754,hoc_resisting_cell_death,No,Yes,0,Yes
755,hoc_resisting_cell_death,No,No,1,No
756,hoc_resisting_cell_death,No,Yes,0,Yes
757,hoc_resisting_cell_death,No,No,1,No
758,hoc_resisting_cell_death,No,No,1,No
759,hoc_resisting_cell_death,No,Yes,0,Yes
760,hoc_resisting_cell_death,No,Yes,0,Yes
761,hoc_resisting_cell_death,No,No,1,No
762,hoc_resisting_cell_death,Yes,No,0,No
763,hoc_resisting_cell_death,No,No,1,No
764,hoc_resisting_cell_death,Yes,No,0,No
765,hoc_resisting_cell_death,No,No,1,No
766,hoc_resisting_cell_death,Yes,No,0,No
767,hoc_resisting_cell_death,No,No,1,No
768,hoc_resisting_cell_death,Yes,No,0,No
769,hoc_resisting_cell_death,Yes,No,0,No
770,hoc_resisting_cell_death,No,No,1,No
771,hoc_resisting_cell_death,No,No,1,No
772,hoc_resisting_cell_death,No,No,1,No
773,hoc_resisting_cell_death,No,Yes,0,Yes
774,hoc_resisting_cell_death,Yes,No,0,No
775,hoc_resisting_cell_death,Yes,No,0,No
776,hoc_resisting_cell_death,Yes,No,0,No
777,hoc_resisting_cell_death,No,No,1,No
778,hoc_resisting_cell_death,No,No,1,No
779,hoc_resisting_cell_death,No,Yes,0,Yes
780,hoc_resisting_cell_death,Yes,No,0,No
781,hoc_resisting_cell_death,No,Yes,0,Yes
782,hoc_resisting_cell_death,No,No,1,No
783,hoc_resisting_cell_death,Yes,No,0,No
784,hoc_resisting_cell_death,No,No,1,No
785,hoc_resisting_cell_death,No,No,1,No
786,hoc_resisting_cell_death,No,No,1,No
787,hoc_resisting_cell_death,No,No,1,No
788,hoc_resisting_cell_death,No,No,1,No
789,hoc_resisting_cell_death,No,No,1,No
790,hoc_resisting_cell_death,No,Yes,0,Yes
791,hoc_resisting_cell_death,No,Yes,0,Yes
792,hoc_resisting_cell_death,No,No,1,No
793,hoc_resisting_cell_death,No,No,1,No
794,hoc_resisting_cell_death,No,No,1,No
795,hoc_resisting_cell_death,No,No,1,No
796,hoc_resisting_cell_death,No,No,1,No
797,hoc_resisting_cell_death,No,No,1,No
798,hoc_resisting_cell_death,Yes,No,0,No
799,hoc_resisting_cell_death,No,No,1,No
800,hoc_resisting_cell_death,No,Yes,0,Yes
801,hoc_resisting_cell_death,No,No,1,No
802,hoc_resisting_cell_death,Yes,No,0,No
803,hoc_resisting_cell_death,No,No,1,No
804,hoc_resisting_cell_death,Yes,No,0,No
805,hoc_resisting_cell_death,No,No,1,No
806,hoc_resisting_cell_death,No,No,1,No
807,hoc_resisting_cell_death,No,No,1,No
808,hoc_resisting_cell_death,No,Yes,0,Yes
809,hoc_resisting_cell_death,No,No,1,No
810,hoc_resisting_cell_death,No,Yes,0,Yes
811,hoc_resisting_cell_death,Yes,No,0,No
812,hoc_resisting_cell_death,No,No,1,No
813,hoc_resisting_cell_death,Yes,No,0,No
814,hoc_resisting_cell_death,No,No,1,No
815,hoc_resisting_cell_death,No,No,1,No
816,hoc_resisting_cell_death,No,No,1,No
817,hoc_resisting_cell_death,No,No,1,No
818,hoc_resisting_cell_death,Yes,Yes,1,Yes
819,hoc_resisting_cell_death,No,No,1,No
820,hoc_resisting_cell_death,No,Yes,0,Yes
821,hoc_resisting_cell_death,No,No,1,No
822,hoc_resisting_cell_death,No,No,1,No
823,hoc_resisting_cell_death,No,No,1,No
824,hoc_resisting_cell_death,No,No,1,No
825,hoc_resisting_cell_death,No,No,1,No
826,hoc_resisting_cell_death,No,No,1,No
827,hoc_resisting_cell_death,No,No,1,No
828,hoc_resisting_cell_death,No,No,1,No
829,hoc_resisting_cell_death,No,No,1,No
830,hoc_resisting_cell_death,No,Yes,0,Yes
831,hoc_resisting_cell_death,No,No,1,No
832,hoc_resisting_cell_death,No,No,1,No
833,hoc_resisting_cell_death,Yes,No,0,No
834,hoc_resisting_cell_death,Yes,No,0,No
835,hoc_resisting_cell_death,No,No,1,No
836,hoc_resisting_cell_death,No,No,1,No
837,hoc_resisting_cell_death,No,No,1,No
838,hoc_resisting_cell_death,No,Yes,0,Yes
839,hoc_resisting_cell_death,No,No,1,No
840,hoc_resisting_cell_death,Yes,No,0,No
841,hoc_resisting_cell_death,No,No,1,No
842,hoc_resisting_cell_death,No,No,1,No
843,hoc_resisting_cell_death,No,No,1,No
844,hoc_resisting_cell_death,No,No,1,No
845,hoc_resisting_cell_death,No,No,1,No
846,hoc_resisting_cell_death,No,No,1,No
847,hoc_resisting_cell_death,No,No,1,No
848,hoc_resisting_cell_death,No,No,1,No
849,hoc_resisting_cell_death,Yes,No,0,No
850,hoc_resisting_cell_death,No,No,1,No
851,hoc_resisting_cell_death,No,No,1,No
852,hoc_resisting_cell_death,No,No,1,No
853,hoc_resisting_cell_death,No,No,1,No
854,hoc_resisting_cell_death,Yes,No,0,No
855,hoc_resisting_cell_death,No,No,1,No
856,hoc_resisting_cell_death,No,No,1,No
857,hoc_resisting_cell_death,No,No,1,No
858,hoc_resisting_cell_death,Yes,Yes,1,Yes
859,hoc_resisting_cell_death,No,No,1,No
860,hoc_resisting_cell_death,No,Yes,0,Yes
861,hoc_resisting_cell_death,No,Yes,0,Yes
862,hoc_resisting_cell_death,No,No,1,No
863,hoc_resisting_cell_death,Yes,No,0,No
864,hoc_resisting_cell_death,No,No,1,No
865,hoc_resisting_cell_death,No,No,1,No
866,hoc_resisting_cell_death,No,No,1,No
867,hoc_resisting_cell_death,Yes,Yes,1,Yes
868,hoc_resisting_cell_death,Yes,No,0,No
869,hoc_resisting_cell_death,Yes,No,0,No
870,hoc_resisting_cell_death,No,No,1,No
871,hoc_resisting_cell_death,Yes,No,0,No
872,hoc_resisting_cell_death,No,No,1,No
873,hoc_resisting_cell_death,Yes,No,0,No
874,hoc_resisting_cell_death,No,No,1,No
875,hoc_resisting_cell_death,No,No,1,No
876,hoc_resisting_cell_death,No,No,1,No
877,hoc_resisting_cell_death,No,No,1,No
878,hoc_resisting_cell_death,No,No,1,No
879,hoc_resisting_cell_death,No,No,1,No
880,hoc_resisting_cell_death,No,No,1,No
881,hoc_resisting_cell_death,No,No,1,No
882,hoc_resisting_cell_death,No,Yes,0,Yes
883,hoc_resisting_cell_death,No,No,1,No
884,hoc_resisting_cell_death,No,No,1,No
885,hoc_resisting_cell_death,No,No,1,No
886,hoc_resisting_cell_death,Yes,No,0,No
887,hoc_resisting_cell_death,No,No,1,No
888,hoc_resisting_cell_death,Yes,Yes,1,Yes
889,hoc_resisting_cell_death,No,Yes,0,Yes
890,hoc_resisting_cell_death,No,No,1,No
891,hoc_resisting_cell_death,No,No,1,No
892,hoc_resisting_cell_death,No,No,1,No
893,hoc_resisting_cell_death,No,No,1,No
894,hoc_resisting_cell_death,No,Yes,0,Yes
895,hoc_resisting_cell_death,No,No,1,No
896,hoc_resisting_cell_death,No,No,1,No
897,hoc_resisting_cell_death,No,No,1,No
898,hoc_resisting_cell_death,No,Yes,0,Yes
899,hoc_resisting_cell_death,No,Yes,0,Yes
900,hoc_resisting_cell_death,No,No,1,No
901,hoc_resisting_cell_death,No,No,1,No
902,hoc_resisting_cell_death,No,No,1,No
903,hoc_resisting_cell_death,No,No,1,No
904,hoc_resisting_cell_death,Yes,No,0,No
905,hoc_resisting_cell_death,Yes,No,0,No
906,hoc_resisting_cell_death,No,Yes,0,Yes
907,hoc_resisting_cell_death,No,No,1,No
908,hoc_resisting_cell_death,Yes,No,0,No
909,hoc_resisting_cell_death,No,No,1,No
910,hoc_resisting_cell_death,No,No,1,No
911,hoc_resisting_cell_death,Yes,Yes,1,Yes
912,hoc_resisting_cell_death,No,No,1,No
913,hoc_resisting_cell_death,Yes,Yes,1,Yes
914,hoc_resisting_cell_death,No,No,1,No
915,hoc_resisting_cell_death,Yes,No,0,No
916,hoc_resisting_cell_death,No,No,1,No
917,hoc_resisting_cell_death,No,No,1,No
918,hoc_resisting_cell_death,No,No,1,No
919,hoc_resisting_cell_death,Yes,No,0,No
920,hoc_resisting_cell_death,No,No,1,No
921,hoc_resisting_cell_death,No,No,1,No
922,hoc_resisting_cell_death,No,No,1,No
923,hoc_resisting_cell_death,Yes,Yes,1,Yes
924,hoc_resisting_cell_death,No,Yes,0,Yes
925,hoc_resisting_cell_death,No,No,1,No
926,hoc_resisting_cell_death,No,Yes,0,Yes
927,hoc_resisting_cell_death,No,No,1,No
928,hoc_resisting_cell_death,No,No,1,No
929,hoc_resisting_cell_death,No,No,1,No
930,hoc_resisting_cell_death,No,Yes,0,Yes
931,hoc_resisting_cell_death,No,No,1,No
932,hoc_resisting_cell_death,No,No,1,No
933,hoc_resisting_cell_death,Yes,No,0,No
934,hoc_resisting_cell_death,No,No,1,No
935,hoc_resisting_cell_death,No,No,1,No
936,hoc_resisting_cell_death,Yes,Yes,1,Yes
937,hoc_resisting_cell_death,No,No,1,No
938,hoc_resisting_cell_death,No,No,1,No
939,hoc_resisting_cell_death,No,No,1,No
940,hoc_resisting_cell_death,No,No,1,No
941,hoc_resisting_cell_death,Yes,No,0,No
942,hoc_resisting_cell_death,No,Yes,0,Yes
943,hoc_resisting_cell_death,Yes,No,0,No
944,hoc_resisting_cell_death,No,No,1,No
945,hoc_resisting_cell_death,No,No,1,No
946,hoc_resisting_cell_death,No,No,1,No
947,hoc_resisting_cell_death,No,No,1,No
948,hoc_resisting_cell_death,No,No,1,No
949,hoc_resisting_cell_death,No,Yes,0,Yes
950,hoc_resisting_cell_death,No,No,1,No
951,hoc_resisting_cell_death,No,No,1,No
952,hoc_resisting_cell_death,No,Yes,0,Yes
953,hoc_resisting_cell_death,No,No,1,No
954,hoc_resisting_cell_death,Yes,No,0,No
955,hoc_resisting_cell_death,No,No,1,No
956,hoc_resisting_cell_death,No,No,1,No
957,hoc_resisting_cell_death,No,No,1,No
958,hoc_resisting_cell_death,No,No,1,No
959,hoc_resisting_cell_death,No,No,1,No
960,hoc_resisting_cell_death,No,Yes,0,Yes
961,hoc_resisting_cell_death,No,No,1,No
962,hoc_resisting_cell_death,Yes,No,0,No
963,hoc_resisting_cell_death,No,No,1,No
964,hoc_resisting_cell_death,No,No,1,No
965,hoc_resisting_cell_death,No,Yes,0,Yes
966,hoc_resisting_cell_death,No,No,1,No
967,hoc_resisting_cell_death,No,No,1,No
968,hoc_resisting_cell_death,No,No,1,No
969,hoc_resisting_cell_death,No,Yes,0,Yes
970,hoc_resisting_cell_death,No,No,1,No
971,hoc_resisting_cell_death,No,No,1,No
972,hoc_resisting_cell_death,No,No,1,No
973,hoc_resisting_cell_death,No,No,1,No
974,hoc_resisting_cell_death,No,No,1,No
975,hoc_resisting_cell_death,No,No,1,No
976,hoc_resisting_cell_death,No,No,1,No
977,hoc_resisting_cell_death,No,No,1,No
978,hoc_resisting_cell_death,No,No,1,No
979,hoc_resisting_cell_death,Yes,No,0,No
980,hoc_resisting_cell_death,Yes,Yes,1,Yes
981,hoc_resisting_cell_death,No,No,1,No
982,hoc_resisting_cell_death,No,No,1,No
983,hoc_resisting_cell_death,Yes,Yes,1,Yes
984,hoc_resisting_cell_death,Yes,Yes,1,Yes
985,hoc_resisting_cell_death,No,Yes,0,Yes
986,hoc_resisting_cell_death,No,Yes,0,Yes
987,hoc_resisting_cell_death,No,No,1,No
988,hoc_resisting_cell_death,Yes,Yes,1,Yes
989,hoc_resisting_cell_death,No,No,1,No
990,hoc_resisting_cell_death,No,No,1,No
991,hoc_resisting_cell_death,No,No,1,No
992,hoc_resisting_cell_death,Yes,Yes,1,Yes
993,hoc_resisting_cell_death,No,No,1,No
994,hoc_resisting_cell_death,No,No,1,No
995,hoc_resisting_cell_death,No,No,1,No
996,hoc_resisting_cell_death,Yes,No,0,No
997,hoc_resisting_cell_death,No,No,1,No
998,hoc_resisting_cell_death,No,Yes,0,Yes
999,hoc_resisting_cell_death,No,Yes,0,Yes
1000,hoc_resisting_cell_death,No,No,1,No
1001,hoc_resisting_cell_death,No,No,1,No
1002,hoc_resisting_cell_death,No,No,1,No
1003,hoc_resisting_cell_death,No,Yes,0,Yes
1004,hoc_resisting_cell_death,No,No,1,No
1005,hoc_resisting_cell_death,Yes,Yes,1,Yes
1006,hoc_resisting_cell_death,Yes,No,0,No
1007,hoc_resisting_cell_death,Yes,No,0,No
1008,hoc_resisting_cell_death,No,No,1,No
1009,hoc_resisting_cell_death,No,No,1,No
1010,hoc_resisting_cell_death,No,No,1,No
1011,hoc_resisting_cell_death,No,No,1,No
1012,hoc_resisting_cell_death,No,No,1,No
1013,hoc_resisting_cell_death,No,Yes,0,Yes
1014,hoc_resisting_cell_death,No,No,1,No
1015,hoc_resisting_cell_death,Yes,Yes,1,Yes
1016,hoc_resisting_cell_death,No,No,1,No
1017,hoc_resisting_cell_death,Yes,No,0,No
1018,hoc_resisting_cell_death,Yes,No,0,No
1019,hoc_resisting_cell_death,No,No,1,No
1020,hoc_resisting_cell_death,No,No,1,No
1021,hoc_resisting_cell_death,No,No,1,No
1022,hoc_resisting_cell_death,No,No,1,No
1023,hoc_resisting_cell_death,No,Yes,0,Yes
1024,hoc_resisting_cell_death,Yes,No,0,No
1025,hoc_resisting_cell_death,No,No,1,No
1026,hoc_resisting_cell_death,No,No,1,No
1027,hoc_resisting_cell_death,Yes,No,0,No
1028,hoc_resisting_cell_death,No,No,1,No
1029,hoc_resisting_cell_death,Yes,Yes,1,Yes
1030,hoc_resisting_cell_death,No,No,1,No
1031,hoc_resisting_cell_death,No,No,1,No
1032,hoc_resisting_cell_death,No,No,1,No
1033,hoc_resisting_cell_death,No,Yes,0,Yes
1034,hoc_resisting_cell_death,No,No,1,No
1035,hoc_resisting_cell_death,Yes,No,0,No
1036,hoc_resisting_cell_death,No,No,1,No
1037,hoc_resisting_cell_death,No,No,1,No
1038,hoc_resisting_cell_death,No,No,1,No
1039,hoc_resisting_cell_death,No,No,1,No
1040,hoc_resisting_cell_death,No,No,1,No
1041,hoc_resisting_cell_death,No,No,1,No
1042,hoc_resisting_cell_death,No,No,1,No
1043,hoc_resisting_cell_death,Yes,No,0,No
1044,hoc_resisting_cell_death,Yes,No,0,No
1045,hoc_resisting_cell_death,Yes,No,0,No
1046,hoc_resisting_cell_death,No,No,1,No
1047,hoc_resisting_cell_death,No,No,1,No
1048,hoc_resisting_cell_death,No,No,1,No
1049,hoc_resisting_cell_death,Yes,Yes,1,Yes
1050,hoc_resisting_cell_death,No,No,1,No
1051,hoc_resisting_cell_death,Yes,No,0,No
1052,hoc_resisting_cell_death,No,No,1,No
1053,hoc_resisting_cell_death,No,No,1,No
1054,hoc_resisting_cell_death,Yes,No,0,No
1055,hoc_resisting_cell_death,No,No,1,No
1056,hoc_resisting_cell_death,Yes,No,0,No
1057,hoc_resisting_cell_death,No,No,1,No
1058,hoc_resisting_cell_death,No,No,1,No
1059,hoc_resisting_cell_death,No,No,1,No
1060,hoc_resisting_cell_death,No,No,1,No
1061,hoc_resisting_cell_death,No,No,1,No
1062,hoc_resisting_cell_death,No,Yes,0,Yes
1063,hoc_resisting_cell_death,No,No,1,No
1064,hoc_resisting_cell_death,No,No,1,No
1065,hoc_resisting_cell_death,Yes,No,0,No
1066,hoc_resisting_cell_death,No,No,1,No
1067,hoc_resisting_cell_death,No,No,1,No
1068,hoc_resisting_cell_death,No,No,1,No
1069,hoc_resisting_cell_death,No,No,1,No
1070,hoc_resisting_cell_death,No,Yes,0,Yes
1071,hoc_resisting_cell_death,No,No,1,No
1072,hoc_resisting_cell_death,No,No,1,No
1073,hoc_resisting_cell_death,No,No,1,No
1074,hoc_resisting_cell_death,No,No,1,No
1075,hoc_resisting_cell_death,Yes,No,0,No
1076,hoc_resisting_cell_death,No,No,1,No
1077,hoc_resisting_cell_death,Yes,No,0,No
1078,hoc_resisting_cell_death,Yes,Yes,1,Yes
1079,hoc_resisting_cell_death,No,No,1,No
1080,hoc_resisting_cell_death,No,No,1,No
1081,hoc_resisting_cell_death,No,Yes,0,Yes
1082,hoc_resisting_cell_death,No,No,1,No
1083,hoc_resisting_cell_death,No,No,1,No
1084,hoc_resisting_cell_death,No,No,1,No
1085,hoc_resisting_cell_death,No,No,1,No
1086,hoc_resisting_cell_death,No,No,1,No
1087,hoc_resisting_cell_death,No,No,1,No
1088,hoc_resisting_cell_death,No,No,1,No
1089,hoc_resisting_cell_death,No,No,1,No
1090,hoc_resisting_cell_death,No,No,1,No
1091,hoc_resisting_cell_death,No,No,1,No
1092,hoc_resisting_cell_death,No,No,1,No
1093,hoc_resisting_cell_death,No,No,1,No
1094,hoc_resisting_cell_death,No,No,1,No
1095,hoc_resisting_cell_death,No,Yes,0,Yes
1096,hoc_resisting_cell_death,No,No,1,No
1097,hoc_resisting_cell_death,No,No,1,No
1098,hoc_resisting_cell_death,No,No,1,No
1099,hoc_resisting_cell_death,No,No,1,No
1100,hoc_resisting_cell_death,No,No,1,No
1101,hoc_resisting_cell_death,No,No,1,No
1102,hoc_resisting_cell_death,No,No,1,No
1103,hoc_resisting_cell_death,No,Yes,0,Yes
1104,hoc_resisting_cell_death,No,No,1,No
1105,hoc_resisting_cell_death,No,No,1,No
1106,hoc_resisting_cell_death,No,No,1,No
1107,hoc_resisting_cell_death,No,No,1,No
1108,hoc_resisting_cell_death,No,No,1,No
1109,hoc_resisting_cell_death,No,No,1,No
1110,hoc_resisting_cell_death,Yes,No,0,No
1111,hoc_resisting_cell_death,No,No,1,No
1112,hoc_resisting_cell_death,No,No,1,No
1113,hoc_resisting_cell_death,No,No,1,No
1114,hoc_resisting_cell_death,No,No,1,No
1115,hoc_resisting_cell_death,No,No,1,No
1116,hoc_resisting_cell_death,No,No,1,No
1117,hoc_resisting_cell_death,No,No,1,No
1118,hoc_resisting_cell_death,No,No,1,No
1119,hoc_resisting_cell_death,No,No,1,No
1120,hoc_resisting_cell_death,No,No,1,No
1121,hoc_resisting_cell_death,Yes,No,0,No
1122,hoc_resisting_cell_death,Yes,No,0,No
1123,hoc_resisting_cell_death,No,No,1,No
1124,hoc_resisting_cell_death,No,No,1,No
1125,hoc_resisting_cell_death,No,No,1,No
1126,hoc_resisting_cell_death,Yes,No,0,No
1127,hoc_resisting_cell_death,No,No,1,No
1128,hoc_resisting_cell_death,No,No,1,No
1129,hoc_resisting_cell_death,Yes,No,0,No
1130,hoc_resisting_cell_death,No,No,1,No
1131,hoc_resisting_cell_death,No,Yes,0,Yes
1132,hoc_resisting_cell_death,No,No,1,No
1133,hoc_resisting_cell_death,Yes,Yes,1,Yes
1134,hoc_resisting_cell_death,No,No,1,No
1135,hoc_resisting_cell_death,No,No,1,No
1136,hoc_resisting_cell_death,No,No,1,No
1137,hoc_resisting_cell_death,No,No,1,No
1138,hoc_resisting_cell_death,No,No,1,No
1139,hoc_resisting_cell_death,No,Yes,0,Yes
1140,hoc_resisting_cell_death,No,No,1,No
1141,hoc_resisting_cell_death,No,No,1,No
1142,hoc_resisting_cell_death,No,No,1,No
1143,hoc_resisting_cell_death,No,No,1,No
1144,hoc_resisting_cell_death,Yes,No,0,No
1145,hoc_resisting_cell_death,No,No,1,No
1146,hoc_resisting_cell_death,No,No,1,No
1147,hoc_resisting_cell_death,No,No,1,No
1148,hoc_resisting_cell_death,No,No,1,No
1149,hoc_resisting_cell_death,Yes,No,0,No
1150,hoc_resisting_cell_death,Yes,No,0,No
1151,hoc_resisting_cell_death,No,No,1,No
1152,hoc_resisting_cell_death,No,No,1,No
1153,hoc_resisting_cell_death,No,No,1,No
1154,hoc_resisting_cell_death,No,Yes,0,Yes
1155,hoc_resisting_cell_death,No,No,1,No
1156,hoc_resisting_cell_death,No,No,1,No
1157,hoc_resisting_cell_death,No,No,1,No
1158,hoc_resisting_cell_death,Yes,No,0,No
1159,hoc_resisting_cell_death,No,No,1,No
1160,hoc_resisting_cell_death,No,No,1,No
1161,hoc_resisting_cell_death,No,No,1,No
1162,hoc_resisting_cell_death,No,No,1,No
1163,hoc_resisting_cell_death,No,No,1,No
1164,hoc_resisting_cell_death,No,No,1,No
1165,hoc_resisting_cell_death,No,No,1,No
1166,hoc_resisting_cell_death,Yes,No,0,No
1167,hoc_resisting_cell_death,No,No,1,No
1168,hoc_resisting_cell_death,No,No,1,No
1169,hoc_resisting_cell_death,No,No,1,No
1170,hoc_resisting_cell_death,No,No,1,No
1171,hoc_resisting_cell_death,Yes,No,0,No
1172,hoc_resisting_cell_death,No,No,1,No
1173,hoc_resisting_cell_death,Yes,No,0,No
1174,hoc_resisting_cell_death,No,No,1,No
1175,hoc_resisting_cell_death,No,No,1,No
1176,hoc_resisting_cell_death,No,No,1,No
1177,hoc_resisting_cell_death,No,No,1,No
1178,hoc_resisting_cell_death,No,No,1,No
1179,hoc_resisting_cell_death,Yes,No,0,No
1180,hoc_resisting_cell_death,No,No,1,No
1181,hoc_resisting_cell_death,No,No,1,No
1182,hoc_resisting_cell_death,No,No,1,No
1183,hoc_resisting_cell_death,Yes,No,0,No
1184,hoc_resisting_cell_death,No,No,1,No
1185,hoc_resisting_cell_death,No,No,1,No
1186,hoc_resisting_cell_death,No,No,1,No
1187,hoc_resisting_cell_death,No,No,1,No
1188,hoc_resisting_cell_death,No,No,1,No
1189,hoc_resisting_cell_death,No,No,1,No
1190,hoc_resisting_cell_death,Yes,No,0,No
1191,hoc_resisting_cell_death,No,Yes,0,Yes
1192,hoc_resisting_cell_death,No,No,1,No
1193,hoc_resisting_cell_death,No,No,1,No
1194,hoc_resisting_cell_death,No,No,1,No
1195,hoc_resisting_cell_death,No,No,1,No
1196,hoc_resisting_cell_death,No,No,1,No
1197,hoc_resisting_cell_death,No,No,1,No
1198,hoc_resisting_cell_death,No,No,1,No
1199,hoc_resisting_cell_death,No,No,1,No
1200,hoc_resisting_cell_death,No,No,1,No
1201,hoc_resisting_cell_death,No,No,1,No
1202,hoc_resisting_cell_death,No,No,1,No
1203,hoc_resisting_cell_death,No,No,1,No
1204,hoc_resisting_cell_death,No,No,1,No
1205,hoc_resisting_cell_death,No,No,1,No
1206,hoc_resisting_cell_death,No,No,1,No
1207,hoc_resisting_cell_death,No,No,1,No
1208,hoc_resisting_cell_death,No,No,1,No
1209,hoc_resisting_cell_death,No,No,1,No
1210,hoc_resisting_cell_death,No,No,1,No
1211,hoc_resisting_cell_death,No,Yes,0,Yes
1212,hoc_resisting_cell_death,No,No,1,No
1213,hoc_resisting_cell_death,No,No,1,No
1214,hoc_resisting_cell_death,No,No,1,No
1215,hoc_resisting_cell_death,No,Yes,0,Yes
1216,hoc_resisting_cell_death,No,No,1,No
1217,hoc_resisting_cell_death,No,No,1,No
1218,hoc_resisting_cell_death,No,No,1,No
1219,hoc_resisting_cell_death,No,No,1,No
1220,hoc_resisting_cell_death,No,No,1,No
1221,hoc_resisting_cell_death,No,No,1,No
1222,hoc_resisting_cell_death,No,No,1,No
1223,hoc_resisting_cell_death,No,No,1,No
1224,hoc_resisting_cell_death,No,No,1,No
1225,hoc_resisting_cell_death,No,No,1,No
1226,hoc_resisting_cell_death,No,No,1,No
1227,hoc_resisting_cell_death,No,No,1,No
1228,hoc_resisting_cell_death,No,No,1,No
1229,hoc_resisting_cell_death,No,No,1,No
1230,hoc_resisting_cell_death,No,No,1,No
1231,hoc_resisting_cell_death,No,No,1,No
1232,hoc_resisting_cell_death,No,No,1,No
1233,hoc_resisting_cell_death,No,No,1,No
1234,hoc_resisting_cell_death,No,No,1,No
1235,hoc_resisting_cell_death,No,No,1,No
1236,hoc_resisting_cell_death,No,No,1,No
1237,hoc_resisting_cell_death,Yes,No,0,No
1238,hoc_resisting_cell_death,No,No,1,No
1239,hoc_resisting_cell_death,No,No,1,No
1240,hoc_resisting_cell_death,No,No,1,No
1241,hoc_resisting_cell_death,No,No,1,No
1242,hoc_resisting_cell_death,No,No,1,No
1243,hoc_resisting_cell_death,No,No,1,No
1244,hoc_resisting_cell_death,No,No,1,No
1245,hoc_resisting_cell_death,No,No,1,No
1246,hoc_resisting_cell_death,No,No,1,No
1247,hoc_resisting_cell_death,No,Yes,0,Yes
1248,hoc_resisting_cell_death,No,No,1,No
1249,hoc_resisting_cell_death,No,No,1,No
1250,hoc_resisting_cell_death,No,No,1,No
1251,hoc_resisting_cell_death,No,No,1,No
1252,hoc_resisting_cell_death,Yes,Yes,1,Yes
1253,hoc_resisting_cell_death,No,No,1,No
1254,hoc_resisting_cell_death,No,No,1,No
1255,hoc_resisting_cell_death,No,No,1,No
1256,hoc_resisting_cell_death,No,No,1,No
1257,hoc_resisting_cell_death,Yes,Yes,1,Yes
1258,hoc_resisting_cell_death,No,No,1,No
1259,hoc_resisting_cell_death,No,No,1,No
1260,hoc_resisting_cell_death,No,No,1,No
1261,hoc_resisting_cell_death,No,Yes,0,Yes
1262,hoc_resisting_cell_death,No,No,1,No
1263,hoc_resisting_cell_death,No,No,1,No
1264,hoc_resisting_cell_death,No,No,1,No
1265,hoc_resisting_cell_death,No,No,1,No
1266,hoc_resisting_cell_death,No,No,1,No
1267,hoc_resisting_cell_death,Yes,No,0,No
1268,hoc_resisting_cell_death,No,No,1,No
1269,hoc_resisting_cell_death,No,No,1,No
1270,hoc_resisting_cell_death,No,No,1,No
1271,hoc_resisting_cell_death,No,No,1,No
1272,hoc_resisting_cell_death,No,No,1,No
1273,hoc_resisting_cell_death,No,No,1,No
1274,hoc_resisting_cell_death,No,No,1,No
1275,hoc_resisting_cell_death,No,No,1,No
1276,hoc_resisting_cell_death,No,No,1,No
1277,hoc_resisting_cell_death,No,Yes,0,Yes
1278,hoc_resisting_cell_death,Yes,No,0,No
1279,hoc_resisting_cell_death,Yes,No,0,No
1280,hoc_resisting_cell_death,No,No,1,No
1281,hoc_resisting_cell_death,No,No,1,No
1282,hoc_resisting_cell_death,No,Yes,0,Yes
1283,hoc_resisting_cell_death,No,No,1,No
1284,hoc_resisting_cell_death,No,No,1,No
1285,hoc_resisting_cell_death,No,No,1,No
1286,hoc_resisting_cell_death,No,No,1,No
1287,hoc_resisting_cell_death,No,No,1,No
1288,hoc_resisting_cell_death,No,No,1,No
1289,hoc_resisting_cell_death,No,No,1,No
1290,hoc_resisting_cell_death,No,No,1,No
1291,hoc_resisting_cell_death,No,No,1,No
1292,hoc_resisting_cell_death,Yes,No,0,No
1293,hoc_resisting_cell_death,No,No,1,No
1294,hoc_resisting_cell_death,No,No,1,No
1295,hoc_resisting_cell_death,No,No,1,No
1296,hoc_resisting_cell_death,No,No,1,No
1297,hoc_resisting_cell_death,No,No,1,No
1298,hoc_resisting_cell_death,No,No,1,No
1299,hoc_resisting_cell_death,No,No,1,No
1300,hoc_resisting_cell_death,No,Yes,0,Yes
1301,hoc_resisting_cell_death,No,No,1,No
1302,hoc_resisting_cell_death,No,No,1,No
1303,hoc_resisting_cell_death,No,No,1,No
1304,hoc_resisting_cell_death,No,No,1,No
1305,hoc_resisting_cell_death,No,No,1,No
1306,hoc_resisting_cell_death,No,No,1,No
1307,hoc_resisting_cell_death,No,No,1,No
1308,hoc_resisting_cell_death,No,No,1,No
1309,hoc_resisting_cell_death,No,No,1,No
1310,hoc_resisting_cell_death,No,No,1,No
1311,hoc_resisting_cell_death,No,No,1,No
1312,hoc_resisting_cell_death,No,No,1,No
1313,hoc_resisting_cell_death,No,No,1,No
1314,hoc_resisting_cell_death,No,No,1,No
1315,hoc_resisting_cell_death,Yes,No,0,No
1316,hoc_resisting_cell_death,No,No,1,No
1317,hoc_resisting_cell_death,Yes,No,0,No
1318,hoc_resisting_cell_death,No,No,1,No
1319,hoc_resisting_cell_death,No,No,1,No
1320,hoc_resisting_cell_death,No,No,1,No
1321,hoc_resisting_cell_death,No,No,1,No
1322,hoc_resisting_cell_death,No,No,1,No
1323,hoc_resisting_cell_death,No,No,1,No
1324,hoc_resisting_cell_death,No,No,1,No
1325,hoc_resisting_cell_death,No,No,1,No
1326,hoc_resisting_cell_death,No,No,1,No
1327,hoc_resisting_cell_death,No,No,1,No
1328,hoc_resisting_cell_death,No,No,1,No
1329,hoc_resisting_cell_death,Yes,No,0,No
1330,hoc_resisting_cell_death,No,No,1,No
1331,hoc_resisting_cell_death,Yes,Yes,1,Yes
1332,hoc_resisting_cell_death,No,No,1,No
1333,hoc_resisting_cell_death,No,No,1,No
1334,hoc_resisting_cell_death,No,No,1,No
1335,hoc_resisting_cell_death,No,No,1,No
1336,hoc_resisting_cell_death,No,Yes,0,Yes
1337,hoc_resisting_cell_death,No,No,1,No
1338,hoc_resisting_cell_death,No,No,1,No
1339,hoc_resisting_cell_death,No,No,1,No
1340,hoc_resisting_cell_death,No,No,1,No
1341,hoc_resisting_cell_death,Yes,No,0,No
1342,hoc_resisting_cell_death,No,No,1,No
1343,hoc_resisting_cell_death,No,No,1,No
1344,hoc_resisting_cell_death,No,No,1,No
1345,hoc_resisting_cell_death,No,No,1,No
1346,hoc_resisting_cell_death,No,Yes,0,Yes
1347,hoc_resisting_cell_death,No,No,1,No
1348,hoc_resisting_cell_death,No,No,1,No
1349,hoc_resisting_cell_death,No,No,1,No
1350,hoc_resisting_cell_death,No,No,1,No
1351,hoc_resisting_cell_death,Yes,No,0,No
1352,hoc_resisting_cell_death,No,No,1,No
1353,hoc_resisting_cell_death,No,No,1,No
1354,hoc_resisting_cell_death,Yes,No,0,No
1355,hoc_resisting_cell_death,No,No,1,No
1356,hoc_resisting_cell_death,No,No,1,No
1357,hoc_resisting_cell_death,No,Yes,0,Yes
1358,hoc_resisting_cell_death,No,No,1,No
1359,hoc_resisting_cell_death,No,No,1,No
1360,hoc_resisting_cell_death,Yes,No,0,No
1361,hoc_resisting_cell_death,No,No,1,No
1362,hoc_resisting_cell_death,No,No,1,No
1363,hoc_resisting_cell_death,No,No,1,No
1364,hoc_resisting_cell_death,No,No,1,No
1365,hoc_resisting_cell_death,No,No,1,No
1366,hoc_resisting_cell_death,No,No,1,No
1367,hoc_resisting_cell_death,No,No,1,No
1368,hoc_resisting_cell_death,No,No,1,No
1369,hoc_resisting_cell_death,No,No,1,No
1370,hoc_resisting_cell_death,No,No,1,No
1371,hoc_resisting_cell_death,No,No,1,No
1372,hoc_resisting_cell_death,No,No,1,No
1373,hoc_resisting_cell_death,No,No,1,No
1374,hoc_resisting_cell_death,No,No,1,No
1375,hoc_resisting_cell_death,No,Yes,0,Yes
1376,hoc_resisting_cell_death,Yes,No,0,No
1377,hoc_resisting_cell_death,No,No,1,No
1378,hoc_resisting_cell_death,No,No,1,No
1379,hoc_resisting_cell_death,No,No,1,No
1380,hoc_resisting_cell_death,No,No,1,No
1381,hoc_resisting_cell_death,No,No,1,No
1382,hoc_resisting_cell_death,No,No,1,No
1383,hoc_resisting_cell_death,No,No,1,No
1384,hoc_resisting_cell_death,No,No,1,No
1385,hoc_resisting_cell_death,No,Yes,0,Yes
1386,hoc_resisting_cell_death,No,No,1,No
1387,hoc_resisting_cell_death,No,Yes,0,Yes
1388,hoc_resisting_cell_death,No,No,1,No
1389,hoc_resisting_cell_death,No,No,1,No
1390,hoc_resisting_cell_death,Yes,No,0,No
1391,hoc_resisting_cell_death,No,Yes,0,Yes
1392,hoc_resisting_cell_death,No,No,1,No
1393,hoc_resisting_cell_death,No,No,1,No
1394,hoc_resisting_cell_death,No,No,1,No
1395,hoc_resisting_cell_death,No,No,1,No
1396,hoc_resisting_cell_death,No,No,1,No
1397,hoc_resisting_cell_death,No,No,1,No
1398,hoc_resisting_cell_death,No,Yes,0,Yes
1399,hoc_resisting_cell_death,Yes,No,0,No
1400,hoc_resisting_cell_death,No,No,1,No
1401,hoc_resisting_cell_death,No,No,1,No
1402,hoc_resisting_cell_death,Yes,Yes,1,Yes
1403,hoc_resisting_cell_death,Yes,No,0,No
1404,hoc_resisting_cell_death,Yes,No,0,No
1405,hoc_resisting_cell_death,Yes,No,0,No
1406,hoc_resisting_cell_death,No,No,1,No
1407,hoc_resisting_cell_death,No,No,1,No
1408,hoc_resisting_cell_death,No,No,1,No
1409,hoc_resisting_cell_death,No,No,1,No
1410,hoc_resisting_cell_death,No,No,1,No
1411,hoc_resisting_cell_death,No,No,1,No
1412,hoc_resisting_cell_death,No,No,1,No
1413,hoc_resisting_cell_death,No,No,1,No
1414,hoc_resisting_cell_death,No,Yes,0,Yes
1415,hoc_resisting_cell_death,No,No,1,No
1416,hoc_resisting_cell_death,No,No,1,No
1417,hoc_resisting_cell_death,No,No,1,No
1418,hoc_resisting_cell_death,No,No,1,No
1419,hoc_resisting_cell_death,No,No,1,No
1420,hoc_resisting_cell_death,No,No,1,No
1421,hoc_resisting_cell_death,No,Yes,0,Yes
1422,hoc_resisting_cell_death,No,No,1,No
1423,hoc_resisting_cell_death,No,No,1,No
1424,hoc_resisting_cell_death,No,Yes,0,Yes
1425,hoc_resisting_cell_death,No,No,1,No
1426,hoc_resisting_cell_death,No,No,1,No
1427,hoc_resisting_cell_death,No,No,1,No
1428,hoc_resisting_cell_death,No,No,1,No
1429,hoc_resisting_cell_death,No,No,1,No
1430,hoc_resisting_cell_death,No,No,1,No
1431,hoc_resisting_cell_death,No,No,1,No
1432,hoc_resisting_cell_death,No,No,1,No
1433,hoc_resisting_cell_death,No,No,1,No
1434,hoc_resisting_cell_death,No,No,1,No
1435,hoc_resisting_cell_death,No,No,1,No
1436,hoc_resisting_cell_death,No,No,1,No
1437,hoc_resisting_cell_death,No,No,1,No
1438,hoc_resisting_cell_death,No,No,1,No
1439,hoc_resisting_cell_death,No,No,1,No
1440,hoc_resisting_cell_death,No,No,1,No
1441,hoc_resisting_cell_death,No,No,1,No
1442,hoc_resisting_cell_death,Yes,No,0,No
1443,hoc_resisting_cell_death,No,No,1,No
1444,hoc_resisting_cell_death,No,Yes,0,Yes
1445,hoc_resisting_cell_death,No,No,1,No
1446,hoc_resisting_cell_death,No,No,1,No
1447,hoc_resisting_cell_death,No,Yes,0,Yes
1448,hoc_resisting_cell_death,No,No,1,No
1449,hoc_resisting_cell_death,No,No,1,No
1450,hoc_resisting_cell_death,No,No,1,No
1451,hoc_resisting_cell_death,No,No,1,No
1452,hoc_resisting_cell_death,No,Yes,0,Yes
1453,hoc_resisting_cell_death,No,No,1,No
1454,hoc_resisting_cell_death,No,No,1,No
1455,hoc_resisting_cell_death,No,No,1,No
1456,hoc_resisting_cell_death,No,No,1,No
1457,hoc_resisting_cell_death,No,No,1,No
1458,hoc_resisting_cell_death,No,Yes,0,Yes
1459,hoc_resisting_cell_death,No,No,1,No
1460,hoc_resisting_cell_death,No,No,1,No
1461,hoc_resisting_cell_death,No,No,1,No
1462,hoc_resisting_cell_death,Yes,No,0,No
1463,hoc_resisting_cell_death,No,No,1,No
1464,hoc_resisting_cell_death,No,No,1,No
1465,hoc_resisting_cell_death,No,No,1,No
1466,hoc_resisting_cell_death,No,No,1,No
1467,hoc_resisting_cell_death,No,No,1,No
1468,hoc_resisting_cell_death,No,No,1,No
1469,hoc_resisting_cell_death,Yes,No,0,No
1470,hoc_resisting_cell_death,No,No,1,No
1471,hoc_resisting_cell_death,Yes,No,0,No
1472,hoc_resisting_cell_death,No,No,1,No
1473,hoc_resisting_cell_death,No,No,1,No
1474,hoc_resisting_cell_death,No,No,1,No
1475,hoc_resisting_cell_death,No,No,1,No
1476,hoc_resisting_cell_death,No,No,1,No
1477,hoc_resisting_cell_death,No,No,1,No
1478,hoc_resisting_cell_death,No,No,1,No
1479,hoc_resisting_cell_death,No,No,1,No
1480,hoc_resisting_cell_death,No,Yes,0,Yes
1481,hoc_resisting_cell_death,No,No,1,No
1482,hoc_resisting_cell_death,No,No,1,No
1483,hoc_resisting_cell_death,No,No,1,No
1484,hoc_resisting_cell_death,No,No,1,No
1485,hoc_resisting_cell_death,Yes,Yes,1,Yes
1486,hoc_resisting_cell_death,No,No,1,No
1487,hoc_resisting_cell_death,No,No,1,No
1488,hoc_resisting_cell_death,No,No,1,No
1489,hoc_resisting_cell_death,No,No,1,No
1490,hoc_resisting_cell_death,No,Yes,0,Yes
1491,hoc_resisting_cell_death,Yes,Yes,1,Yes
1492,hoc_resisting_cell_death,No,No,1,No
1493,hoc_resisting_cell_death,No,No,1,No
1494,hoc_resisting_cell_death,No,No,1,No
1495,hoc_resisting_cell_death,No,No,1,No
1496,hoc_resisting_cell_death,Yes,No,0,No
1497,hoc_resisting_cell_death,Yes,Yes,1,Yes
1498,hoc_resisting_cell_death,No,No,1,No
1499,hoc_resisting_cell_death,No,No,1,No
1500,hoc_resisting_cell_death,Yes,No,0,No
1501,hoc_resisting_cell_death,Yes,No,0,No
1502,hoc_resisting_cell_death,No,No,1,No
1503,hoc_resisting_cell_death,No,No,1,No
1504,hoc_resisting_cell_death,No,No,1,No
1505,hoc_resisting_cell_death,Yes,No,0,No
1506,hoc_resisting_cell_death,No,No,1,No
1507,hoc_resisting_cell_death,No,No,1,No
1508,hoc_resisting_cell_death,No,No,1,No
1509,hoc_resisting_cell_death,No,No,1,No
1510,hoc_resisting_cell_death,No,No,1,No
1511,hoc_resisting_cell_death,No,No,1,No
1512,hoc_resisting_cell_death,Yes,Yes,1,Yes
1513,hoc_resisting_cell_death,No,No,1,No
1514,hoc_resisting_cell_death,No,No,1,No
1515,hoc_resisting_cell_death,No,No,1,No
1516,hoc_resisting_cell_death,No,No,1,No
1517,hoc_resisting_cell_death,No,No,1,No
1518,hoc_resisting_cell_death,No,No,1,No
1519,hoc_resisting_cell_death,No,No,1,No
1520,hoc_resisting_cell_death,No,No,1,No
1521,hoc_resisting_cell_death,No,No,1,No
1522,hoc_resisting_cell_death,No,No,1,No
1523,hoc_resisting_cell_death,Yes,No,0,No
1524,hoc_resisting_cell_death,No,No,1,No
1525,hoc_resisting_cell_death,Yes,No,0,No
1526,hoc_resisting_cell_death,Yes,No,0,No
1527,hoc_resisting_cell_death,Yes,Yes,1,Yes
1528,hoc_resisting_cell_death,Yes,No,0,No
1529,hoc_resisting_cell_death,No,No,1,No
1530,hoc_resisting_cell_death,Yes,Yes,1,Yes
1531,hoc_resisting_cell_death,No,No,1,No
1532,hoc_resisting_cell_death,No,No,1,No
1533,hoc_resisting_cell_death,No,No,1,No
1534,hoc_resisting_cell_death,No,No,1,No
1535,hoc_resisting_cell_death,No,No,1,No
1536,hoc_resisting_cell_death,No,No,1,No
1537,hoc_resisting_cell_death,No,No,1,No
1538,hoc_resisting_cell_death,Yes,No,0,No
1539,hoc_resisting_cell_death,Yes,No,0,No
1540,hoc_resisting_cell_death,No,No,1,No
1541,hoc_resisting_cell_death,No,No,1,No
1542,hoc_resisting_cell_death,No,No,1,No
1543,hoc_resisting_cell_death,No,No,1,No
1544,hoc_resisting_cell_death,Yes,No,0,No
1545,hoc_resisting_cell_death,Yes,No,0,No
1546,hoc_resisting_cell_death,No,No,1,No
1547,hoc_resisting_cell_death,No,No,1,No
1548,hoc_resisting_cell_death,No,No,1,No
1549,hoc_resisting_cell_death,No,No,1,No
1550,hoc_resisting_cell_death,No,No,1,No
1551,hoc_resisting_cell_death,No,No,1,No
1552,hoc_resisting_cell_death,Yes,No,0,No
1553,hoc_resisting_cell_death,No,No,1,No
1554,hoc_resisting_cell_death,No,No,1,No
1555,hoc_resisting_cell_death,No,No,1,No
1556,hoc_resisting_cell_death,Yes,Yes,1,Yes
1557,hoc_resisting_cell_death,No,No,1,No
1558,hoc_resisting_cell_death,Yes,Yes,1,Yes
1559,hoc_resisting_cell_death,No,No,1,No
1560,hoc_resisting_cell_death,No,Yes,0,Yes
1561,hoc_resisting_cell_death,No,No,1,No
1562,hoc_resisting_cell_death,No,No,1,No
1563,hoc_resisting_cell_death,No,No,1,No
1564,hoc_resisting_cell_death,No,No,1,No
1565,hoc_resisting_cell_death,No,No,1,No
1566,hoc_resisting_cell_death,Yes,Yes,1,Yes
1567,hoc_resisting_cell_death,No,No,1,No
1568,hoc_resisting_cell_death,No,No,1,No
1569,hoc_resisting_cell_death,No,No,1,No
1570,hoc_resisting_cell_death,No,No,1,No
1571,hoc_resisting_cell_death,No,No,1,No
1572,hoc_resisting_cell_death,No,No,1,No
1573,hoc_resisting_cell_death,No,No,1,No
1574,hoc_resisting_cell_death,No,No,1,No
1575,hoc_resisting_cell_death,No,No,1,No
1576,hoc_resisting_cell_death,No,No,1,No
1577,hoc_resisting_cell_death,No,No,1,No
1578,hoc_resisting_cell_death,No,Yes,0,Yes
1579,hoc_resisting_cell_death,Yes,No,0,No
1580,hoc_resisting_cell_death,No,No,1,No
1581,hoc_resisting_cell_death,No,No,1,No
1582,hoc_resisting_cell_death,No,No,1,No
1583,hoc_resisting_cell_death,No,No,1,No
1584,hoc_resisting_cell_death,No,Yes,0,Yes
1585,hoc_resisting_cell_death,Yes,No,0,No
1586,hoc_resisting_cell_death,No,No,1,No
1587,hoc_resisting_cell_death,No,No,1,No
1588,hoc_resisting_cell_death,No,No,1,No
1589,hoc_resisting_cell_death,Yes,Yes,1,Yes
1590,hoc_resisting_cell_death,No,No,1,No
1591,hoc_resisting_cell_death,No,No,1,No
1592,hoc_resisting_cell_death,Yes,Yes,1,Yes
1593,hoc_resisting_cell_death,No,No,1,No
1594,hoc_resisting_cell_death,No,No,1,No
1595,hoc_resisting_cell_death,No,No,1,No
1596,hoc_resisting_cell_death,No,No,1,No
1597,hoc_resisting_cell_death,No,No,1,No
1598,hoc_resisting_cell_death,No,Yes,0,Yes
1599,hoc_resisting_cell_death,No,No,1,No
1600,hoc_resisting_cell_death,No,No,1,No
1601,hoc_resisting_cell_death,No,No,1,No
1602,hoc_resisting_cell_death,No,No,1,No
1603,hoc_resisting_cell_death,Yes,No,0,No
1604,hoc_resisting_cell_death,Yes,No,0,No
1605,hoc_resisting_cell_death,Yes,Yes,1,Yes
1606,hoc_resisting_cell_death,No,No,1,No
1607,hoc_resisting_cell_death,No,No,1,No
1608,hoc_resisting_cell_death,No,No,1,No
1609,hoc_resisting_cell_death,No,No,1,No
1610,hoc_resisting_cell_death,Yes,No,0,No
1611,hoc_resisting_cell_death,No,Yes,0,Yes
1612,hoc_resisting_cell_death,No,No,1,No
1613,hoc_resisting_cell_death,No,No,1,No
1614,hoc_resisting_cell_death,No,No,1,No
1615,hoc_resisting_cell_death,Yes,Yes,1,Yes
1616,hoc_resisting_cell_death,No,No,1,No
1617,hoc_resisting_cell_death,No,No,1,No
1618,hoc_resisting_cell_death,No,No,1,No
1619,hoc_resisting_cell_death,No,No,1,No
1620,hoc_resisting_cell_death,No,No,1,No
1621,hoc_resisting_cell_death,No,No,1,No
1622,hoc_resisting_cell_death,No,No,1,No
1623,hoc_resisting_cell_death,No,No,1,No
1624,hoc_resisting_cell_death,No,No,1,No
1625,hoc_resisting_cell_death,No,No,1,No
1626,hoc_resisting_cell_death,Yes,No,0,No
1627,hoc_resisting_cell_death,No,No,1,No
1628,hoc_resisting_cell_death,No,No,1,No
1629,hoc_resisting_cell_death,Yes,No,0,No
1630,hoc_resisting_cell_death,No,No,1,No
1631,hoc_resisting_cell_death,No,No,1,No
1632,hoc_resisting_cell_death,Yes,No,0,No
1633,hoc_resisting_cell_death,No,No,1,No
1634,hoc_resisting_cell_death,Yes,Yes,1,Yes
1635,hoc_resisting_cell_death,Yes,Yes,1,Yes
1636,hoc_resisting_cell_death,No,No,1,No
1637,hoc_resisting_cell_death,Yes,No,0,No
1638,hoc_resisting_cell_death,Yes,No,0,No
1639,hoc_resisting_cell_death,Yes,Yes,1,Yes
1640,hoc_resisting_cell_death,No,No,1,No
1641,hoc_resisting_cell_death,Yes,No,0,No
1642,hoc_resisting_cell_death,Yes,No,0,No
1643,hoc_resisting_cell_death,No,No,1,No
1644,hoc_resisting_cell_death,No,No,1,No
1645,hoc_resisting_cell_death,Yes,No,0,No
1646,hoc_resisting_cell_death,Yes,No,0,No
1647,hoc_resisting_cell_death,Yes,Yes,1,Yes
1648,hoc_resisting_cell_death,No,No,1,No
1649,hoc_resisting_cell_death,No,No,1,No
1650,hoc_resisting_cell_death,Yes,No,0,No
1651,hoc_resisting_cell_death,Yes,No,0,No
1652,hoc_resisting_cell_death,Yes,No,0,No
1653,hoc_resisting_cell_death,Yes,Yes,1,Yes
1654,hoc_resisting_cell_death,No,No,1,No
1655,hoc_resisting_cell_death,Yes,Yes,1,Yes
1656,hoc_resisting_cell_death,No,No,1,No
1657,hoc_resisting_cell_death,Yes,No,0,No
1658,hoc_resisting_cell_death,No,No,1,No
1659,hoc_resisting_cell_death,Yes,Yes,1,Yes
1660,hoc_resisting_cell_death,Yes,No,0,No
1661,hoc_resisting_cell_death,Yes,Yes,1,Yes
1662,hoc_resisting_cell_death,Yes,No,0,No
1663,hoc_resisting_cell_death,No,No,1,No
1664,hoc_resisting_cell_death,Yes,Yes,1,Yes
1665,hoc_resisting_cell_death,Yes,No,0,No
1666,hoc_resisting_cell_death,Yes,No,0,No
1667,hoc_resisting_cell_death,Yes,Yes,1,Yes
1668,hoc_resisting_cell_death,Yes,No,0,No
1669,hoc_resisting_cell_death,No,No,1,No
1670,hoc_resisting_cell_death,No,No,1,No
1671,hoc_resisting_cell_death,No,No,1,No
1672,hoc_resisting_cell_death,No,Yes,0,Yes
1673,hoc_resisting_cell_death,No,No,1,No
1674,hoc_resisting_cell_death,Yes,No,0,No
1675,hoc_resisting_cell_death,No,No,1,No
1676,hoc_resisting_cell_death,No,No,1,No
1677,hoc_resisting_cell_death,No,No,1,No
1678,hoc_resisting_cell_death,Yes,No,0,No
1679,hoc_resisting_cell_death,No,No,1,No
1680,hoc_resisting_cell_death,No,No,1,No
1681,hoc_resisting_cell_death,No,No,1,No
1682,hoc_resisting_cell_death,Yes,No,0,No
1683,hoc_resisting_cell_death,Yes,No,0,No
1684,hoc_resisting_cell_death,Yes,No,0,No
1685,hoc_resisting_cell_death,Yes,No,0,No
1686,hoc_resisting_cell_death,Yes,No,0,No
1687,hoc_resisting_cell_death,No,No,1,No
1688,hoc_resisting_cell_death,No,No,1,No
1689,hoc_resisting_cell_death,No,No,1,No
1690,hoc_resisting_cell_death,No,Yes,0,Yes
1691,hoc_resisting_cell_death,Yes,Yes,1,Yes
1692,hoc_resisting_cell_death,No,No,1,No
1693,hoc_resisting_cell_death,No,No,1,No
1694,hoc_resisting_cell_death,No,Yes,0,Yes
1695,hoc_resisting_cell_death,No,No,1,No
1696,hoc_resisting_cell_death,No,Yes,0,Yes
1697,hoc_resisting_cell_death,No,No,1,No
1698,hoc_resisting_cell_death,No,No,1,No
1699,hoc_resisting_cell_death,No,No,1,No
1700,hoc_resisting_cell_death,No,No,1,No
1701,hoc_resisting_cell_death,No,Yes,0,Yes
1702,hoc_resisting_cell_death,Yes,Yes,1,Yes
1703,hoc_resisting_cell_death,No,No,1,No
1704,hoc_resisting_cell_death,No,No,1,No
1705,hoc_resisting_cell_death,No,No,1,No
1706,hoc_resisting_cell_death,No,No,1,No
1707,hoc_resisting_cell_death,Yes,No,0,No
1708,hoc_resisting_cell_death,Yes,Yes,1,Yes
1709,hoc_resisting_cell_death,Yes,No,0,No
1710,hoc_resisting_cell_death,No,No,1,No
1711,hoc_resisting_cell_death,Yes,No,0,No
1712,hoc_resisting_cell_death,Yes,No,0,No
1713,hoc_resisting_cell_death,No,Yes,0,Yes
1714,hoc_resisting_cell_death,Yes,Yes,1,Yes
1715,hoc_resisting_cell_death,No,No,1,No
1716,hoc_resisting_cell_death,Yes,No,0,No
1717,hoc_resisting_cell_death,Yes,No,0,No
1718,hoc_resisting_cell_death,No,No,1,No
1719,hoc_resisting_cell_death,No,No,1,No
1720,hoc_resisting_cell_death,No,No,1,No
1721,hoc_resisting_cell_death,No,No,1,No
1722,hoc_resisting_cell_death,No,No,1,No
1723,hoc_resisting_cell_death,No,No,1,No
1724,hoc_resisting_cell_death,No,No,1,No
1725,hoc_resisting_cell_death,No,No,1,No
1726,hoc_resisting_cell_death,No,No,1,No
1727,hoc_resisting_cell_death,Yes,No,0,No
1728,hoc_resisting_cell_death,Yes,No,0,No
1729,hoc_resisting_cell_death,No,No,1,No
1730,hoc_resisting_cell_death,No,No,1,No
1731,hoc_resisting_cell_death,No,No,1,No
1732,hoc_resisting_cell_death,No,No,1,No
1733,hoc_resisting_cell_death,Yes,No,0,No
1734,hoc_resisting_cell_death,No,No,1,No
1735,hoc_resisting_cell_death,Yes,No,0,No
1736,hoc_resisting_cell_death,No,No,1,No
1737,hoc_resisting_cell_death,Yes,No,0,No
1738,hoc_resisting_cell_death,No,Yes,0,Yes
1739,hoc_resisting_cell_death,No,No,1,No
1740,hoc_resisting_cell_death,No,No,1,No
1741,hoc_resisting_cell_death,Yes,No,0,No
1742,hoc_resisting_cell_death,Yes,No,0,No
1743,hoc_resisting_cell_death,No,No,1,No
1744,hoc_resisting_cell_death,No,No,1,No
1745,hoc_resisting_cell_death,No,No,1,No
1746,hoc_resisting_cell_death,No,No,1,No
1747,hoc_resisting_cell_death,Yes,No,0,No
1748,hoc_resisting_cell_death,No,Yes,0,Yes
1749,hoc_resisting_cell_death,Yes,No,0,No
1750,hoc_resisting_cell_death,Yes,No,0,No
1751,hoc_resisting_cell_death,Yes,No,0,No
1752,hoc_resisting_cell_death,No,No,1,No
1753,hoc_resisting_cell_death,No,No,1,No
1754,hoc_resisting_cell_death,No,No,1,No
1755,hoc_resisting_cell_death,Yes,No,0,No
1756,hoc_resisting_cell_death,No,No,1,No
1757,hoc_resisting_cell_death,No,Yes,0,Yes
1758,hoc_resisting_cell_death,No,No,1,No
1759,hoc_resisting_cell_death,Yes,No,0,No
1760,hoc_resisting_cell_death,Yes,No,0,No
1761,hoc_resisting_cell_death,No,No,1,No
1762,hoc_resisting_cell_death,Yes,Yes,1,Yes
1763,hoc_resisting_cell_death,Yes,No,0,No
1764,hoc_resisting_cell_death,Yes,No,0,No
1765,hoc_resisting_cell_death,Yes,No,0,No
1766,hoc_resisting_cell_death,Yes,No,0,No
1767,hoc_resisting_cell_death,Yes,No,0,No
1768,hoc_resisting_cell_death,No,No,1,No
1769,hoc_resisting_cell_death,No,No,1,No
1770,hoc_resisting_cell_death,Yes,No,0,No
1771,hoc_resisting_cell_death,No,No,1,No
1772,hoc_resisting_cell_death,Yes,No,0,No
1773,hoc_resisting_cell_death,No,No,1,No
1774,hoc_resisting_cell_death,Yes,No,0,No
1775,hoc_resisting_cell_death,No,No,1,No
1776,hoc_resisting_cell_death,Yes,Yes,1,Yes
1777,hoc_resisting_cell_death,Yes,No,0,No
1778,hoc_resisting_cell_death,No,No,1,No
1779,hoc_resisting_cell_death,Yes,Yes,1,Yes
1780,hoc_resisting_cell_death,No,No,1,No
1781,hoc_resisting_cell_death,No,Yes,0,Yes
1782,hoc_resisting_cell_death,Yes,No,0,No
1783,hoc_resisting_cell_death,Yes,No,0,No
1784,hoc_resisting_cell_death,No,No,1,No
1785,hoc_resisting_cell_death,No,No,1,No
1786,hoc_resisting_cell_death,Yes,No,0,No
1787,hoc_resisting_cell_death,Yes,No,0,No
1788,hoc_resisting_cell_death,No,No,1,No
1789,hoc_resisting_cell_death,No,No,1,No
1790,hoc_resisting_cell_death,No,No,1,No
1791,hoc_resisting_cell_death,Yes,No,0,No
1792,hoc_resisting_cell_death,No,No,1,No
1793,hoc_resisting_cell_death,Yes,No,0,No
1794,hoc_resisting_cell_death,Yes,Yes,1,Yes
1795,hoc_resisting_cell_death,Yes,No,0,No
1796,hoc_resisting_cell_death,No,No,1,No
1797,hoc_resisting_cell_death,No,No,1,No
1798,hoc_resisting_cell_death,Yes,Yes,1,Yes
1799,hoc_resisting_cell_death,No,No,1,No
1800,hoc_resisting_cell_death,No,No,1,No
1801,hoc_resisting_cell_death,No,No,1,No
1802,hoc_resisting_cell_death,Yes,Yes,1,Yes
1803,hoc_resisting_cell_death,No,No,1,No
1804,hoc_resisting_cell_death,No,No,1,No
1805,hoc_resisting_cell_death,No,No,1,No
1806,hoc_resisting_cell_death,No,No,1,No
1807,hoc_resisting_cell_death,No,No,1,No
1808,hoc_resisting_cell_death,No,No,1,No
1809,hoc_resisting_cell_death,No,Yes,0,Yes
1810,hoc_resisting_cell_death,No,No,1,No
1811,hoc_resisting_cell_death,No,No,1,No
1812,hoc_resisting_cell_death,No,No,1,No
1813,hoc_resisting_cell_death,No,No,1,No
1814,hoc_resisting_cell_death,No,No,1,No
1815,hoc_resisting_cell_death,No,No,1,No
1816,hoc_resisting_cell_death,Yes,Yes,1,Yes
1817,hoc_resisting_cell_death,No,No,1,No
1818,hoc_resisting_cell_death,No,No,1,No
1819,hoc_resisting_cell_death,No,No,1,No
1820,hoc_resisting_cell_death,No,No,1,No
1821,hoc_resisting_cell_death,No,No,1,No
1822,hoc_resisting_cell_death,No,Yes,0,Yes
1823,hoc_resisting_cell_death,No,No,1,No
1824,hoc_resisting_cell_death,No,Yes,0,Yes
1825,hoc_resisting_cell_death,No,No,1,No
1826,hoc_resisting_cell_death,Yes,No,0,No
1827,hoc_resisting_cell_death,No,No,1,No
1828,hoc_resisting_cell_death,No,Yes,0,Yes
1829,hoc_resisting_cell_death,No,No,1,No
1830,hoc_resisting_cell_death,No,No,1,No
1831,hoc_resisting_cell_death,No,No,1,No
1832,hoc_resisting_cell_death,Yes,No,0,No
1833,hoc_resisting_cell_death,Yes,No,0,No
1834,hoc_resisting_cell_death,No,No,1,No
1835,hoc_resisting_cell_death,No,No,1,No
1836,hoc_resisting_cell_death,No,No,1,No
1837,hoc_resisting_cell_death,No,No,1,No
1838,hoc_resisting_cell_death,No,No,1,No
1839,hoc_resisting_cell_death,No,Yes,0,Yes
1840,hoc_resisting_cell_death,No,No,1,No
1841,hoc_resisting_cell_death,No,Yes,0,Yes
1842,hoc_resisting_cell_death,No,No,1,No
1843,hoc_resisting_cell_death,No,No,1,No
1844,hoc_resisting_cell_death,Yes,No,0,No
1845,hoc_resisting_cell_death,No,Yes,0,Yes
1846,hoc_resisting_cell_death,No,Yes,0,Yes
1847,hoc_resisting_cell_death,No,No,1,No
1848,hoc_resisting_cell_death,Yes,No,0,No
1849,hoc_resisting_cell_death,Yes,No,0,No
1850,hoc_resisting_cell_death,No,No,1,No
1851,hoc_resisting_cell_death,No,Yes,0,Yes
0,hoc_sustaining_proliferative_signaling,Yes,Yes,1,Yes
1,hoc_sustaining_proliferative_signaling,No,No,1,No
2,hoc_sustaining_proliferative_signaling,Yes,No,0,No
3,hoc_sustaining_proliferative_signaling,No,No,1,No
4,hoc_sustaining_proliferative_signaling,Yes,No,0,No
5,hoc_sustaining_proliferative_signaling,Yes,Yes,1,Yes
6,hoc_sustaining_proliferative_signaling,No,No,1,No
7,hoc_sustaining_proliferative_signaling,Yes,Yes,1,Yes
8,hoc_sustaining_proliferative_signaling,Yes,No,0,No
9,hoc_sustaining_proliferative_signaling,No,No,1,No
10,hoc_sustaining_proliferative_signaling,No,No,1,No
11,hoc_sustaining_proliferative_signaling,Yes,Yes,1,Yes
12,hoc_sustaining_proliferative_signaling,No,No,1,No
13,hoc_sustaining_proliferative_signaling,No,No,1,No
14,hoc_sustaining_proliferative_signaling,No,Yes,0,Yes
15,hoc_sustaining_proliferative_signaling,No,No,1,No
16,hoc_sustaining_proliferative_signaling,Yes,Yes,1,Yes
17,hoc_sustaining_proliferative_signaling,Yes,No,0,No
18,hoc_sustaining_proliferative_signaling,Yes,No,0,No
19,hoc_sustaining_proliferative_signaling,Yes,Yes,1,Yes
20,hoc_sustaining_proliferative_signaling,No,No,1,No
21,hoc_sustaining_proliferative_signaling,No,No,1,No
22,hoc_sustaining_proliferative_signaling,Yes,Yes,1,Yes
23,hoc_sustaining_proliferative_signaling,No,No,1,No
24,hoc_sustaining_proliferative_signaling,Yes,No,0,No
25,hoc_sustaining_proliferative_signaling,No,Yes,0,Yes
26,hoc_sustaining_proliferative_signaling,No,Yes,0,Yes
27,hoc_sustaining_proliferative_signaling,Yes,Yes,1,Yes
28,hoc_sustaining_proliferative_signaling,Yes,No,0,No
29,hoc_sustaining_proliferative_signaling,Yes,Yes,1,Yes
30,hoc_sustaining_proliferative_signaling,No,No,1,No
31,hoc_sustaining_proliferative_signaling,No,No,1,No
32,hoc_sustaining_proliferative_signaling,No,No,1,No
33,hoc_sustaining_proliferative_signaling,Yes,No,0,No
34,hoc_sustaining_proliferative_signaling,No,No,1,No
35,hoc_sustaining_proliferative_signaling,Yes,No,0,No
36,hoc_sustaining_proliferative_signaling,No,Yes,0,Yes
37,hoc_sustaining_proliferative_signaling,No,No,1,No
38,hoc_sustaining_proliferative_signaling,No,No,1,No
39,hoc_sustaining_proliferative_signaling,Yes,No,0,No
40,hoc_sustaining_proliferative_signaling,No,No,1,No
41,hoc_sustaining_proliferative_signaling,Yes,Yes,1,Yes
42,hoc_sustaining_proliferative_signaling,Yes,No,0,No
43,hoc_sustaining_proliferative_signaling,Yes,Yes,1,Yes
44,hoc_sustaining_proliferative_signaling,No,Yes,0,Yes
45,hoc_sustaining_proliferative_signaling,Yes,No,0,No
46,hoc_sustaining_proliferative_signaling,No,No,1,No
47,hoc_sustaining_proliferative_signaling,No,No,1,No
48,hoc_sustaining_proliferative_signaling,Yes,Yes,1,Yes
49,hoc_sustaining_proliferative_signaling,Yes,Yes,1,Yes
50,hoc_sustaining_proliferative_signaling,No,Yes,0,Yes
51,hoc_sustaining_proliferative_signaling,Yes,No,0,No
52,hoc_sustaining_proliferative_signaling,Yes,Yes,1,Yes
53,hoc_sustaining_proliferative_signaling,No,No,1,No
54,hoc_sustaining_proliferative_signaling,Yes,No,0,No
55,hoc_sustaining_proliferative_signaling,No,No,1,No
56,hoc_sustaining_proliferative_signaling,Yes,Yes,1,Yes
57,hoc_sustaining_proliferative_signaling,No,No,1,No
58,hoc_sustaining_proliferative_signaling,No,No,1,No
59,hoc_sustaining_proliferative_signaling,Yes,No,0,No
60,hoc_sustaining_proliferative_signaling,No,No,1,No
61,hoc_sustaining_proliferative_signaling,No,No,1,No
62,hoc_sustaining_proliferative_signaling,Yes,No,0,No
63,hoc_sustaining_proliferative_signaling,No,No,1,No
64,hoc_sustaining_proliferative_signaling,No,Yes,0,Yes
65,hoc_sustaining_proliferative_signaling,No,Yes,0,Yes
66,hoc_sustaining_proliferative_signaling,Yes,Yes,1,Yes
67,hoc_sustaining_proliferative_signaling,No,Yes,0,Yes
68,hoc_sustaining_proliferative_signaling,No,No,1,No
69,hoc_sustaining_proliferative_signaling,No,No,1,No
70,hoc_sustaining_proliferative_signaling,No,No,1,No
71,hoc_sustaining_proliferative_signaling,Yes,No,0,No
72,hoc_sustaining_proliferative_signaling,Yes,Yes,1,Yes
73,hoc_sustaining_proliferative_signaling,No,Yes,0,Yes
74,hoc_sustaining_proliferative_signaling,No,Yes,0,Yes
75,hoc_sustaining_proliferative_signaling,Yes,No,0,No
76,hoc_sustaining_proliferative_signaling,Yes,Yes,1,Yes
77,hoc_sustaining_proliferative_signaling,No,Yes,0,Yes
78,hoc_sustaining_proliferative_signaling,No,No,1,No
79,hoc_sustaining_proliferative_signaling,No,No,1,No
80,hoc_sustaining_proliferative_signaling,No,No,1,No
81,hoc_sustaining_proliferative_signaling,Yes,Yes,1,Yes
82,hoc_sustaining_proliferative_signaling,No,No,1,No
83,hoc_sustaining_proliferative_signaling,No,No,1,No
84,hoc_sustaining_proliferative_signaling,No,Yes,0,Yes
85,hoc_sustaining_proliferative_signaling,No,No,1,No
86,hoc_sustaining_proliferative_signaling,No,No,1,No
87,hoc_sustaining_proliferative_signaling,Yes,Yes,1,Yes
88,hoc_sustaining_proliferative_signaling,No,No,1,No
89,hoc_sustaining_proliferative_signaling,No,No,1,No
90,hoc_sustaining_proliferative_signaling,No,No,1,No
91,hoc_sustaining_proliferative_signaling,No,Yes,0,Yes
92,hoc_sustaining_proliferative_signaling,No,No,1,No
93,hoc_sustaining_proliferative_signaling,Yes,Yes,1,Yes
94,hoc_sustaining_proliferative_signaling,No,No,1,No
95,hoc_sustaining_proliferative_signaling,No,No,1,No
96,hoc_sustaining_proliferative_signaling,No,Yes,0,Yes
97,hoc_sustaining_proliferative_signaling,Yes,Yes,1,Yes
98,hoc_sustaining_proliferative_signaling,No,No,1,No
99,hoc_sustaining_proliferative_signaling,No,No,1,No
100,hoc_sustaining_proliferative_signaling,Yes,No,0,No
101,hoc_sustaining_proliferative_signaling,No,No,1,No
102,hoc_sustaining_proliferative_signaling,Yes,Yes,1,Yes
103,hoc_sustaining_proliferative_signaling,No,Yes,0,Yes
104,hoc_sustaining_proliferative_signaling,No,Yes,0,Yes
105,hoc_sustaining_proliferative_signaling,No,Yes,0,Yes
106,hoc_sustaining_proliferative_signaling,No,No,1,No
107,hoc_sustaining_proliferative_signaling,Yes,No,0,No
108,hoc_sustaining_proliferative_signaling,No,No,1,No
109,hoc_sustaining_proliferative_signaling,Yes,No,0,No
110,hoc_sustaining_proliferative_signaling,No,No,1,No
111,hoc_sustaining_proliferative_signaling,Yes,Yes,1,Yes
112,hoc_sustaining_proliferative_signaling,No,No,1,No
113,hoc_sustaining_proliferative_signaling,No,No,1,No
114,hoc_sustaining_proliferative_signaling,No,No,1,No
115,hoc_sustaining_proliferative_signaling,Yes,Yes,1,Yes
116,hoc_sustaining_proliferative_signaling,No,No,1,No
117,hoc_sustaining_proliferative_signaling,Yes,No,0,No
118,hoc_sustaining_proliferative_signaling,No,No,1,No
119,hoc_sustaining_proliferative_signaling,No,No,1,No
120,hoc_sustaining_proliferative_signaling,No,No,1,No
121,hoc_sustaining_proliferative_signaling,No,No,1,No
122,hoc_sustaining_proliferative_signaling,No,No,1,No
123,hoc_sustaining_proliferative_signaling,Yes,No,0,No
124,hoc_sustaining_proliferative_signaling,No,No,1,No
125,hoc_sustaining_proliferative_signaling,No,No,1,No
126,hoc_sustaining_proliferative_signaling,No,No,1,No
127,hoc_sustaining_proliferative_signaling,Yes,Yes,1,Yes
128,hoc_sustaining_proliferative_signaling,No,No,1,No
129,hoc_sustaining_proliferative_signaling,No,No,1,No
130,hoc_sustaining_proliferative_signaling,Yes,Yes,1,Yes
131,hoc_sustaining_proliferative_signaling,No,No,1,No
132,hoc_sustaining_proliferative_signaling,No,No,1,No
133,hoc_sustaining_proliferative_signaling,Yes,Yes,1,Yes
134,hoc_sustaining_proliferative_signaling,No,No,1,No
135,hoc_sustaining_proliferative_signaling,No,Yes,0,Yes
136,hoc_sustaining_proliferative_signaling,No,No,1,No
137,hoc_sustaining_proliferative_signaling,No,No,1,No
138,hoc_sustaining_proliferative_signaling,No,No,1,No
139,hoc_sustaining_proliferative_signaling,Yes,Yes,1,Yes
140,hoc_sustaining_proliferative_signaling,No,No,1,No
141,hoc_sustaining_proliferative_signaling,No,No,1,No
142,hoc_sustaining_proliferative_signaling,No,No,1,No
143,hoc_sustaining_proliferative_signaling,Yes,Yes,1,Yes
144,hoc_sustaining_proliferative_signaling,No,No,1,No
145,hoc_sustaining_proliferative_signaling,No,Yes,0,Yes
146,hoc_sustaining_proliferative_signaling,Yes,No,0,No
147,hoc_sustaining_proliferative_signaling,No,No,1,No
148,hoc_sustaining_proliferative_signaling,No,No,1,No
149,hoc_sustaining_proliferative_signaling,No,No,1,No
150,hoc_sustaining_proliferative_signaling,No,No,1,No
151,hoc_sustaining_proliferative_signaling,No,No,1,No
152,hoc_sustaining_proliferative_signaling,No,No,1,No
153,hoc_sustaining_proliferative_signaling,Yes,No,0,No
154,hoc_sustaining_proliferative_signaling,No,No,1,No
155,hoc_sustaining_proliferative_signaling,No,No,1,No
156,hoc_sustaining_proliferative_signaling,Yes,Yes,1,Yes
157,hoc_sustaining_proliferative_signaling,No,No,1,No
158,hoc_sustaining_proliferative_signaling,No,No,1,No
159,hoc_sustaining_proliferative_signaling,No,No,1,No
160,hoc_sustaining_proliferative_signaling,No,No,1,No
161,hoc_sustaining_proliferative_signaling,No,No,1,No
162,hoc_sustaining_proliferative_signaling,No,No,1,No
163,hoc_sustaining_proliferative_signaling,No,No,1,No
164,hoc_sustaining_proliferative_signaling,No,No,1,No
165,hoc_sustaining_proliferative_signaling,No,No,1,No
166,hoc_sustaining_proliferative_signaling,No,No,1,No
167,hoc_sustaining_proliferative_signaling,No,No,1,No
168,hoc_sustaining_proliferative_signaling,Yes,No,0,No
169,hoc_sustaining_proliferative_signaling,No,No,1,No
170,hoc_sustaining_proliferative_signaling,No,No,1,No
171,hoc_sustaining_proliferative_signaling,No,No,1,No
172,hoc_sustaining_proliferative_signaling,No,No,1,No
173,hoc_sustaining_proliferative_signaling,No,No,1,No
174,hoc_sustaining_proliferative_signaling,No,No,1,No
175,hoc_sustaining_proliferative_signaling,No,No,1,No
176,hoc_sustaining_proliferative_signaling,No,No,1,No
177,hoc_sustaining_proliferative_signaling,No,No,1,No
178,hoc_sustaining_proliferative_signaling,No,No,1,No
179,hoc_sustaining_proliferative_signaling,No,No,1,No
180,hoc_sustaining_proliferative_signaling,No,No,1,No
181,hoc_sustaining_proliferative_signaling,No,Yes,0,Yes
182,hoc_sustaining_proliferative_signaling,Yes,No,0,No
183,hoc_sustaining_proliferative_signaling,No,No,1,No
184,hoc_sustaining_proliferative_signaling,No,Yes,0,Yes
185,hoc_sustaining_proliferative_signaling,No,Yes,0,Yes
186,hoc_sustaining_proliferative_signaling,No,No,1,No
187,hoc_sustaining_proliferative_signaling,No,No,1,No
188,hoc_sustaining_proliferative_signaling,No,No,1,No
189,hoc_sustaining_proliferative_signaling,Yes,Yes,1,Yes
190,hoc_sustaining_proliferative_signaling,Yes,No,0,No
191,hoc_sustaining_proliferative_signaling,No,No,1,No
192,hoc_sustaining_proliferative_signaling,No,No,1,No
193,hoc_sustaining_proliferative_signaling,No,Yes,0,Yes
194,hoc_sustaining_proliferative_signaling,No,No,1,No
195,hoc_sustaining_proliferative_signaling,No,No,1,No
196,hoc_sustaining_proliferative_signaling,No,No,1,No
197,hoc_sustaining_proliferative_signaling,No,No,1,No
198,hoc_sustaining_proliferative_signaling,No,No,1,No
199,hoc_sustaining_proliferative_signaling,No,No,1,No
200,hoc_sustaining_proliferative_signaling,No,No,1,No
201,hoc_sustaining_proliferative_signaling,No,No,1,No
202,hoc_sustaining_proliferative_signaling,No,No,1,No
203,hoc_sustaining_proliferative_signaling,No,No,1,No
204,hoc_sustaining_proliferative_signaling,No,No,1,No
205,hoc_sustaining_proliferative_signaling,No,No,1,No
206,hoc_sustaining_proliferative_signaling,No,No,1,No
207,hoc_sustaining_proliferative_signaling,No,Yes,0,Yes
208,hoc_sustaining_proliferative_signaling,No,No,1,No
209,hoc_sustaining_proliferative_signaling,No,No,1,No
210,hoc_sustaining_proliferative_signaling,No,Yes,0,Yes
211,hoc_sustaining_proliferative_signaling,No,No,1,No
212,hoc_sustaining_proliferative_signaling,No,No,1,No
213,hoc_sustaining_proliferative_signaling,Yes,No,0,No
214,hoc_sustaining_proliferative_signaling,No,Yes,0,Yes
215,hoc_sustaining_proliferative_signaling,No,No,1,No
216,hoc_sustaining_proliferative_signaling,Yes,No,0,No
217,hoc_sustaining_proliferative_signaling,No,No,1,No
218,hoc_sustaining_proliferative_signaling,No,No,1,No
219,hoc_sustaining_proliferative_signaling,No,No,1,No
220,hoc_sustaining_proliferative_signaling,No,Yes,0,Yes
221,hoc_sustaining_proliferative_signaling,Yes,No,0,No
222,hoc_sustaining_proliferative_signaling,No,No,1,No
223,hoc_sustaining_proliferative_signaling,No,No,1,No
224,hoc_sustaining_proliferative_signaling,No,No,1,No
225,hoc_sustaining_proliferative_signaling,No,No,1,No
226,hoc_sustaining_proliferative_signaling,No,No,1,No
227,hoc_sustaining_proliferative_signaling,No,No,1,No
228,hoc_sustaining_proliferative_signaling,No,No,1,No
229,hoc_sustaining_proliferative_signaling,No,No,1,No
230,hoc_sustaining_proliferative_signaling,Yes,No,0,No
231,hoc_sustaining_proliferative_signaling,No,No,1,No
232,hoc_sustaining_proliferative_signaling,Yes,No,0,No
233,hoc_sustaining_proliferative_signaling,No,Yes,0,Yes
234,hoc_sustaining_proliferative_signaling,No,No,1,No
235,hoc_sustaining_proliferative_signaling,Yes,No,0,No
236,hoc_sustaining_proliferative_signaling,No,No,1,No
237,hoc_sustaining_proliferative_signaling,No,No,1,No
238,hoc_sustaining_proliferative_signaling,No,No,1,No
239,hoc_sustaining_proliferative_signaling,Yes,No,0,No
240,hoc_sustaining_proliferative_signaling,No,No,1,No
241,hoc_sustaining_proliferative_signaling,No,No,1,No
242,hoc_sustaining_proliferative_signaling,No,No,1,No
243,hoc_sustaining_proliferative_signaling,No,No,1,No
244,hoc_sustaining_proliferative_signaling,No,No,1,No
245,hoc_sustaining_proliferative_signaling,No,No,1,No
246,hoc_sustaining_proliferative_signaling,No,Yes,0,Yes
247,hoc_sustaining_proliferative_signaling,No,Yes,0,Yes
248,hoc_sustaining_proliferative_signaling,No,No,1,No
249,hoc_sustaining_proliferative_signaling,No,No,1,No
250,hoc_sustaining_proliferative_signaling,No,No,1,No
251,hoc_sustaining_proliferative_signaling,No,No,1,No
252,hoc_sustaining_proliferative_signaling,Yes,Yes,1,Yes
253,hoc_sustaining_proliferative_signaling,Yes,No,0,No
254,hoc_sustaining_proliferative_signaling,Yes,Yes,1,Yes
255,hoc_sustaining_proliferative_signaling,No,No,1,No
256,hoc_sustaining_proliferative_signaling,Yes,No,0,No
257,hoc_sustaining_proliferative_signaling,No,No,1,No
258,hoc_sustaining_proliferative_signaling,Yes,Yes,1,Yes
259,hoc_sustaining_proliferative_signaling,Yes,Yes,1,Yes
260,hoc_sustaining_proliferative_signaling,No,Yes,0,Yes
261,hoc_sustaining_proliferative_signaling,No,Yes,0,Yes
262,hoc_sustaining_proliferative_signaling,No,No,1,No
263,hoc_sustaining_proliferative_signaling,No,No,1,No
264,hoc_sustaining_proliferative_signaling,No,No,1,No
265,hoc_sustaining_proliferative_signaling,No,No,1,No
266,hoc_sustaining_proliferative_signaling,No,No,1,No
267,hoc_sustaining_proliferative_signaling,Yes,No,0,No
268,hoc_sustaining_proliferative_signaling,Yes,Yes,1,Yes
269,hoc_sustaining_proliferative_signaling,No,No,1,No
270,hoc_sustaining_proliferative_signaling,No,No,1,No
271,hoc_sustaining_proliferative_signaling,Yes,No,0,No
272,hoc_sustaining_proliferative_signaling,No,No,1,No
273,hoc_sustaining_proliferative_signaling,Yes,Yes,1,Yes
274,hoc_sustaining_proliferative_signaling,No,No,1,No
275,hoc_sustaining_proliferative_signaling,No,No,1,No
276,hoc_sustaining_proliferative_signaling,No,No,1,No
277,hoc_sustaining_proliferative_signaling,No,No,1,No
278,hoc_sustaining_proliferative_signaling,No,No,1,No
279,hoc_sustaining_proliferative_signaling,No,No,1,No
280,hoc_sustaining_proliferative_signaling,No,No,1,No
281,hoc_sustaining_proliferative_signaling,No,No,1,No
282,hoc_sustaining_proliferative_signaling,No,No,1,No
283,hoc_sustaining_proliferative_signaling,Yes,No,0,No
284,hoc_sustaining_proliferative_signaling,No,No,1,No
285,hoc_sustaining_proliferative_signaling,No,No,1,No
286,hoc_sustaining_proliferative_signaling,No,No,1,No
287,hoc_sustaining_proliferative_signaling,No,No,1,No
288,hoc_sustaining_proliferative_signaling,No,No,1,No
289,hoc_sustaining_proliferative_signaling,No,No,1,No
290,hoc_sustaining_proliferative_signaling,No,No,1,No
291,hoc_sustaining_proliferative_signaling,No,No,1,No
292,hoc_sustaining_proliferative_signaling,No,No,1,No
293,hoc_sustaining_proliferative_signaling,Yes,No,0,No
294,hoc_sustaining_proliferative_signaling,Yes,No,0,No
295,hoc_sustaining_proliferative_signaling,No,Yes,0,Yes
296,hoc_sustaining_proliferative_signaling,Yes,Yes,1,Yes
297,hoc_sustaining_proliferative_signaling,No,No,1,No
298,hoc_sustaining_proliferative_signaling,No,No,1,No
299,hoc_sustaining_proliferative_signaling,No,Yes,0,Yes
300,hoc_sustaining_proliferative_signaling,Yes,Yes,1,Yes
301,hoc_sustaining_proliferative_signaling,No,No,1,No
302,hoc_sustaining_proliferative_signaling,No,No,1,No
303,hoc_sustaining_proliferative_signaling,Yes,No,0,No
304,hoc_sustaining_proliferative_signaling,No,No,1,No
305,hoc_sustaining_proliferative_signaling,Yes,No,0,No
306,hoc_sustaining_proliferative_signaling,Yes,Yes,1,Yes
307,hoc_sustaining_proliferative_signaling,Yes,Yes,1,Yes
308,hoc_sustaining_proliferative_signaling,Yes,No,0,No
309,hoc_sustaining_proliferative_signaling,Yes,Yes,1,Yes
310,hoc_sustaining_proliferative_signaling,No,Yes,0,Yes
311,hoc_sustaining_proliferative_signaling,No,Yes,0,Yes
312,hoc_sustaining_proliferative_signaling,Yes,No,0,No
313,hoc_sustaining_proliferative_signaling,No,Yes,0,Yes
314,hoc_sustaining_proliferative_signaling,No,No,1,No
315,hoc_sustaining_proliferative_signaling,No,Yes,0,Yes
316,hoc_sustaining_proliferative_signaling,No,Yes,0,Yes
317,hoc_sustaining_proliferative_signaling,Yes,No,0,No
318,hoc_sustaining_proliferative_signaling,No,Yes,0,Yes
319,hoc_sustaining_proliferative_signaling,No,No,1,No
320,hoc_sustaining_proliferative_signaling,No,No,1,No
321,hoc_sustaining_proliferative_signaling,No,No,1,No
322,hoc_sustaining_proliferative_signaling,No,No,1,No
323,hoc_sustaining_proliferative_signaling,No,No,1,No
324,hoc_sustaining_proliferative_signaling,No,No,1,No
325,hoc_sustaining_proliferative_signaling,Yes,No,0,No
326,hoc_sustaining_proliferative_signaling,Yes,Yes,1,Yes
327,hoc_sustaining_proliferative_signaling,No,No,1,No
328,hoc_sustaining_proliferative_signaling,Yes,Yes,1,Yes
329,hoc_sustaining_proliferative_signaling,No,No,1,No
330,hoc_sustaining_proliferative_signaling,No,No,1,No
331,hoc_sustaining_proliferative_signaling,Yes,Yes,1,Yes
332,hoc_sustaining_proliferative_signaling,Yes,Yes,1,Yes
333,hoc_sustaining_proliferative_signaling,No,No,1,No
334,hoc_sustaining_proliferative_signaling,No,No,1,No
335,hoc_sustaining_proliferative_signaling,No,No,1,No
336,hoc_sustaining_proliferative_signaling,No,No,1,No
337,hoc_sustaining_proliferative_signaling,No,No,1,No
338,hoc_sustaining_proliferative_signaling,Yes,Yes,1,Yes
339,hoc_sustaining_proliferative_signaling,No,No,1,No
340,hoc_sustaining_proliferative_signaling,No,Yes,0,Yes
341,hoc_sustaining_proliferative_signaling,No,No,1,No
342,hoc_sustaining_proliferative_signaling,No,No,1,No
343,hoc_sustaining_proliferative_signaling,No,No,1,No
344,hoc_sustaining_proliferative_signaling,No,No,1,No
345,hoc_sustaining_proliferative_signaling,No,No,1,No
346,hoc_sustaining_proliferative_signaling,No,No,1,No
347,hoc_sustaining_proliferative_signaling,No,Yes,0,Yes
348,hoc_sustaining_proliferative_signaling,Yes,Yes,1,Yes
349,hoc_sustaining_proliferative_signaling,No,No,1,No
350,hoc_sustaining_proliferative_signaling,No,No,1,No
351,hoc_sustaining_proliferative_signaling,No,No,1,No
352,hoc_sustaining_proliferative_signaling,Yes,No,0,No
353,hoc_sustaining_proliferative_signaling,No,No,1,No
354,hoc_sustaining_proliferative_signaling,Yes,No,0,No
355,hoc_sustaining_proliferative_signaling,No,No,1,No
356,hoc_sustaining_proliferative_signaling,No,No,1,No
357,hoc_sustaining_proliferative_signaling,No,No,1,No
358,hoc_sustaining_proliferative_signaling,No,No,1,No
359,hoc_sustaining_proliferative_signaling,No,No,1,No
360,hoc_sustaining_proliferative_signaling,No,No,1,No
361,hoc_sustaining_proliferative_signaling,Yes,No,0,No
362,hoc_sustaining_proliferative_signaling,Yes,Yes,1,Yes
363,hoc_sustaining_proliferative_signaling,No,No,1,No
364,hoc_sustaining_proliferative_signaling,No,No,1,No
365,hoc_sustaining_proliferative_signaling,No,Yes,0,Yes
366,hoc_sustaining_proliferative_signaling,No,No,1,No
367,hoc_sustaining_proliferative_signaling,No,Yes,0,Yes
368,hoc_sustaining_proliferative_signaling,No,No,1,No
369,hoc_sustaining_proliferative_signaling,No,No,1,No
370,hoc_sustaining_proliferative_signaling,No,Yes,0,Yes
371,hoc_sustaining_proliferative_signaling,No,Yes,0,Yes
372,hoc_sustaining_proliferative_signaling,No,No,1,No
373,hoc_sustaining_proliferative_signaling,No,No,1,No
374,hoc_sustaining_proliferative_signaling,Yes,No,0,No
375,hoc_sustaining_proliferative_signaling,No,Yes,0,Yes
376,hoc_sustaining_proliferative_signaling,Yes,Yes,1,Yes
377,hoc_sustaining_proliferative_signaling,No,No,1,No
378,hoc_sustaining_proliferative_signaling,No,No,1,No
379,hoc_sustaining_proliferative_signaling,Yes,No,0,No
380,hoc_sustaining_proliferative_signaling,No,No,1,No
381,hoc_sustaining_proliferative_signaling,Yes,No,0,No
382,hoc_sustaining_proliferative_signaling,No,No,1,No
383,hoc_sustaining_proliferative_signaling,No,No,1,No
384,hoc_sustaining_proliferative_signaling,No,No,1,No
385,hoc_sustaining_proliferative_signaling,Yes,Yes,1,Yes
386,hoc_sustaining_proliferative_signaling,No,No,1,No
387,hoc_sustaining_proliferative_signaling,Yes,Yes,1,Yes
388,hoc_sustaining_proliferative_signaling,Yes,No,0,No
389,hoc_sustaining_proliferative_signaling,No,No,1,No
390,hoc_sustaining_proliferative_signaling,No,No,1,No
391,hoc_sustaining_proliferative_signaling,No,No,1,No
392,hoc_sustaining_proliferative_signaling,No,No,1,No
393,hoc_sustaining_proliferative_signaling,No,No,1,No
394,hoc_sustaining_proliferative_signaling,Yes,Yes,1,Yes
395,hoc_sustaining_proliferative_signaling,No,Yes,0,Yes
396,hoc_sustaining_proliferative_signaling,No,No,1,No
397,hoc_sustaining_proliferative_signaling,No,No,1,No
398,hoc_sustaining_proliferative_signaling,Yes,No,0,No
399,hoc_sustaining_proliferative_signaling,No,Yes,0,Yes
400,hoc_sustaining_proliferative_signaling,No,No,1,No
401,hoc_sustaining_proliferative_signaling,No,No,1,No
402,hoc_sustaining_proliferative_signaling,No,No,1,No
403,hoc_sustaining_proliferative_signaling,Yes,Yes,1,Yes
404,hoc_sustaining_proliferative_signaling,No,No,1,No
405,hoc_sustaining_proliferative_signaling,No,No,1,No
406,hoc_sustaining_proliferative_signaling,No,No,1,No
407,hoc_sustaining_proliferative_signaling,No,No,1,No
408,hoc_sustaining_proliferative_signaling,Yes,Yes,1,Yes
409,hoc_sustaining_proliferative_signaling,Yes,No,0,No
410,hoc_sustaining_proliferative_signaling,No,No,1,No
411,hoc_sustaining_proliferative_signaling,No,No,1,No
412,hoc_sustaining_proliferative_signaling,No,No,1,No
413,hoc_sustaining_proliferative_signaling,No,No,1,No
414,hoc_sustaining_proliferative_signaling,No,Yes,0,Yes
415,hoc_sustaining_proliferative_signaling,Yes,Yes,1,Yes
416,hoc_sustaining_proliferative_signaling,No,Yes,0,Yes
417,hoc_sustaining_proliferative_signaling,No,No,1,No
418,hoc_sustaining_proliferative_signaling,No,No,1,No
419,hoc_sustaining_proliferative_signaling,No,Yes,0,Yes
420,hoc_sustaining_proliferative_signaling,Yes,Yes,1,Yes
421,hoc_sustaining_proliferative_signaling,No,Yes,0,Yes
422,hoc_sustaining_proliferative_signaling,Yes,Yes,1,Yes
423,hoc_sustaining_proliferative_signaling,No,No,1,No
424,hoc_sustaining_proliferative_signaling,No,No,1,No
425,hoc_sustaining_proliferative_signaling,No,No,1,No
426,hoc_sustaining_proliferative_signaling,Yes,Yes,1,Yes
427,hoc_sustaining_proliferative_signaling,Yes,Yes,1,Yes
428,hoc_sustaining_proliferative_signaling,Yes,Yes,1,Yes
429,hoc_sustaining_proliferative_signaling,No,No,1,No
430,hoc_sustaining_proliferative_signaling,No,No,1,No
431,hoc_sustaining_proliferative_signaling,No,No,1,No
432,hoc_sustaining_proliferative_signaling,No,No,1,No
433,hoc_sustaining_proliferative_signaling,No,No,1,No
434,hoc_sustaining_proliferative_signaling,No,No,1,No
435,hoc_sustaining_proliferative_signaling,No,No,1,No
436,hoc_sustaining_proliferative_signaling,No,No,1,No
437,hoc_sustaining_proliferative_signaling,No,Yes,0,Yes
438,hoc_sustaining_proliferative_signaling,No,No,1,No
439,hoc_sustaining_proliferative_signaling,No,No,1,No
440,hoc_sustaining_proliferative_signaling,No,Yes,0,Yes
441,hoc_sustaining_proliferative_signaling,No,Yes,0,Yes
442,hoc_sustaining_proliferative_signaling,No,Yes,0,Yes
443,hoc_sustaining_proliferative_signaling,No,Yes,0,Yes
444,hoc_sustaining_proliferative_signaling,No,No,1,No
445,hoc_sustaining_proliferative_signaling,No,Yes,0,Yes
446,hoc_sustaining_proliferative_signaling,No,No,1,No
447,hoc_sustaining_proliferative_signaling,No,Yes,0,Yes
448,hoc_sustaining_proliferative_signaling,No,Yes,0,Yes
449,hoc_sustaining_proliferative_signaling,No,Yes,0,Yes
450,hoc_sustaining_proliferative_signaling,No,No,1,No
451,hoc_sustaining_proliferative_signaling,No,No,1,No
452,hoc_sustaining_proliferative_signaling,No,Yes,0,Yes
453,hoc_sustaining_proliferative_signaling,No,No,1,No
454,hoc_sustaining_proliferative_signaling,No,No,1,No
455,hoc_sustaining_proliferative_signaling,No,Yes,0,Yes
456,hoc_sustaining_proliferative_signaling,No,No,1,No
457,hoc_sustaining_proliferative_signaling,No,No,1,No
458,hoc_sustaining_proliferative_signaling,No,No,1,No
459,hoc_sustaining_proliferative_signaling,No,Yes,0,Yes
460,hoc_sustaining_proliferative_signaling,No,Yes,0,Yes
461,hoc_sustaining_proliferative_signaling,No,Yes,0,Yes
462,hoc_sustaining_proliferative_signaling,No,No,1,No
463,hoc_sustaining_proliferative_signaling,No,Yes,0,Yes
464,hoc_sustaining_proliferative_signaling,No,No,1,No
465,hoc_sustaining_proliferative_signaling,No,Yes,0,Yes
466,hoc_sustaining_proliferative_signaling,No,Yes,0,Yes
467,hoc_sustaining_proliferative_signaling,No,No,1,No
468,hoc_sustaining_proliferative_signaling,No,Yes,0,Yes
469,hoc_sustaining_proliferative_signaling,No,No,1,No
470,hoc_sustaining_proliferative_signaling,No,No,1,No
471,hoc_sustaining_proliferative_signaling,No,No,1,No
472,hoc_sustaining_proliferative_signaling,No,Yes,0,Yes
473,hoc_sustaining_proliferative_signaling,No,Yes,0,Yes
474,hoc_sustaining_proliferative_signaling,Yes,No,0,No
475,hoc_sustaining_proliferative_signaling,No,No,1,No
476,hoc_sustaining_proliferative_signaling,No,Yes,0,Yes
477,hoc_sustaining_proliferative_signaling,No,No,1,No
478,hoc_sustaining_proliferative_signaling,No,Yes,0,Yes
479,hoc_sustaining_proliferative_signaling,No,No,1,No
480,hoc_sustaining_proliferative_signaling,No,No,1,No
481,hoc_sustaining_proliferative_signaling,No,No,1,No
482,hoc_sustaining_proliferative_signaling,No,No,1,No
483,hoc_sustaining_proliferative_signaling,No,Yes,0,Yes
484,hoc_sustaining_proliferative_signaling,No,Yes,0,Yes
485,hoc_sustaining_proliferative_signaling,No,No,1,No
486,hoc_sustaining_proliferative_signaling,No,No,1,No
487,hoc_sustaining_proliferative_signaling,No,No,1,No
488,hoc_sustaining_proliferative_signaling,No,No,1,No
489,hoc_sustaining_proliferative_signaling,No,Yes,0,Yes
490,hoc_sustaining_proliferative_signaling,No,No,1,No
491,hoc_sustaining_proliferative_signaling,No,No,1,No
492,hoc_sustaining_proliferative_signaling,No,No,1,No
493,hoc_sustaining_proliferative_signaling,No,No,1,No
494,hoc_sustaining_proliferative_signaling,No,No,1,No
495,hoc_sustaining_proliferative_signaling,No,Yes,0,Yes
496,hoc_sustaining_proliferative_signaling,No,Yes,0,Yes
497,hoc_sustaining_proliferative_signaling,No,No,1,No
498,hoc_sustaining_proliferative_signaling,No,No,1,No
499,hoc_sustaining_proliferative_signaling,No,Yes,0,Yes
500,hoc_sustaining_proliferative_signaling,No,No,1,No
501,hoc_sustaining_proliferative_signaling,No,Yes,0,Yes
502,hoc_sustaining_proliferative_signaling,No,No,1,No
503,hoc_sustaining_proliferative_signaling,No,No,1,No
504,hoc_sustaining_proliferative_signaling,No,No,1,No
505,hoc_sustaining_proliferative_signaling,No,No,1,No
506,hoc_sustaining_proliferative_signaling,No,No,1,No
507,hoc_sustaining_proliferative_signaling,No,No,1,No
508,hoc_sustaining_proliferative_signaling,No,Yes,0,Yes
509,hoc_sustaining_proliferative_signaling,No,No,1,No
510,hoc_sustaining_proliferative_signaling,No,Yes,0,Yes
511,hoc_sustaining_proliferative_signaling,No,No,1,No
512,hoc_sustaining_proliferative_signaling,No,Yes,0,Yes
513,hoc_sustaining_proliferative_signaling,No,No,1,No
514,hoc_sustaining_proliferative_signaling,No,No,1,No
515,hoc_sustaining_proliferative_signaling,No,No,1,No
516,hoc_sustaining_proliferative_signaling,No,No,1,No
517,hoc_sustaining_proliferative_signaling,No,No,1,No
518,hoc_sustaining_proliferative_signaling,No,Yes,0,Yes
519,hoc_sustaining_proliferative_signaling,No,Yes,0,Yes
520,hoc_sustaining_proliferative_signaling,No,No,1,No
521,hoc_sustaining_proliferative_signaling,No,Yes,0,Yes
522,hoc_sustaining_proliferative_signaling,No,Yes,0,Yes
523,hoc_sustaining_proliferative_signaling,No,Yes,0,Yes
524,hoc_sustaining_proliferative_signaling,No,No,1,No
525,hoc_sustaining_proliferative_signaling,No,Yes,0,Yes
526,hoc_sustaining_proliferative_signaling,No,No,1,No
527,hoc_sustaining_proliferative_signaling,No,No,1,No
528,hoc_sustaining_proliferative_signaling,No,Yes,0,Yes
529,hoc_sustaining_proliferative_signaling,Yes,Yes,1,Yes
530,hoc_sustaining_proliferative_signaling,No,Yes,0,Yes
531,hoc_sustaining_proliferative_signaling,No,No,1,No
532,hoc_sustaining_proliferative_signaling,No,No,1,No
533,hoc_sustaining_proliferative_signaling,No,No,1,No
534,hoc_sustaining_proliferative_signaling,No,Yes,0,Yes
535,hoc_sustaining_proliferative_signaling,Yes,No,0,No
536,hoc_sustaining_proliferative_signaling,Yes,No,0,No
537,hoc_sustaining_proliferative_signaling,No,No,1,No
538,hoc_sustaining_proliferative_signaling,Yes,Yes,1,Yes
539,hoc_sustaining_proliferative_signaling,Yes,No,0,No
540,hoc_sustaining_proliferative_signaling,No,Yes,0,Yes
541,hoc_sustaining_proliferative_signaling,No,No,1,No
542,hoc_sustaining_proliferative_signaling,No,Yes,0,Yes
543,hoc_sustaining_proliferative_signaling,No,No,1,No
544,hoc_sustaining_proliferative_signaling,No,Yes,0,Yes
545,hoc_sustaining_proliferative_signaling,No,No,1,No
546,hoc_sustaining_proliferative_signaling,No,No,1,No
547,hoc_sustaining_proliferative_signaling,Yes,No,0,No
548,hoc_sustaining_proliferative_signaling,No,No,1,No
549,hoc_sustaining_proliferative_signaling,No,No,1,No
550,hoc_sustaining_proliferative_signaling,Yes,Yes,1,Yes
551,hoc_sustaining_proliferative_signaling,Yes,No,0,No
552,hoc_sustaining_proliferative_signaling,No,No,1,No
553,hoc_sustaining_proliferative_signaling,Yes,No,0,No
554,hoc_sustaining_proliferative_signaling,No,No,1,No
555,hoc_sustaining_proliferative_signaling,No,No,1,No
556,hoc_sustaining_proliferative_signaling,Yes,Yes,1,Yes
557,hoc_sustaining_proliferative_signaling,No,No,1,No
558,hoc_sustaining_proliferative_signaling,No,No,1,No
559,hoc_sustaining_proliferative_signaling,Yes,No,0,No
560,hoc_sustaining_proliferative_signaling,No,No,1,No
561,hoc_sustaining_proliferative_signaling,Yes,Yes,1,Yes
562,hoc_sustaining_proliferative_signaling,No,No,1,No
563,hoc_sustaining_proliferative_signaling,No,Yes,0,Yes
564,hoc_sustaining_proliferative_signaling,No,No,1,No
565,hoc_sustaining_proliferative_signaling,No,No,1,No
566,hoc_sustaining_proliferative_signaling,No,No,1,No
567,hoc_sustaining_proliferative_signaling,No,No,1,No
568,hoc_sustaining_proliferative_signaling,Yes,No,0,No
569,hoc_sustaining_proliferative_signaling,No,No,1,No
570,hoc_sustaining_proliferative_signaling,No,No,1,No
571,hoc_sustaining_proliferative_signaling,No,No,1,No
572,hoc_sustaining_proliferative_signaling,Yes,No,0,No
573,hoc_sustaining_proliferative_signaling,Yes,No,0,No
574,hoc_sustaining_proliferative_signaling,Yes,Yes,1,Yes
575,hoc_sustaining_proliferative_signaling,No,No,1,No
576,hoc_sustaining_proliferative_signaling,Yes,No,0,No
577,hoc_sustaining_proliferative_signaling,No,No,1,No
578,hoc_sustaining_proliferative_signaling,No,No,1,No
579,hoc_sustaining_proliferative_signaling,No,Yes,0,Yes
580,hoc_sustaining_proliferative_signaling,No,No,1,No
581,hoc_sustaining_proliferative_signaling,No,Yes,0,Yes
582,hoc_sustaining_proliferative_signaling,Yes,No,0,No
583,hoc_sustaining_proliferative_signaling,No,No,1,No
584,hoc_sustaining_proliferative_signaling,No,No,1,No
585,hoc_sustaining_proliferative_signaling,No,No,1,No
586,hoc_sustaining_proliferative_signaling,No,Yes,0,Yes
587,hoc_sustaining_proliferative_signaling,No,No,1,No
588,hoc_sustaining_proliferative_signaling,No,No,1,No
589,hoc_sustaining_proliferative_signaling,Yes,No,0,No
590,hoc_sustaining_proliferative_signaling,No,Yes,0,Yes
591,hoc_sustaining_proliferative_signaling,No,Yes,0,Yes
592,hoc_sustaining_proliferative_signaling,No,No,1,No
593,hoc_sustaining_proliferative_signaling,No,No,1,No
594,hoc_sustaining_proliferative_signaling,No,No,1,No
595,hoc_sustaining_proliferative_signaling,No,Yes,0,Yes
596,hoc_sustaining_proliferative_signaling,Yes,No,0,No
597,hoc_sustaining_proliferative_signaling,No,No,1,No
598,hoc_sustaining_proliferative_signaling,No,No,1,No
599,hoc_sustaining_proliferative_signaling,No,No,1,No
600,hoc_sustaining_proliferative_signaling,No,No,1,No
601,hoc_sustaining_proliferative_signaling,Yes,Yes,1,Yes
602,hoc_sustaining_proliferative_signaling,No,No,1,No
603,hoc_sustaining_proliferative_signaling,Yes,No,0,No
604,hoc_sustaining_proliferative_signaling,Yes,No,0,No
605,hoc_sustaining_proliferative_signaling,Yes,No,0,No
606,hoc_sustaining_proliferative_signaling,Yes,No,0,No
607,hoc_sustaining_proliferative_signaling,Yes,No,0,No
608,hoc_sustaining_proliferative_signaling,No,Yes,0,Yes
609,hoc_sustaining_proliferative_signaling,No,No,1,No
610,hoc_sustaining_proliferative_signaling,No,No,1,No
611,hoc_sustaining_proliferative_signaling,No,No,1,No
612,hoc_sustaining_proliferative_signaling,No,No,1,No
613,hoc_sustaining_proliferative_signaling,No,No,1,No
614,hoc_sustaining_proliferative_signaling,No,Yes,0,Yes
615,hoc_sustaining_proliferative_signaling,No,No,1,No
616,hoc_sustaining_proliferative_signaling,No,No,1,No
617,hoc_sustaining_proliferative_signaling,No,Yes,0,Yes
618,hoc_sustaining_proliferative_signaling,No,Yes,0,Yes
619,hoc_sustaining_proliferative_signaling,No,No,1,No
620,hoc_sustaining_proliferative_signaling,No,Yes,0,Yes
621,hoc_sustaining_proliferative_signaling,No,No,1,No
622,hoc_sustaining_proliferative_signaling,No,No,1,No
623,hoc_sustaining_proliferative_signaling,Yes,No,0,No
624,hoc_sustaining_proliferative_signaling,No,No,1,No
625,hoc_sustaining_proliferative_signaling,No,No,1,No
626,hoc_sustaining_proliferative_signaling,Yes,Yes,1,Yes
627,hoc_sustaining_proliferative_signaling,Yes,No,0,No
628,hoc_sustaining_proliferative_signaling,No,Yes,0,Yes
629,hoc_sustaining_proliferative_signaling,No,Yes,0,Yes
630,hoc_sustaining_proliferative_signaling,No,No,1,No
631,hoc_sustaining_proliferative_signaling,Yes,No,0,No
632,hoc_sustaining_proliferative_signaling,Yes,No,0,No
633,hoc_sustaining_proliferative_signaling,No,No,1,No
634,hoc_sustaining_proliferative_signaling,No,Yes,0,Yes
635,hoc_sustaining_proliferative_signaling,No,No,1,No
636,hoc_sustaining_proliferative_signaling,No,No,1,No
637,hoc_sustaining_proliferative_signaling,No,No,1,No
638,hoc_sustaining_proliferative_signaling,No,No,1,No
639,hoc_sustaining_proliferative_signaling,No,No,1,No
640,hoc_sustaining_proliferative_signaling,No,No,1,No
641,hoc_sustaining_proliferative_signaling,No,No,1,No
642,hoc_sustaining_proliferative_signaling,No,No,1,No
643,hoc_sustaining_proliferative_signaling,No,Yes,0,Yes
644,hoc_sustaining_proliferative_signaling,No,No,1,No
645,hoc_sustaining_proliferative_signaling,No,Yes,0,Yes
646,hoc_sustaining_proliferative_signaling,No,No,1,No
647,hoc_sustaining_proliferative_signaling,No,No,1,No
648,hoc_sustaining_proliferative_signaling,Yes,No,0,No
649,hoc_sustaining_proliferative_signaling,No,Yes,0,Yes
650,hoc_sustaining_proliferative_signaling,No,No,1,No
651,hoc_sustaining_proliferative_signaling,Yes,Yes,1,Yes
652,hoc_sustaining_proliferative_signaling,No,Yes,0,Yes
653,hoc_sustaining_proliferative_signaling,Yes,No,0,No
654,hoc_sustaining_proliferative_signaling,No,Yes,0,Yes
655,hoc_sustaining_proliferative_signaling,Yes,No,0,No
656,hoc_sustaining_proliferative_signaling,No,Yes,0,Yes
657,hoc_sustaining_proliferative_signaling,No,No,1,No
658,hoc_sustaining_proliferative_signaling,No,Yes,0,Yes
659,hoc_sustaining_proliferative_signaling,No,No,1,No
660,hoc_sustaining_proliferative_signaling,Yes,No,0,No
661,hoc_sustaining_proliferative_signaling,No,No,1,No
662,hoc_sustaining_proliferative_signaling,No,No,1,No
663,hoc_sustaining_proliferative_signaling,No,No,1,No
664,hoc_sustaining_proliferative_signaling,Yes,No,0,No
665,hoc_sustaining_proliferative_signaling,Yes,No,0,No
666,hoc_sustaining_proliferative_signaling,Yes,No,0,No
667,hoc_sustaining_proliferative_signaling,Yes,No,0,No
668,hoc_sustaining_proliferative_signaling,No,No,1,No
669,hoc_sustaining_proliferative_signaling,No,Yes,0,Yes
670,hoc_sustaining_proliferative_signaling,No,No,1,No
671,hoc_sustaining_proliferative_signaling,No,Yes,0,Yes
672,hoc_sustaining_proliferative_signaling,Yes,No,0,No
673,hoc_sustaining_proliferative_signaling,No,No,1,No
674,hoc_sustaining_proliferative_signaling,No,No,1,No
675,hoc_sustaining_proliferative_signaling,No,No,1,No
676,hoc_sustaining_proliferative_signaling,Yes,No,0,No
677,hoc_sustaining_proliferative_signaling,No,No,1,No
678,hoc_sustaining_proliferative_signaling,No,No,1,No
679,hoc_sustaining_proliferative_signaling,No,No,1,No
680,hoc_sustaining_proliferative_signaling,No,No,1,No
681,hoc_sustaining_proliferative_signaling,No,No,1,No
682,hoc_sustaining_proliferative_signaling,No,Yes,0,Yes
683,hoc_sustaining_proliferative_signaling,No,No,1,No
684,hoc_sustaining_proliferative_signaling,Yes,No,0,No
685,hoc_sustaining_proliferative_signaling,No,No,1,No
686,hoc_sustaining_proliferative_signaling,Yes,Yes,1,Yes
687,hoc_sustaining_proliferative_signaling,No,No,1,No
688,hoc_sustaining_proliferative_signaling,Yes,No,0,No
689,hoc_sustaining_proliferative_signaling,No,Yes,0,Yes
690,hoc_sustaining_proliferative_signaling,Yes,No,0,No
691,hoc_sustaining_proliferative_signaling,No,Yes,0,Yes
692,hoc_sustaining_proliferative_signaling,No,No,1,No
693,hoc_sustaining_proliferative_signaling,Yes,No,0,No
694,hoc_sustaining_proliferative_signaling,No,No,1,No
695,hoc_sustaining_proliferative_signaling,No,No,1,No
696,hoc_sustaining_proliferative_signaling,No,No,1,No
697,hoc_sustaining_proliferative_signaling,Yes,No,0,No
698,hoc_sustaining_proliferative_signaling,No,No,1,No
699,hoc_sustaining_proliferative_signaling,No,No,1,No
700,hoc_sustaining_proliferative_signaling,No,No,1,No
701,hoc_sustaining_proliferative_signaling,No,Yes,0,Yes
702,hoc_sustaining_proliferative_signaling,No,No,1,No
703,hoc_sustaining_proliferative_signaling,Yes,No,0,No
704,hoc_sustaining_proliferative_signaling,No,No,1,No
705,hoc_sustaining_proliferative_signaling,No,No,1,No
706,hoc_sustaining_proliferative_signaling,Yes,Yes,1,Yes
707,hoc_sustaining_proliferative_signaling,No,No,1,No
708,hoc_sustaining_proliferative_signaling,Yes,Yes,1,Yes
709,hoc_sustaining_proliferative_signaling,No,No,1,No
710,hoc_sustaining_proliferative_signaling,Yes,No,0,No
711,hoc_sustaining_proliferative_signaling,No,Yes,0,Yes
712,hoc_sustaining_proliferative_signaling,Yes,No,0,No
713,hoc_sustaining_proliferative_signaling,No,No,1,No
714,hoc_sustaining_proliferative_signaling,No,No,1,No
715,hoc_sustaining_proliferative_signaling,No,No,1,No
716,hoc_sustaining_proliferative_signaling,No,No,1,No
717,hoc_sustaining_proliferative_signaling,No,No,1,No
718,hoc_sustaining_proliferative_signaling,No,No,1,No
719,hoc_sustaining_proliferative_signaling,No,No,1,No
720,hoc_sustaining_proliferative_signaling,Yes,No,0,No
721,hoc_sustaining_proliferative_signaling,Yes,Yes,1,Yes
722,hoc_sustaining_proliferative_signaling,No,No,1,No
723,hoc_sustaining_proliferative_signaling,Yes,Yes,1,Yes
724,hoc_sustaining_proliferative_signaling,Yes,No,0,No
725,hoc_sustaining_proliferative_signaling,Yes,No,0,No
726,hoc_sustaining_proliferative_signaling,Yes,Yes,1,Yes
727,hoc_sustaining_proliferative_signaling,Yes,Yes,1,Yes
728,hoc_sustaining_proliferative_signaling,Yes,No,0,No
729,hoc_sustaining_proliferative_signaling,Yes,Yes,1,Yes
730,hoc_sustaining_proliferative_signaling,No,No,1,No
731,hoc_sustaining_proliferative_signaling,No,No,1,No
732,hoc_sustaining_proliferative_signaling,Yes,Yes,1,Yes
733,hoc_sustaining_proliferative_signaling,No,No,1,No
734,hoc_sustaining_proliferative_signaling,Yes,Yes,1,Yes
735,hoc_sustaining_proliferative_signaling,Yes,No,0,No
736,hoc_sustaining_proliferative_signaling,No,No,1,No
737,hoc_sustaining_proliferative_signaling,No,No,1,No
738,hoc_sustaining_proliferative_signaling,No,No,1,No
739,hoc_sustaining_proliferative_signaling,No,No,1,No
740,hoc_sustaining_proliferative_signaling,No,Yes,0,Yes
741,hoc_sustaining_proliferative_signaling,Yes,Yes,1,Yes
742,hoc_sustaining_proliferative_signaling,No,No,1,No
743,hoc_sustaining_proliferative_signaling,No,No,1,No
744,hoc_sustaining_proliferative_signaling,No,No,1,No
745,hoc_sustaining_proliferative_signaling,Yes,No,0,No
746,hoc_sustaining_proliferative_signaling,Yes,No,0,No
747,hoc_sustaining_proliferative_signaling,Yes,No,0,No
748,hoc_sustaining_proliferative_signaling,No,Yes,0,Yes
749,hoc_sustaining_proliferative_signaling,No,No,1,No
750,hoc_sustaining_proliferative_signaling,Yes,No,0,No
751,hoc_sustaining_proliferative_signaling,Yes,No,0,No
752,hoc_sustaining_proliferative_signaling,Yes,No,0,No
753,hoc_sustaining_proliferative_signaling,No,Yes,0,Yes
754,hoc_sustaining_proliferative_signaling,Yes,Yes,1,Yes
755,hoc_sustaining_proliferative_signaling,Yes,Yes,1,Yes
756,hoc_sustaining_proliferative_signaling,Yes,Yes,1,Yes
757,hoc_sustaining_proliferative_signaling,No,No,1,No
758,hoc_sustaining_proliferative_signaling,No,No,1,No
759,hoc_sustaining_proliferative_signaling,No,Yes,0,Yes
760,hoc_sustaining_proliferative_signaling,No,Yes,0,Yes
761,hoc_sustaining_proliferative_signaling,Yes,Yes,1,Yes
762,hoc_sustaining_proliferative_signaling,Yes,No,0,No
763,hoc_sustaining_proliferative_signaling,No,No,1,No
764,hoc_sustaining_proliferative_signaling,No,No,1,No
765,hoc_sustaining_proliferative_signaling,No,No,1,No
766,hoc_sustaining_proliferative_signaling,No,No,1,No
767,hoc_sustaining_proliferative_signaling,No,No,1,No
768,hoc_sustaining_proliferative_signaling,No,No,1,No
769,hoc_sustaining_proliferative_signaling,No,No,1,No
770,hoc_sustaining_proliferative_signaling,No,No,1,No
771,hoc_sustaining_proliferative_signaling,No,No,1,No
772,hoc_sustaining_proliferative_signaling,Yes,Yes,1,Yes
773,hoc_sustaining_proliferative_signaling,Yes,No,0,No
774,hoc_sustaining_proliferative_signaling,No,No,1,No
775,hoc_sustaining_proliferative_signaling,Yes,No,0,No
776,hoc_sustaining_proliferative_signaling,No,No,1,No
777,hoc_sustaining_proliferative_signaling,Yes,Yes,1,Yes
778,hoc_sustaining_proliferative_signaling,No,No,1,No
779,hoc_sustaining_proliferative_signaling,No,No,1,No
780,hoc_sustaining_proliferative_signaling,Yes,No,0,No
781,hoc_sustaining_proliferative_signaling,No,No,1,No
782,hoc_sustaining_proliferative_signaling,No,Yes,0,Yes
783,hoc_sustaining_proliferative_signaling,No,No,1,No
784,hoc_sustaining_proliferative_signaling,Yes,Yes,1,Yes
785,hoc_sustaining_proliferative_signaling,No,Yes,0,Yes
786,hoc_sustaining_proliferative_signaling,Yes,Yes,1,Yes
787,hoc_sustaining_proliferative_signaling,No,Yes,0,Yes
788,hoc_sustaining_proliferative_signaling,Yes,Yes,1,Yes
789,hoc_sustaining_proliferative_signaling,Yes,No,0,No
790,hoc_sustaining_proliferative_signaling,Yes,Yes,1,Yes
791,hoc_sustaining_proliferative_signaling,Yes,Yes,1,Yes
792,hoc_sustaining_proliferative_signaling,No,No,1,No
793,hoc_sustaining_proliferative_signaling,No,No,1,No
794,hoc_sustaining_proliferative_signaling,Yes,Yes,1,Yes
795,hoc_sustaining_proliferative_signaling,Yes,Yes,1,Yes
796,hoc_sustaining_proliferative_signaling,No,No,1,No
797,hoc_sustaining_proliferative_signaling,No,No,1,No
798,hoc_sustaining_proliferative_signaling,Yes,No,0,No
799,hoc_sustaining_proliferative_signaling,No,No,1,No
800,hoc_sustaining_proliferative_signaling,Yes,Yes,1,Yes
801,hoc_sustaining_proliferative_signaling,Yes,No,0,No
802,hoc_sustaining_proliferative_signaling,Yes,No,0,No
803,hoc_sustaining_proliferative_signaling,No,No,1,No
804,hoc_sustaining_proliferative_signaling,No,Yes,0,Yes
805,hoc_sustaining_proliferative_signaling,Yes,Yes,1,Yes
806,hoc_sustaining_proliferative_signaling,Yes,No,0,No
807,hoc_sustaining_proliferative_signaling,No,No,1,No
808,hoc_sustaining_proliferative_signaling,No,Yes,0,Yes
809,hoc_sustaining_proliferative_signaling,Yes,No,0,No
810,hoc_sustaining_proliferative_signaling,No,Yes,0,Yes
811,hoc_sustaining_proliferative_signaling,Yes,Yes,1,Yes
812,hoc_sustaining_proliferative_signaling,No,No,1,No
813,hoc_sustaining_proliferative_signaling,No,No,1,No
814,hoc_sustaining_proliferative_signaling,No,Yes,0,Yes
815,hoc_sustaining_proliferative_signaling,Yes,Yes,1,Yes
816,hoc_sustaining_proliferative_signaling,No,No,1,No
817,hoc_sustaining_proliferative_signaling,Yes,Yes,1,Yes
818,hoc_sustaining_proliferative_signaling,No,No,1,No
819,hoc_sustaining_proliferative_signaling,No,No,1,No
820,hoc_sustaining_proliferative_signaling,No,Yes,0,Yes
821,hoc_sustaining_proliferative_signaling,No,No,1,No
822,hoc_sustaining_proliferative_signaling,No,No,1,No
823,hoc_sustaining_proliferative_signaling,Yes,Yes,1,Yes
824,hoc_sustaining_proliferative_signaling,No,No,1,No
825,hoc_sustaining_proliferative_signaling,No,No,1,No
826,hoc_sustaining_proliferative_signaling,Yes,Yes,1,Yes
827,hoc_sustaining_proliferative_signaling,No,No,1,No
828,hoc_sustaining_proliferative_signaling,No,No,1,No
829,hoc_sustaining_proliferative_signaling,No,No,1,No
830,hoc_sustaining_proliferative_signaling,Yes,Yes,1,Yes
831,hoc_sustaining_proliferative_signaling,No,No,1,No
832,hoc_sustaining_proliferative_signaling,Yes,No,0,No
833,hoc_sustaining_proliferative_signaling,No,No,1,No
834,hoc_sustaining_proliferative_signaling,No,No,1,No
835,hoc_sustaining_proliferative_signaling,No,No,1,No
836,hoc_sustaining_proliferative_signaling,No,No,1,No
837,hoc_sustaining_proliferative_signaling,Yes,Yes,1,Yes
838,hoc_sustaining_proliferative_signaling,Yes,No,0,No
839,hoc_sustaining_proliferative_signaling,Yes,No,0,No
840,hoc_sustaining_proliferative_signaling,No,No,1,No
841,hoc_sustaining_proliferative_signaling,No,Yes,0,Yes
842,hoc_sustaining_proliferative_signaling,No,No,1,No
843,hoc_sustaining_proliferative_signaling,No,No,1,No
844,hoc_sustaining_proliferative_signaling,Yes,No,0,No
845,hoc_sustaining_proliferative_signaling,No,No,1,No
846,hoc_sustaining_proliferative_signaling,Yes,Yes,1,Yes
847,hoc_sustaining_proliferative_signaling,No,No,1,No
848,hoc_sustaining_proliferative_signaling,No,Yes,0,Yes
849,hoc_sustaining_proliferative_signaling,Yes,No,0,No
850,hoc_sustaining_proliferative_signaling,Yes,No,0,No
851,hoc_sustaining_proliferative_signaling,No,No,1,No
852,hoc_sustaining_proliferative_signaling,Yes,No,0,No
853,hoc_sustaining_proliferative_signaling,No,Yes,0,Yes
854,hoc_sustaining_proliferative_signaling,Yes,No,0,No
855,hoc_sustaining_proliferative_signaling,No,No,1,No
856,hoc_sustaining_proliferative_signaling,No,No,1,No
857,hoc_sustaining_proliferative_signaling,No,No,1,No
858,hoc_sustaining_proliferative_signaling,Yes,Yes,1,Yes
859,hoc_sustaining_proliferative_signaling,No,No,1,No
860,hoc_sustaining_proliferative_signaling,No,Yes,0,Yes
861,hoc_sustaining_proliferative_signaling,Yes,No,0,No
862,hoc_sustaining_proliferative_signaling,No,No,1,No
863,hoc_sustaining_proliferative_signaling,Yes,No,0,No
864,hoc_sustaining_proliferative_signaling,No,No,1,No
865,hoc_sustaining_proliferative_signaling,No,No,1,No
866,hoc_sustaining_proliferative_signaling,No,Yes,0,Yes
867,hoc_sustaining_proliferative_signaling,Yes,Yes,1,Yes
868,hoc_sustaining_proliferative_signaling,No,No,1,No
869,hoc_sustaining_proliferative_signaling,No,No,1,No
870,hoc_sustaining_proliferative_signaling,Yes,No,0,No
871,hoc_sustaining_proliferative_signaling,Yes,No,0,No
872,hoc_sustaining_proliferative_signaling,No,No,1,No
873,hoc_sustaining_proliferative_signaling,No,No,1,No
874,hoc_sustaining_proliferative_signaling,No,No,1,No
875,hoc_sustaining_proliferative_signaling,No,No,1,No
876,hoc_sustaining_proliferative_signaling,No,No,1,No
877,hoc_sustaining_proliferative_signaling,No,No,1,No
878,hoc_sustaining_proliferative_signaling,No,No,1,No
879,hoc_sustaining_proliferative_signaling,No,No,1,No
880,hoc_sustaining_proliferative_signaling,No,No,1,No
881,hoc_sustaining_proliferative_signaling,No,No,1,No
882,hoc_sustaining_proliferative_signaling,Yes,Yes,1,Yes
883,hoc_sustaining_proliferative_signaling,No,No,1,No
884,hoc_sustaining_proliferative_signaling,No,No,1,No
885,hoc_sustaining_proliferative_signaling,Yes,No,0,No
886,hoc_sustaining_proliferative_signaling,No,No,1,No
887,hoc_sustaining_proliferative_signaling,No,No,1,No
888,hoc_sustaining_proliferative_signaling,No,Yes,0,Yes
889,hoc_sustaining_proliferative_signaling,No,Yes,0,Yes
890,hoc_sustaining_proliferative_signaling,No,Yes,0,Yes
891,hoc_sustaining_proliferative_signaling,Yes,Yes,1,Yes
892,hoc_sustaining_proliferative_signaling,Yes,Yes,1,Yes
893,hoc_sustaining_proliferative_signaling,No,No,1,No
894,hoc_sustaining_proliferative_signaling,Yes,Yes,1,Yes
895,hoc_sustaining_proliferative_signaling,No,No,1,No
896,hoc_sustaining_proliferative_signaling,No,No,1,No
897,hoc_sustaining_proliferative_signaling,Yes,Yes,1,Yes
898,hoc_sustaining_proliferative_signaling,Yes,No,0,No
899,hoc_sustaining_proliferative_signaling,No,Yes,0,Yes
900,hoc_sustaining_proliferative_signaling,No,No,1,No
901,hoc_sustaining_proliferative_signaling,Yes,No,0,No
902,hoc_sustaining_proliferative_signaling,No,No,1,No
903,hoc_sustaining_proliferative_signaling,No,No,1,No
904,hoc_sustaining_proliferative_signaling,Yes,No,0,No
905,hoc_sustaining_proliferative_signaling,Yes,No,0,No
906,hoc_sustaining_proliferative_signaling,No,Yes,0,Yes
907,hoc_sustaining_proliferative_signaling,Yes,Yes,1,Yes
908,hoc_sustaining_proliferative_signaling,No,No,1,No
909,hoc_sustaining_proliferative_signaling,No,Yes,0,Yes
910,hoc_sustaining_proliferative_signaling,Yes,No,0,No
911,hoc_sustaining_proliferative_signaling,Yes,Yes,1,Yes
912,hoc_sustaining_proliferative_signaling,No,No,1,No
913,hoc_sustaining_proliferative_signaling,No,Yes,0,Yes
914,hoc_sustaining_proliferative_signaling,No,No,1,No
915,hoc_sustaining_proliferative_signaling,No,No,1,No
916,hoc_sustaining_proliferative_signaling,No,Yes,0,Yes
917,hoc_sustaining_proliferative_signaling,No,No,1,No
918,hoc_sustaining_proliferative_signaling,No,No,1,No
919,hoc_sustaining_proliferative_signaling,Yes,No,0,No
920,hoc_sustaining_proliferative_signaling,No,No,1,No
921,hoc_sustaining_proliferative_signaling,No,Yes,0,Yes
922,hoc_sustaining_proliferative_signaling,No,No,1,No
923,hoc_sustaining_proliferative_signaling,Yes,Yes,1,Yes
924,hoc_sustaining_proliferative_signaling,No,No,1,No
925,hoc_sustaining_proliferative_signaling,No,Yes,0,Yes
926,hoc_sustaining_proliferative_signaling,Yes,Yes,1,Yes
927,hoc_sustaining_proliferative_signaling,No,Yes,0,Yes
928,hoc_sustaining_proliferative_signaling,No,No,1,No
929,hoc_sustaining_proliferative_signaling,No,No,1,No
930,hoc_sustaining_proliferative_signaling,Yes,Yes,1,Yes
931,hoc_sustaining_proliferative_signaling,No,No,1,No
932,hoc_sustaining_proliferative_signaling,No,No,1,No
933,hoc_sustaining_proliferative_signaling,Yes,No,0,No
934,hoc_sustaining_proliferative_signaling,No,No,1,No
935,hoc_sustaining_proliferative_signaling,No,No,1,No
936,hoc_sustaining_proliferative_signaling,Yes,Yes,1,Yes
937,hoc_sustaining_proliferative_signaling,No,No,1,No
938,hoc_sustaining_proliferative_signaling,Yes,No,0,No
939,hoc_sustaining_proliferative_signaling,No,No,1,No
940,hoc_sustaining_proliferative_signaling,No,No,1,No
941,hoc_sustaining_proliferative_signaling,Yes,No,0,No
942,hoc_sustaining_proliferative_signaling,No,Yes,0,Yes
943,hoc_sustaining_proliferative_signaling,No,No,1,No
944,hoc_sustaining_proliferative_signaling,No,No,1,No
945,hoc_sustaining_proliferative_signaling,No,No,1,No
946,hoc_sustaining_proliferative_signaling,No,Yes,0,Yes
947,hoc_sustaining_proliferative_signaling,Yes,Yes,1,Yes
948,hoc_sustaining_proliferative_signaling,No,No,1,No
949,hoc_sustaining_proliferative_signaling,No,No,1,No
950,hoc_sustaining_proliferative_signaling,No,No,1,No
951,hoc_sustaining_proliferative_signaling,No,No,1,No
952,hoc_sustaining_proliferative_signaling,No,No,1,No
953,hoc_sustaining_proliferative_signaling,Yes,Yes,1,Yes
954,hoc_sustaining_proliferative_signaling,Yes,No,0,No
955,hoc_sustaining_proliferative_signaling,No,No,1,No
956,hoc_sustaining_proliferative_signaling,No,No,1,No
957,hoc_sustaining_proliferative_signaling,Yes,Yes,1,Yes
958,hoc_sustaining_proliferative_signaling,No,Yes,0,Yes
959,hoc_sustaining_proliferative_signaling,No,No,1,No
960,hoc_sustaining_proliferative_signaling,Yes,Yes,1,Yes
961,hoc_sustaining_proliferative_signaling,No,No,1,No
962,hoc_sustaining_proliferative_signaling,No,No,1,No
963,hoc_sustaining_proliferative_signaling,No,Yes,0,Yes
964,hoc_sustaining_proliferative_signaling,Yes,Yes,1,Yes
965,hoc_sustaining_proliferative_signaling,No,Yes,0,Yes
966,hoc_sustaining_proliferative_signaling,No,Yes,0,Yes
967,hoc_sustaining_proliferative_signaling,No,No,1,No
968,hoc_sustaining_proliferative_signaling,No,No,1,No
969,hoc_sustaining_proliferative_signaling,No,Yes,0,Yes
970,hoc_sustaining_proliferative_signaling,No,No,1,No
971,hoc_sustaining_proliferative_signaling,No,No,1,No
972,hoc_sustaining_proliferative_signaling,No,No,1,No
973,hoc_sustaining_proliferative_signaling,Yes,Yes,1,Yes
974,hoc_sustaining_proliferative_signaling,Yes,No,0,No
975,hoc_sustaining_proliferative_signaling,No,No,1,No
976,hoc_sustaining_proliferative_signaling,No,No,1,No
977,hoc_sustaining_proliferative_signaling,No,Yes,0,Yes
978,hoc_sustaining_proliferative_signaling,No,No,1,No
979,hoc_sustaining_proliferative_signaling,No,No,1,No
980,hoc_sustaining_proliferative_signaling,Yes,Yes,1,Yes
981,hoc_sustaining_proliferative_signaling,No,No,1,No
982,hoc_sustaining_proliferative_signaling,No,No,1,No
983,hoc_sustaining_proliferative_signaling,No,Yes,0,Yes
984,hoc_sustaining_proliferative_signaling,Yes,Yes,1,Yes
985,hoc_sustaining_proliferative_signaling,Yes,No,0,No
986,hoc_sustaining_proliferative_signaling,No,No,1,No
987,hoc_sustaining_proliferative_signaling,No,No,1,No
988,hoc_sustaining_proliferative_signaling,Yes,Yes,1,Yes
989,hoc_sustaining_proliferative_signaling,No,No,1,No
990,hoc_sustaining_proliferative_signaling,No,No,1,No
991,hoc_sustaining_proliferative_signaling,No,No,1,No
992,hoc_sustaining_proliferative_signaling,No,No,1,No
993,hoc_sustaining_proliferative_signaling,No,No,1,No
994,hoc_sustaining_proliferative_signaling,No,No,1,No
995,hoc_sustaining_proliferative_signaling,No,Yes,0,Yes
996,hoc_sustaining_proliferative_signaling,Yes,No,0,No
997,hoc_sustaining_proliferative_signaling,No,No,1,No
998,hoc_sustaining_proliferative_signaling,No,No,1,No
999,hoc_sustaining_proliferative_signaling,No,Yes,0,Yes
1000,hoc_sustaining_proliferative_signaling,No,No,1,No
1001,hoc_sustaining_proliferative_signaling,Yes,No,0,No
1002,hoc_sustaining_proliferative_signaling,No,No,1,No
1003,hoc_sustaining_proliferative_signaling,No,Yes,0,Yes
1004,hoc_sustaining_proliferative_signaling,No,No,1,No
1005,hoc_sustaining_proliferative_signaling,Yes,No,0,No
1006,hoc_sustaining_proliferative_signaling,No,No,1,No
1007,hoc_sustaining_proliferative_signaling,Yes,No,0,No
1008,hoc_sustaining_proliferative_signaling,No,No,1,No
1009,hoc_sustaining_proliferative_signaling,No,No,1,No
1010,hoc_sustaining_proliferative_signaling,Yes,No,0,No
1011,hoc_sustaining_proliferative_signaling,No,Yes,0,Yes
1012,hoc_sustaining_proliferative_signaling,No,No,1,No
1013,hoc_sustaining_proliferative_signaling,Yes,Yes,1,Yes
1014,hoc_sustaining_proliferative_signaling,No,No,1,No
1015,hoc_sustaining_proliferative_signaling,Yes,No,0,No
1016,hoc_sustaining_proliferative_signaling,No,No,1,No
1017,hoc_sustaining_proliferative_signaling,No,Yes,0,Yes
1018,hoc_sustaining_proliferative_signaling,Yes,Yes,1,Yes
1019,hoc_sustaining_proliferative_signaling,No,No,1,No
1020,hoc_sustaining_proliferative_signaling,No,No,1,No
1021,hoc_sustaining_proliferative_signaling,Yes,Yes,1,Yes
1022,hoc_sustaining_proliferative_signaling,No,No,1,No
1023,hoc_sustaining_proliferative_signaling,No,Yes,0,Yes
1024,hoc_sustaining_proliferative_signaling,Yes,No,0,No
1025,hoc_sustaining_proliferative_signaling,No,No,1,No
1026,hoc_sustaining_proliferative_signaling,No,No,1,No
1027,hoc_sustaining_proliferative_signaling,No,No,1,No
1028,hoc_sustaining_proliferative_signaling,No,No,1,No
1029,hoc_sustaining_proliferative_signaling,No,No,1,No
1030,hoc_sustaining_proliferative_signaling,Yes,No,0,No
1031,hoc_sustaining_proliferative_signaling,No,No,1,No
1032,hoc_sustaining_proliferative_signaling,No,No,1,No
1033,hoc_sustaining_proliferative_signaling,No,No,1,No
1034,hoc_sustaining_proliferative_signaling,No,Yes,0,Yes
1035,hoc_sustaining_proliferative_signaling,Yes,No,0,No
1036,hoc_sustaining_proliferative_signaling,Yes,Yes,1,Yes
1037,hoc_sustaining_proliferative_signaling,No,No,1,No
1038,hoc_sustaining_proliferative_signaling,No,No,1,No
1039,hoc_sustaining_proliferative_signaling,No,No,1,No
1040,hoc_sustaining_proliferative_signaling,No,Yes,0,Yes
1041,hoc_sustaining_proliferative_signaling,No,No,1,No
1042,hoc_sustaining_proliferative_signaling,No,Yes,0,Yes
1043,hoc_sustaining_proliferative_signaling,Yes,No,0,No
1044,hoc_sustaining_proliferative_signaling,No,Yes,0,Yes
1045,hoc_sustaining_proliferative_signaling,No,No,1,No
1046,hoc_sustaining_proliferative_signaling,Yes,No,0,No
1047,hoc_sustaining_proliferative_signaling,No,No,1,No
1048,hoc_sustaining_proliferative_signaling,No,No,1,No
1049,hoc_sustaining_proliferative_signaling,Yes,Yes,1,Yes
1050,hoc_sustaining_proliferative_signaling,Yes,Yes,1,Yes
1051,hoc_sustaining_proliferative_signaling,Yes,Yes,1,Yes
1052,hoc_sustaining_proliferative_signaling,No,No,1,No
1053,hoc_sustaining_proliferative_signaling,No,No,1,No
1054,hoc_sustaining_proliferative_signaling,No,No,1,No
1055,hoc_sustaining_proliferative_signaling,Yes,Yes,1,Yes
1056,hoc_sustaining_proliferative_signaling,No,No,1,No
1057,hoc_sustaining_proliferative_signaling,No,Yes,0,Yes
1058,hoc_sustaining_proliferative_signaling,No,No,1,No
1059,hoc_sustaining_proliferative_signaling,No,Yes,0,Yes
1060,hoc_sustaining_proliferative_signaling,No,No,1,No
1061,hoc_sustaining_proliferative_signaling,No,No,1,No
1062,hoc_sustaining_proliferative_signaling,Yes,Yes,1,Yes
1063,hoc_sustaining_proliferative_signaling,No,No,1,No
1064,hoc_sustaining_proliferative_signaling,No,No,1,No
1065,hoc_sustaining_proliferative_signaling,Yes,No,0,No
1066,hoc_sustaining_proliferative_signaling,No,No,1,No
1067,hoc_sustaining_proliferative_signaling,No,No,1,No
1068,hoc_sustaining_proliferative_signaling,No,No,1,No
1069,hoc_sustaining_proliferative_signaling,No,No,1,No
1070,hoc_sustaining_proliferative_signaling,Yes,Yes,1,Yes
1071,hoc_sustaining_proliferative_signaling,No,No,1,No
1072,hoc_sustaining_proliferative_signaling,No,No,1,No
1073,hoc_sustaining_proliferative_signaling,No,No,1,No
1074,hoc_sustaining_proliferative_signaling,No,No,1,No
1075,hoc_sustaining_proliferative_signaling,No,No,1,No
1076,hoc_sustaining_proliferative_signaling,No,No,1,No
1077,hoc_sustaining_proliferative_signaling,No,No,1,No
1078,hoc_sustaining_proliferative_signaling,Yes,Yes,1,Yes
1079,hoc_sustaining_proliferative_signaling,No,No,1,No
1080,hoc_sustaining_proliferative_signaling,No,Yes,0,Yes
1081,hoc_sustaining_proliferative_signaling,No,Yes,0,Yes
1082,hoc_sustaining_proliferative_signaling,No,No,1,No
1083,hoc_sustaining_proliferative_signaling,No,No,1,No
1084,hoc_sustaining_proliferative_signaling,No,No,1,No
1085,hoc_sustaining_proliferative_signaling,No,Yes,0,Yes
1086,hoc_sustaining_proliferative_signaling,No,No,1,No
1087,hoc_sustaining_proliferative_signaling,No,No,1,No
1088,hoc_sustaining_proliferative_signaling,Yes,No,0,No
1089,hoc_sustaining_proliferative_signaling,No,No,1,No
1090,hoc_sustaining_proliferative_signaling,No,Yes,0,Yes
1091,hoc_sustaining_proliferative_signaling,Yes,Yes,1,Yes
1092,hoc_sustaining_proliferative_signaling,No,No,1,No
1093,hoc_sustaining_proliferative_signaling,No,No,1,No
1094,hoc_sustaining_proliferative_signaling,No,No,1,No
1095,hoc_sustaining_proliferative_signaling,No,Yes,0,Yes
1096,hoc_sustaining_proliferative_signaling,No,No,1,No
1097,hoc_sustaining_proliferative_signaling,Yes,No,0,No
1098,hoc_sustaining_proliferative_signaling,No,Yes,0,Yes
1099,hoc_sustaining_proliferative_signaling,No,No,1,No
1100,hoc_sustaining_proliferative_signaling,No,No,1,No
1101,hoc_sustaining_proliferative_signaling,No,No,1,No
1102,hoc_sustaining_proliferative_signaling,No,No,1,No
1103,hoc_sustaining_proliferative_signaling,Yes,Yes,1,Yes
1104,hoc_sustaining_proliferative_signaling,Yes,Yes,1,Yes
1105,hoc_sustaining_proliferative_signaling,No,No,1,No
1106,hoc_sustaining_proliferative_signaling,Yes,No,0,No
1107,hoc_sustaining_proliferative_signaling,No,Yes,0,Yes
1108,hoc_sustaining_proliferative_signaling,Yes,Yes,1,Yes
1109,hoc_sustaining_proliferative_signaling,Yes,Yes,1,Yes
1110,hoc_sustaining_proliferative_signaling,No,No,1,No
1111,hoc_sustaining_proliferative_signaling,No,No,1,No
1112,hoc_sustaining_proliferative_signaling,Yes,No,0,No
1113,hoc_sustaining_proliferative_signaling,No,No,1,No
1114,hoc_sustaining_proliferative_signaling,No,No,1,No
1115,hoc_sustaining_proliferative_signaling,No,No,1,No
1116,hoc_sustaining_proliferative_signaling,No,No,1,No
1117,hoc_sustaining_proliferative_signaling,No,No,1,No
1118,hoc_sustaining_proliferative_signaling,Yes,Yes,1,Yes
1119,hoc_sustaining_proliferative_signaling,No,No,1,No
1120,hoc_sustaining_proliferative_signaling,No,No,1,No
1121,hoc_sustaining_proliferative_signaling,Yes,No,0,No
1122,hoc_sustaining_proliferative_signaling,No,Yes,0,Yes
1123,hoc_sustaining_proliferative_signaling,Yes,Yes,1,Yes
1124,hoc_sustaining_proliferative_signaling,No,No,1,No
1125,hoc_sustaining_proliferative_signaling,No,No,1,No
1126,hoc_sustaining_proliferative_signaling,No,No,1,No
1127,hoc_sustaining_proliferative_signaling,No,No,1,No
1128,hoc_sustaining_proliferative_signaling,No,No,1,No
1129,hoc_sustaining_proliferative_signaling,No,No,1,No
1130,hoc_sustaining_proliferative_signaling,No,No,1,No
1131,hoc_sustaining_proliferative_signaling,No,Yes,0,Yes
1132,hoc_sustaining_proliferative_signaling,Yes,Yes,1,Yes
1133,hoc_sustaining_proliferative_signaling,Yes,Yes,1,Yes
1134,hoc_sustaining_proliferative_signaling,No,Yes,0,Yes
1135,hoc_sustaining_proliferative_signaling,No,No,1,No
1136,hoc_sustaining_proliferative_signaling,No,No,1,No
1137,hoc_sustaining_proliferative_signaling,Yes,Yes,1,Yes
1138,hoc_sustaining_proliferative_signaling,No,No,1,No
1139,hoc_sustaining_proliferative_signaling,No,Yes,0,Yes
1140,hoc_sustaining_proliferative_signaling,No,No,1,No
1141,hoc_sustaining_proliferative_signaling,No,No,1,No
1142,hoc_sustaining_proliferative_signaling,No,No,1,No
1143,hoc_sustaining_proliferative_signaling,No,Yes,0,Yes
1144,hoc_sustaining_proliferative_signaling,Yes,No,0,No
1145,hoc_sustaining_proliferative_signaling,No,No,1,No
1146,hoc_sustaining_proliferative_signaling,No,No,1,No
1147,hoc_sustaining_proliferative_signaling,No,No,1,No
1148,hoc_sustaining_proliferative_signaling,No,Yes,0,Yes
1149,hoc_sustaining_proliferative_signaling,Yes,No,0,No
1150,hoc_sustaining_proliferative_signaling,No,No,1,No
1151,hoc_sustaining_proliferative_signaling,No,No,1,No
1152,hoc_sustaining_proliferative_signaling,No,No,1,No
1153,hoc_sustaining_proliferative_signaling,No,Yes,0,Yes
1154,hoc_sustaining_proliferative_signaling,No,Yes,0,Yes
1155,hoc_sustaining_proliferative_signaling,No,No,1,No
1156,hoc_sustaining_proliferative_signaling,No,No,1,No
1157,hoc_sustaining_proliferative_signaling,No,No,1,No
1158,hoc_sustaining_proliferative_signaling,No,No,1,No
1159,hoc_sustaining_proliferative_signaling,No,Yes,0,Yes
1160,hoc_sustaining_proliferative_signaling,No,No,1,No
1161,hoc_sustaining_proliferative_signaling,Yes,No,0,No
1162,hoc_sustaining_proliferative_signaling,No,No,1,No
1163,hoc_sustaining_proliferative_signaling,No,No,1,No
1164,hoc_sustaining_proliferative_signaling,No,Yes,0,Yes
1165,hoc_sustaining_proliferative_signaling,No,No,1,No
1166,hoc_sustaining_proliferative_signaling,No,No,1,No
1167,hoc_sustaining_proliferative_signaling,No,No,1,No
1168,hoc_sustaining_proliferative_signaling,No,No,1,No
1169,hoc_sustaining_proliferative_signaling,No,No,1,No
1170,hoc_sustaining_proliferative_signaling,No,No,1,No
1171,hoc_sustaining_proliferative_signaling,Yes,No,0,No
1172,hoc_sustaining_proliferative_signaling,No,No,1,No
1173,hoc_sustaining_proliferative_signaling,No,No,1,No
1174,hoc_sustaining_proliferative_signaling,No,No,1,No
1175,hoc_sustaining_proliferative_signaling,No,No,1,No
1176,hoc_sustaining_proliferative_signaling,No,No,1,No
1177,hoc_sustaining_proliferative_signaling,No,No,1,No
1178,hoc_sustaining_proliferative_signaling,No,No,1,No
1179,hoc_sustaining_proliferative_signaling,Yes,No,0,No
1180,hoc_sustaining_proliferative_signaling,No,No,1,No
1181,hoc_sustaining_proliferative_signaling,No,No,1,No
1182,hoc_sustaining_proliferative_signaling,No,No,1,No
1183,hoc_sustaining_proliferative_signaling,No,No,1,No
1184,hoc_sustaining_proliferative_signaling,No,No,1,No
1185,hoc_sustaining_proliferative_signaling,No,No,1,No
1186,hoc_sustaining_proliferative_signaling,No,Yes,0,Yes
1187,hoc_sustaining_proliferative_signaling,No,No,1,No
1188,hoc_sustaining_proliferative_signaling,No,Yes,0,Yes
1189,hoc_sustaining_proliferative_signaling,No,No,1,No
1190,hoc_sustaining_proliferative_signaling,No,No,1,No
1191,hoc_sustaining_proliferative_signaling,No,No,1,No
1192,hoc_sustaining_proliferative_signaling,Yes,Yes,1,Yes
1193,hoc_sustaining_proliferative_signaling,No,No,1,No
1194,hoc_sustaining_proliferative_signaling,No,No,1,No
1195,hoc_sustaining_proliferative_signaling,No,No,1,No
1196,hoc_sustaining_proliferative_signaling,No,Yes,0,Yes
1197,hoc_sustaining_proliferative_signaling,No,No,1,No
1198,hoc_sustaining_proliferative_signaling,Yes,No,0,No
1199,hoc_sustaining_proliferative_signaling,No,No,1,No
1200,hoc_sustaining_proliferative_signaling,No,No,1,No
1201,hoc_sustaining_proliferative_signaling,No,No,1,No
1202,hoc_sustaining_proliferative_signaling,Yes,No,0,No
1203,hoc_sustaining_proliferative_signaling,No,No,1,No
1204,hoc_sustaining_proliferative_signaling,No,No,1,No
1205,hoc_sustaining_proliferative_signaling,No,Yes,0,Yes
1206,hoc_sustaining_proliferative_signaling,Yes,No,0,No
1207,hoc_sustaining_proliferative_signaling,No,No,1,No
1208,hoc_sustaining_proliferative_signaling,No,No,1,No
1209,hoc_sustaining_proliferative_signaling,No,No,1,No
1210,hoc_sustaining_proliferative_signaling,No,No,1,No
1211,hoc_sustaining_proliferative_signaling,No,No,1,No
1212,hoc_sustaining_proliferative_signaling,No,Yes,0,Yes
1213,hoc_sustaining_proliferative_signaling,No,Yes,0,Yes
1214,hoc_sustaining_proliferative_signaling,No,No,1,No
1215,hoc_sustaining_proliferative_signaling,Yes,Yes,1,Yes
1216,hoc_sustaining_proliferative_signaling,No,No,1,No
1217,hoc_sustaining_proliferative_signaling,No,No,1,No
1218,hoc_sustaining_proliferative_signaling,No,Yes,0,Yes
1219,hoc_sustaining_proliferative_signaling,No,Yes,0,Yes
1220,hoc_sustaining_proliferative_signaling,Yes,Yes,1,Yes
1221,hoc_sustaining_proliferative_signaling,No,No,1,No
1222,hoc_sustaining_proliferative_signaling,No,Yes,0,Yes
1223,hoc_sustaining_proliferative_signaling,No,No,1,No
1224,hoc_sustaining_proliferative_signaling,No,Yes,0,Yes
1225,hoc_sustaining_proliferative_signaling,No,No,1,No
1226,hoc_sustaining_proliferative_signaling,No,No,1,No
1227,hoc_sustaining_proliferative_signaling,No,No,1,No
1228,hoc_sustaining_proliferative_signaling,No,Yes,0,Yes
1229,hoc_sustaining_proliferative_signaling,No,Yes,0,Yes
1230,hoc_sustaining_proliferative_signaling,No,No,1,No
1231,hoc_sustaining_proliferative_signaling,No,No,1,No
1232,hoc_sustaining_proliferative_signaling,No,No,1,No
1233,hoc_sustaining_proliferative_signaling,No,Yes,0,Yes
1234,hoc_sustaining_proliferative_signaling,No,No,1,No
1235,hoc_sustaining_proliferative_signaling,No,No,1,No
1236,hoc_sustaining_proliferative_signaling,No,Yes,0,Yes
1237,hoc_sustaining_proliferative_signaling,No,Yes,0,Yes
1238,hoc_sustaining_proliferative_signaling,No,No,1,No
1239,hoc_sustaining_proliferative_signaling,No,No,1,No
1240,hoc_sustaining_proliferative_signaling,No,No,1,No
1241,hoc_sustaining_proliferative_signaling,No,No,1,No
1242,hoc_sustaining_proliferative_signaling,No,Yes,0,Yes
1243,hoc_sustaining_proliferative_signaling,No,No,1,No
1244,hoc_sustaining_proliferative_signaling,No,No,1,No
1245,hoc_sustaining_proliferative_signaling,No,Yes,0,Yes
1246,hoc_sustaining_proliferative_signaling,Yes,No,0,No
1247,hoc_sustaining_proliferative_signaling,Yes,Yes,1,Yes
1248,hoc_sustaining_proliferative_signaling,Yes,Yes,1,Yes
1249,hoc_sustaining_proliferative_signaling,No,No,1,No
1250,hoc_sustaining_proliferative_signaling,No,No,1,No
1251,hoc_sustaining_proliferative_signaling,No,No,1,No
1252,hoc_sustaining_proliferative_signaling,No,Yes,0,Yes
1253,hoc_sustaining_proliferative_signaling,No,No,1,No
1254,hoc_sustaining_proliferative_signaling,Yes,Yes,1,Yes
1255,hoc_sustaining_proliferative_signaling,No,No,1,No
1256,hoc_sustaining_proliferative_signaling,No,No,1,No
1257,hoc_sustaining_proliferative_signaling,Yes,Yes,1,Yes
1258,hoc_sustaining_proliferative_signaling,No,No,1,No
1259,hoc_sustaining_proliferative_signaling,No,No,1,No
1260,hoc_sustaining_proliferative_signaling,No,No,1,No
1261,hoc_sustaining_proliferative_signaling,No,Yes,0,Yes
1262,hoc_sustaining_proliferative_signaling,No,Yes,0,Yes
1263,hoc_sustaining_proliferative_signaling,No,No,1,No
1264,hoc_sustaining_proliferative_signaling,No,No,1,No
1265,hoc_sustaining_proliferative_signaling,No,No,1,No
1266,hoc_sustaining_proliferative_signaling,No,No,1,No
1267,hoc_sustaining_proliferative_signaling,Yes,No,0,No
1268,hoc_sustaining_proliferative_signaling,Yes,Yes,1,Yes
1269,hoc_sustaining_proliferative_signaling,No,No,1,No
1270,hoc_sustaining_proliferative_signaling,No,No,1,No
1271,hoc_sustaining_proliferative_signaling,Yes,No,0,No
1272,hoc_sustaining_proliferative_signaling,No,No,1,No
1273,hoc_sustaining_proliferative_signaling,No,Yes,0,Yes
1274,hoc_sustaining_proliferative_signaling,No,Yes,0,Yes
1275,hoc_sustaining_proliferative_signaling,No,No,1,No
1276,hoc_sustaining_proliferative_signaling,No,Yes,0,Yes
1277,hoc_sustaining_proliferative_signaling,Yes,Yes,1,Yes
1278,hoc_sustaining_proliferative_signaling,No,No,1,No
1279,hoc_sustaining_proliferative_signaling,No,No,1,No
1280,hoc_sustaining_proliferative_signaling,No,No,1,No
1281,hoc_sustaining_proliferative_signaling,No,No,1,No
1282,hoc_sustaining_proliferative_signaling,Yes,Yes,1,Yes
1283,hoc_sustaining_proliferative_signaling,No,No,1,No
1284,hoc_sustaining_proliferative_signaling,No,No,1,No
1285,hoc_sustaining_proliferative_signaling,Yes,Yes,1,Yes
1286,hoc_sustaining_proliferative_signaling,No,No,1,No
1287,hoc_sustaining_proliferative_signaling,No,No,1,No
1288,hoc_sustaining_proliferative_signaling,No,Yes,0,Yes
1289,hoc_sustaining_proliferative_signaling,No,No,1,No
1290,hoc_sustaining_proliferative_signaling,No,No,1,No
1291,hoc_sustaining_proliferative_signaling,Yes,Yes,1,Yes
1292,hoc_sustaining_proliferative_signaling,Yes,No,0,No
1293,hoc_sustaining_proliferative_signaling,No,No,1,No
1294,hoc_sustaining_proliferative_signaling,No,No,1,No
1295,hoc_sustaining_proliferative_signaling,No,No,1,No
1296,hoc_sustaining_proliferative_signaling,No,Yes,0,Yes
1297,hoc_sustaining_proliferative_signaling,No,No,1,No
1298,hoc_sustaining_proliferative_signaling,No,Yes,0,Yes
1299,hoc_sustaining_proliferative_signaling,No,No,1,No
1300,hoc_sustaining_proliferative_signaling,No,No,1,No
1301,hoc_sustaining_proliferative_signaling,No,No,1,No
1302,hoc_sustaining_proliferative_signaling,No,No,1,No
1303,hoc_sustaining_proliferative_signaling,Yes,Yes,1,Yes
1304,hoc_sustaining_proliferative_signaling,No,No,1,No
1305,hoc_sustaining_proliferative_signaling,No,Yes,0,Yes
1306,hoc_sustaining_proliferative_signaling,No,No,1,No
1307,hoc_sustaining_proliferative_signaling,No,No,1,No
1308,hoc_sustaining_proliferative_signaling,No,No,1,No
1309,hoc_sustaining_proliferative_signaling,No,No,1,No
1310,hoc_sustaining_proliferative_signaling,No,No,1,No
1311,hoc_sustaining_proliferative_signaling,Yes,Yes,1,Yes
1312,hoc_sustaining_proliferative_signaling,Yes,No,0,No
1313,hoc_sustaining_proliferative_signaling,No,No,1,No
1314,hoc_sustaining_proliferative_signaling,No,No,1,No
1315,hoc_sustaining_proliferative_signaling,No,No,1,No
1316,hoc_sustaining_proliferative_signaling,No,No,1,No
1317,hoc_sustaining_proliferative_signaling,No,No,1,No
1318,hoc_sustaining_proliferative_signaling,No,No,1,No
1319,hoc_sustaining_proliferative_signaling,No,No,1,No
1320,hoc_sustaining_proliferative_signaling,No,No,1,No
1321,hoc_sustaining_proliferative_signaling,No,No,1,No
1322,hoc_sustaining_proliferative_signaling,No,Yes,0,Yes
1323,hoc_sustaining_proliferative_signaling,No,No,1,No
1324,hoc_sustaining_proliferative_signaling,No,No,1,No
1325,hoc_sustaining_proliferative_signaling,No,No,1,No
1326,hoc_sustaining_proliferative_signaling,Yes,No,0,No
1327,hoc_sustaining_proliferative_signaling,No,No,1,No
1328,hoc_sustaining_proliferative_signaling,Yes,No,0,No
1329,hoc_sustaining_proliferative_signaling,No,No,1,No
1330,hoc_sustaining_proliferative_signaling,No,No,1,No
1331,hoc_sustaining_proliferative_signaling,No,Yes,0,Yes
1332,hoc_sustaining_proliferative_signaling,No,No,1,No
1333,hoc_sustaining_proliferative_signaling,No,Yes,0,Yes
1334,hoc_sustaining_proliferative_signaling,No,Yes,0,Yes
1335,hoc_sustaining_proliferative_signaling,No,No,1,No
1336,hoc_sustaining_proliferative_signaling,No,Yes,0,Yes
1337,hoc_sustaining_proliferative_signaling,Yes,No,0,No
1338,hoc_sustaining_proliferative_signaling,No,Yes,0,Yes
1339,hoc_sustaining_proliferative_signaling,No,Yes,0,Yes
1340,hoc_sustaining_proliferative_signaling,No,Yes,0,Yes
1341,hoc_sustaining_proliferative_signaling,No,No,1,No
1342,hoc_sustaining_proliferative_signaling,Yes,Yes,1,Yes
1343,hoc_sustaining_proliferative_signaling,No,No,1,No
1344,hoc_sustaining_proliferative_signaling,No,No,1,No
1345,hoc_sustaining_proliferative_signaling,No,No,1,No
1346,hoc_sustaining_proliferative_signaling,No,No,1,No
1347,hoc_sustaining_proliferative_signaling,No,No,1,No
1348,hoc_sustaining_proliferative_signaling,No,No,1,No
1349,hoc_sustaining_proliferative_signaling,Yes,No,0,No
1350,hoc_sustaining_proliferative_signaling,No,No,1,No
1351,hoc_sustaining_proliferative_signaling,No,No,1,No
1352,hoc_sustaining_proliferative_signaling,No,No,1,No
1353,hoc_sustaining_proliferative_signaling,No,No,1,No
1354,hoc_sustaining_proliferative_signaling,No,No,1,No
1355,hoc_sustaining_proliferative_signaling,No,Yes,0,Yes
1356,hoc_sustaining_proliferative_signaling,No,Yes,0,Yes
1357,hoc_sustaining_proliferative_signaling,No,Yes,0,Yes
1358,hoc_sustaining_proliferative_signaling,No,No,1,No
1359,hoc_sustaining_proliferative_signaling,No,No,1,No
1360,hoc_sustaining_proliferative_signaling,Yes,No,0,No
1361,hoc_sustaining_proliferative_signaling,No,No,1,No
1362,hoc_sustaining_proliferative_signaling,No,No,1,No
1363,hoc_sustaining_proliferative_signaling,No,No,1,No
1364,hoc_sustaining_proliferative_signaling,No,No,1,No
1365,hoc_sustaining_proliferative_signaling,Yes,No,0,No
1366,hoc_sustaining_proliferative_signaling,No,No,1,No
1367,hoc_sustaining_proliferative_signaling,No,Yes,0,Yes
1368,hoc_sustaining_proliferative_signaling,No,No,1,No
1369,hoc_sustaining_proliferative_signaling,No,Yes,0,Yes
1370,hoc_sustaining_proliferative_signaling,Yes,Yes,1,Yes
1371,hoc_sustaining_proliferative_signaling,Yes,Yes,1,Yes
1372,hoc_sustaining_proliferative_signaling,No,No,1,No
1373,hoc_sustaining_proliferative_signaling,No,No,1,No
1374,hoc_sustaining_proliferative_signaling,No,No,1,No
1375,hoc_sustaining_proliferative_signaling,No,Yes,0,Yes
1376,hoc_sustaining_proliferative_signaling,Yes,No,0,No
1377,hoc_sustaining_proliferative_signaling,No,Yes,0,Yes
1378,hoc_sustaining_proliferative_signaling,No,No,1,No
1379,hoc_sustaining_proliferative_signaling,No,Yes,0,Yes
1380,hoc_sustaining_proliferative_signaling,No,No,1,No
1381,hoc_sustaining_proliferative_signaling,No,No,1,No
1382,hoc_sustaining_proliferative_signaling,No,No,1,No
1383,hoc_sustaining_proliferative_signaling,No,No,1,No
1384,hoc_sustaining_proliferative_signaling,No,No,1,No
1385,hoc_sustaining_proliferative_signaling,No,Yes,0,Yes
1386,hoc_sustaining_proliferative_signaling,No,Yes,0,Yes
1387,hoc_sustaining_proliferative_signaling,Yes,Yes,1,Yes
1388,hoc_sustaining_proliferative_signaling,No,No,1,No
1389,hoc_sustaining_proliferative_signaling,No,No,1,No
1390,hoc_sustaining_proliferative_signaling,No,No,1,No
1391,hoc_sustaining_proliferative_signaling,No,Yes,0,Yes
1392,hoc_sustaining_proliferative_signaling,No,Yes,0,Yes
1393,hoc_sustaining_proliferative_signaling,No,No,1,No
1394,hoc_sustaining_proliferative_signaling,No,No,1,No
1395,hoc_sustaining_proliferative_signaling,Yes,No,0,No
1396,hoc_sustaining_proliferative_signaling,No,No,1,No
1397,hoc_sustaining_proliferative_signaling,No,No,1,No
1398,hoc_sustaining_proliferative_signaling,No,Yes,0,Yes
1399,hoc_sustaining_proliferative_signaling,Yes,No,0,No
1400,hoc_sustaining_proliferative_signaling,No,No,1,No
1401,hoc_sustaining_proliferative_signaling,No,No,1,No
1402,hoc_sustaining_proliferative_signaling,Yes,Yes,1,Yes
1403,hoc_sustaining_proliferative_signaling,No,Yes,0,Yes
1404,hoc_sustaining_proliferative_signaling,Yes,No,0,No
1405,hoc_sustaining_proliferative_signaling,No,No,1,No
1406,hoc_sustaining_proliferative_signaling,No,No,1,No
1407,hoc_sustaining_proliferative_signaling,No,Yes,0,Yes
1408,hoc_sustaining_proliferative_signaling,No,No,1,No
1409,hoc_sustaining_proliferative_signaling,No,Yes,0,Yes
1410,hoc_sustaining_proliferative_signaling,Yes,Yes,1,Yes
1411,hoc_sustaining_proliferative_signaling,No,No,1,No
1412,hoc_sustaining_proliferative_signaling,No,Yes,0,Yes
1413,hoc_sustaining_proliferative_signaling,No,No,1,No
1414,hoc_sustaining_proliferative_signaling,No,Yes,0,Yes
1415,hoc_sustaining_proliferative_signaling,No,No,1,No
1416,hoc_sustaining_proliferative_signaling,Yes,Yes,1,Yes
1417,hoc_sustaining_proliferative_signaling,No,No,1,No
1418,hoc_sustaining_proliferative_signaling,No,Yes,0,Yes
1419,hoc_sustaining_proliferative_signaling,No,Yes,0,Yes
1420,hoc_sustaining_proliferative_signaling,No,No,1,No
1421,hoc_sustaining_proliferative_signaling,Yes,No,0,No
1422,hoc_sustaining_proliferative_signaling,No,No,1,No
1423,hoc_sustaining_proliferative_signaling,No,No,1,No
1424,hoc_sustaining_proliferative_signaling,No,Yes,0,Yes
1425,hoc_sustaining_proliferative_signaling,No,Yes,0,Yes
1426,hoc_sustaining_proliferative_signaling,No,Yes,0,Yes
1427,hoc_sustaining_proliferative_signaling,No,Yes,0,Yes
1428,hoc_sustaining_proliferative_signaling,No,No,1,No
1429,hoc_sustaining_proliferative_signaling,Yes,Yes,1,Yes
1430,hoc_sustaining_proliferative_signaling,No,No,1,No
1431,hoc_sustaining_proliferative_signaling,No,No,1,No
1432,hoc_sustaining_proliferative_signaling,No,No,1,No
1433,hoc_sustaining_proliferative_signaling,No,No,1,No
1434,hoc_sustaining_proliferative_signaling,No,No,1,No
1435,hoc_sustaining_proliferative_signaling,No,No,1,No
1436,hoc_sustaining_proliferative_signaling,No,No,1,No
1437,hoc_sustaining_proliferative_signaling,No,No,1,No
1438,hoc_sustaining_proliferative_signaling,No,Yes,0,Yes
1439,hoc_sustaining_proliferative_signaling,No,Yes,0,Yes
1440,hoc_sustaining_proliferative_signaling,No,No,1,No
1441,hoc_sustaining_proliferative_signaling,No,Yes,0,Yes
1442,hoc_sustaining_proliferative_signaling,Yes,No,0,No
1443,hoc_sustaining_proliferative_signaling,No,No,1,No
1444,hoc_sustaining_proliferative_signaling,No,No,1,No
1445,hoc_sustaining_proliferative_signaling,No,No,1,No
1446,hoc_sustaining_proliferative_signaling,No,No,1,No
1447,hoc_sustaining_proliferative_signaling,No,No,1,No
1448,hoc_sustaining_proliferative_signaling,No,No,1,No
1449,hoc_sustaining_proliferative_signaling,No,No,1,No
1450,hoc_sustaining_proliferative_signaling,No,No,1,No
1451,hoc_sustaining_proliferative_signaling,Yes,No,0,No
1452,hoc_sustaining_proliferative_signaling,No,Yes,0,Yes
1453,hoc_sustaining_proliferative_signaling,No,No,1,No
1454,hoc_sustaining_proliferative_signaling,No,No,1,No
1455,hoc_sustaining_proliferative_signaling,No,No,1,No
1456,hoc_sustaining_proliferative_signaling,Yes,No,0,No
1457,hoc_sustaining_proliferative_signaling,No,No,1,No
1458,hoc_sustaining_proliferative_signaling,No,Yes,0,Yes
1459,hoc_sustaining_proliferative_signaling,No,No,1,No
1460,hoc_sustaining_proliferative_signaling,No,No,1,No
1461,hoc_sustaining_proliferative_signaling,No,Yes,0,Yes
1462,hoc_sustaining_proliferative_signaling,No,No,1,No
1463,hoc_sustaining_proliferative_signaling,No,Yes,0,Yes
1464,hoc_sustaining_proliferative_signaling,No,No,1,No
1465,hoc_sustaining_proliferative_signaling,No,No,1,No
1466,hoc_sustaining_proliferative_signaling,No,No,1,No
1467,hoc_sustaining_proliferative_signaling,No,No,1,No
1468,hoc_sustaining_proliferative_signaling,No,No,1,No
1469,hoc_sustaining_proliferative_signaling,No,No,1,No
1470,hoc_sustaining_proliferative_signaling,Yes,Yes,1,Yes
1471,hoc_sustaining_proliferative_signaling,No,No,1,No
1472,hoc_sustaining_proliferative_signaling,Yes,No,0,No
1473,hoc_sustaining_proliferative_signaling,No,Yes,0,Yes
1474,hoc_sustaining_proliferative_signaling,No,Yes,0,Yes
1475,hoc_sustaining_proliferative_signaling,No,No,1,No
1476,hoc_sustaining_proliferative_signaling,No,Yes,0,Yes
1477,hoc_sustaining_proliferative_signaling,No,Yes,0,Yes
1478,hoc_sustaining_proliferative_signaling,No,No,1,No
1479,hoc_sustaining_proliferative_signaling,No,No,1,No
1480,hoc_sustaining_proliferative_signaling,Yes,Yes,1,Yes
1481,hoc_sustaining_proliferative_signaling,No,No,1,No
1482,hoc_sustaining_proliferative_signaling,No,No,1,No
1483,hoc_sustaining_proliferative_signaling,No,Yes,0,Yes
1484,hoc_sustaining_proliferative_signaling,No,No,1,No
1485,hoc_sustaining_proliferative_signaling,Yes,No,0,No
1486,hoc_sustaining_proliferative_signaling,No,No,1,No
1487,hoc_sustaining_proliferative_signaling,No,No,1,No
1488,hoc_sustaining_proliferative_signaling,No,No,1,No
1489,hoc_sustaining_proliferative_signaling,No,No,1,No
1490,hoc_sustaining_proliferative_signaling,No,Yes,0,Yes
1491,hoc_sustaining_proliferative_signaling,Yes,Yes,1,Yes
1492,hoc_sustaining_proliferative_signaling,Yes,No,0,No
1493,hoc_sustaining_proliferative_signaling,No,No,1,No
1494,hoc_sustaining_proliferative_signaling,No,No,1,No
1495,hoc_sustaining_proliferative_signaling,No,No,1,No
1496,hoc_sustaining_proliferative_signaling,No,No,1,No
1497,hoc_sustaining_proliferative_signaling,No,No,1,No
1498,hoc_sustaining_proliferative_signaling,No,No,1,No
1499,hoc_sustaining_proliferative_signaling,No,No,1,No
1500,hoc_sustaining_proliferative_signaling,No,No,1,No
1501,hoc_sustaining_proliferative_signaling,No,No,1,No
1502,hoc_sustaining_proliferative_signaling,No,Yes,0,Yes
1503,hoc_sustaining_proliferative_signaling,No,Yes,0,Yes
1504,hoc_sustaining_proliferative_signaling,No,No,1,No
1505,hoc_sustaining_proliferative_signaling,Yes,No,0,No
1506,hoc_sustaining_proliferative_signaling,No,No,1,No
1507,hoc_sustaining_proliferative_signaling,Yes,Yes,1,Yes
1508,hoc_sustaining_proliferative_signaling,No,No,1,No
1509,hoc_sustaining_proliferative_signaling,Yes,Yes,1,Yes
1510,hoc_sustaining_proliferative_signaling,No,Yes,0,Yes
1511,hoc_sustaining_proliferative_signaling,No,No,1,No
1512,hoc_sustaining_proliferative_signaling,No,Yes,0,Yes
1513,hoc_sustaining_proliferative_signaling,No,No,1,No
1514,hoc_sustaining_proliferative_signaling,No,Yes,0,Yes
1515,hoc_sustaining_proliferative_signaling,Yes,No,0,No
1516,hoc_sustaining_proliferative_signaling,Yes,No,0,No
1517,hoc_sustaining_proliferative_signaling,No,No,1,No
1518,hoc_sustaining_proliferative_signaling,No,No,1,No
1519,hoc_sustaining_proliferative_signaling,No,No,1,No
1520,hoc_sustaining_proliferative_signaling,No,No,1,No
1521,hoc_sustaining_proliferative_signaling,No,No,1,No
1522,hoc_sustaining_proliferative_signaling,No,No,1,No
1523,hoc_sustaining_proliferative_signaling,No,No,1,No
1524,hoc_sustaining_proliferative_signaling,No,Yes,0,Yes
1525,hoc_sustaining_proliferative_signaling,No,No,1,No
1526,hoc_sustaining_proliferative_signaling,No,No,1,No
1527,hoc_sustaining_proliferative_signaling,Yes,Yes,1,Yes
1528,hoc_sustaining_proliferative_signaling,No,No,1,No
1529,hoc_sustaining_proliferative_signaling,No,No,1,No
1530,hoc_sustaining_proliferative_signaling,No,No,1,No
1531,hoc_sustaining_proliferative_signaling,No,No,1,No
1532,hoc_sustaining_proliferative_signaling,No,No,1,No
1533,hoc_sustaining_proliferative_signaling,Yes,Yes,1,Yes
1534,hoc_sustaining_proliferative_signaling,No,No,1,No
1535,hoc_sustaining_proliferative_signaling,No,No,1,No
1536,hoc_sustaining_proliferative_signaling,Yes,Yes,1,Yes
1537,hoc_sustaining_proliferative_signaling,No,Yes,0,Yes
1538,hoc_sustaining_proliferative_signaling,No,No,1,No
1539,hoc_sustaining_proliferative_signaling,No,No,1,No
1540,hoc_sustaining_proliferative_signaling,No,No,1,No
1541,hoc_sustaining_proliferative_signaling,No,No,1,No
1542,hoc_sustaining_proliferative_signaling,No,No,1,No
1543,hoc_sustaining_proliferative_signaling,No,Yes,0,Yes
1544,hoc_sustaining_proliferative_signaling,No,No,1,No
1545,hoc_sustaining_proliferative_signaling,No,No,1,No
1546,hoc_sustaining_proliferative_signaling,Yes,No,0,No
1547,hoc_sustaining_proliferative_signaling,No,No,1,No
1548,hoc_sustaining_proliferative_signaling,No,Yes,0,Yes
1549,hoc_sustaining_proliferative_signaling,No,No,1,No
1550,hoc_sustaining_proliferative_signaling,Yes,No,0,No
1551,hoc_sustaining_proliferative_signaling,No,Yes,0,Yes
1552,hoc_sustaining_proliferative_signaling,No,No,1,No
1553,hoc_sustaining_proliferative_signaling,No,No,1,No
1554,hoc_sustaining_proliferative_signaling,No,No,1,No
1555,hoc_sustaining_proliferative_signaling,No,No,1,No
1556,hoc_sustaining_proliferative_signaling,No,Yes,0,Yes
1557,hoc_sustaining_proliferative_signaling,No,No,1,No
1558,hoc_sustaining_proliferative_signaling,Yes,No,0,No
1559,hoc_sustaining_proliferative_signaling,No,No,1,No
1560,hoc_sustaining_proliferative_signaling,No,Yes,0,Yes
1561,hoc_sustaining_proliferative_signaling,Yes,Yes,1,Yes
1562,hoc_sustaining_proliferative_signaling,No,Yes,0,Yes
1563,hoc_sustaining_proliferative_signaling,No,No,1,No
1564,hoc_sustaining_proliferative_signaling,No,No,1,No
1565,hoc_sustaining_proliferative_signaling,Yes,Yes,1,Yes
1566,hoc_sustaining_proliferative_signaling,No,Yes,0,Yes
1567,hoc_sustaining_proliferative_signaling,Yes,No,0,No
1568,hoc_sustaining_proliferative_signaling,No,No,1,No
1569,hoc_sustaining_proliferative_signaling,No,Yes,0,Yes
1570,hoc_sustaining_proliferative_signaling,No,No,1,No
1571,hoc_sustaining_proliferative_signaling,No,No,1,No
1572,hoc_sustaining_proliferative_signaling,No,Yes,0,Yes
1573,hoc_sustaining_proliferative_signaling,No,No,1,No
1574,hoc_sustaining_proliferative_signaling,No,Yes,0,Yes
1575,hoc_sustaining_proliferative_signaling,No,No,1,No
1576,hoc_sustaining_proliferative_signaling,Yes,Yes,1,Yes
1577,hoc_sustaining_proliferative_signaling,No,No,1,No
1578,hoc_sustaining_proliferative_signaling,No,Yes,0,Yes
1579,hoc_sustaining_proliferative_signaling,No,Yes,0,Yes
1580,hoc_sustaining_proliferative_signaling,No,Yes,0,Yes
1581,hoc_sustaining_proliferative_signaling,No,No,1,No
1582,hoc_sustaining_proliferative_signaling,No,No,1,No
1583,hoc_sustaining_proliferative_signaling,Yes,Yes,1,Yes
1584,hoc_sustaining_proliferative_signaling,No,Yes,0,Yes
1585,hoc_sustaining_proliferative_signaling,No,No,1,No
1586,hoc_sustaining_proliferative_signaling,No,No,1,No
1587,hoc_sustaining_proliferative_signaling,No,No,1,No
1588,hoc_sustaining_proliferative_signaling,No,No,1,No
1589,hoc_sustaining_proliferative_signaling,Yes,Yes,1,Yes
1590,hoc_sustaining_proliferative_signaling,No,No,1,No
1591,hoc_sustaining_proliferative_signaling,No,No,1,No
1592,hoc_sustaining_proliferative_signaling,No,No,1,No
1593,hoc_sustaining_proliferative_signaling,No,No,1,No
1594,hoc_sustaining_proliferative_signaling,Yes,Yes,1,Yes
1595,hoc_sustaining_proliferative_signaling,No,No,1,No
1596,hoc_sustaining_proliferative_signaling,No,No,1,No
1597,hoc_sustaining_proliferative_signaling,No,No,1,No
1598,hoc_sustaining_proliferative_signaling,No,Yes,0,Yes
1599,hoc_sustaining_proliferative_signaling,No,No,1,No
1600,hoc_sustaining_proliferative_signaling,No,No,1,No
1601,hoc_sustaining_proliferative_signaling,No,No,1,No
1602,hoc_sustaining_proliferative_signaling,No,No,1,No
1603,hoc_sustaining_proliferative_signaling,Yes,No,0,No
1604,hoc_sustaining_proliferative_signaling,No,No,1,No
1605,hoc_sustaining_proliferative_signaling,No,No,1,No
1606,hoc_sustaining_proliferative_signaling,No,Yes,0,Yes
1607,hoc_sustaining_proliferative_signaling,Yes,Yes,1,Yes
1608,hoc_sustaining_proliferative_signaling,No,No,1,No
1609,hoc_sustaining_proliferative_signaling,No,No,1,No
1610,hoc_sustaining_proliferative_signaling,No,No,1,No
1611,hoc_sustaining_proliferative_signaling,No,Yes,0,Yes
1612,hoc_sustaining_proliferative_signaling,Yes,Yes,1,Yes
1613,hoc_sustaining_proliferative_signaling,No,No,1,No
1614,hoc_sustaining_proliferative_signaling,No,No,1,No
1615,hoc_sustaining_proliferative_signaling,Yes,No,0,No
1616,hoc_sustaining_proliferative_signaling,No,No,1,No
1617,hoc_sustaining_proliferative_signaling,No,No,1,No
1618,hoc_sustaining_proliferative_signaling,No,No,1,No
1619,hoc_sustaining_proliferative_signaling,No,No,1,No
1620,hoc_sustaining_proliferative_signaling,No,No,1,No
1621,hoc_sustaining_proliferative_signaling,No,No,1,No
1622,hoc_sustaining_proliferative_signaling,No,No,1,No
1623,hoc_sustaining_proliferative_signaling,No,Yes,0,Yes
1624,hoc_sustaining_proliferative_signaling,No,No,1,No
1625,hoc_sustaining_proliferative_signaling,No,No,1,No
1626,hoc_sustaining_proliferative_signaling,No,Yes,0,Yes
1627,hoc_sustaining_proliferative_signaling,No,Yes,0,Yes
1628,hoc_sustaining_proliferative_signaling,No,No,1,No
1629,hoc_sustaining_proliferative_signaling,No,No,1,No
1630,hoc_sustaining_proliferative_signaling,No,No,1,No
1631,hoc_sustaining_proliferative_signaling,No,No,1,No
1632,hoc_sustaining_proliferative_signaling,Yes,No,0,No
1633,hoc_sustaining_proliferative_signaling,Yes,No,0,No
1634,hoc_sustaining_proliferative_signaling,Yes,Yes,1,Yes
1635,hoc_sustaining_proliferative_signaling,Yes,No,0,No
1636,hoc_sustaining_proliferative_signaling,No,No,1,No
1637,hoc_sustaining_proliferative_signaling,Yes,Yes,1,Yes
1638,hoc_sustaining_proliferative_signaling,No,No,1,No
1639,hoc_sustaining_proliferative_signaling,No,Yes,0,Yes
1640,hoc_sustaining_proliferative_signaling,Yes,Yes,1,Yes
1641,hoc_sustaining_proliferative_signaling,No,Yes,0,Yes
1642,hoc_sustaining_proliferative_signaling,Yes,No,0,No
1643,hoc_sustaining_proliferative_signaling,Yes,No,0,No
1644,hoc_sustaining_proliferative_signaling,No,No,1,No
1645,hoc_sustaining_proliferative_signaling,No,No,1,No
1646,hoc_sustaining_proliferative_signaling,Yes,No,0,No
1647,hoc_sustaining_proliferative_signaling,Yes,No,0,No
1648,hoc_sustaining_proliferative_signaling,No,No,1,No
1649,hoc_sustaining_proliferative_signaling,Yes,No,0,No
1650,hoc_sustaining_proliferative_signaling,Yes,No,0,No
1651,hoc_sustaining_proliferative_signaling,No,No,1,No
1652,hoc_sustaining_proliferative_signaling,No,No,1,No
1653,hoc_sustaining_proliferative_signaling,No,No,1,No
1654,hoc_sustaining_proliferative_signaling,No,No,1,No
1655,hoc_sustaining_proliferative_signaling,Yes,Yes,1,Yes
1656,hoc_sustaining_proliferative_signaling,Yes,No,0,No
1657,hoc_sustaining_proliferative_signaling,No,No,1,No
1658,hoc_sustaining_proliferative_signaling,No,No,1,No
1659,hoc_sustaining_proliferative_signaling,No,No,1,No
1660,hoc_sustaining_proliferative_signaling,Yes,No,0,No
1661,hoc_sustaining_proliferative_signaling,Yes,No,0,No
1662,hoc_sustaining_proliferative_signaling,No,No,1,No
1663,hoc_sustaining_proliferative_signaling,No,No,1,No
1664,hoc_sustaining_proliferative_signaling,Yes,No,0,No
1665,hoc_sustaining_proliferative_signaling,Yes,No,0,No
1666,hoc_sustaining_proliferative_signaling,No,No,1,No
1667,hoc_sustaining_proliferative_signaling,No,Yes,0,Yes
1668,hoc_sustaining_proliferative_signaling,No,No,1,No
1669,hoc_sustaining_proliferative_signaling,No,No,1,No
1670,hoc_sustaining_proliferative_signaling,No,No,1,No
1671,hoc_sustaining_proliferative_signaling,No,No,1,No
1672,hoc_sustaining_proliferative_signaling,Yes,Yes,1,Yes
1673,hoc_sustaining_proliferative_signaling,No,Yes,0,Yes
1674,hoc_sustaining_proliferative_signaling,Yes,No,0,No
1675,hoc_sustaining_proliferative_signaling,No,No,1,No
1676,hoc_sustaining_proliferative_signaling,No,Yes,0,Yes
1677,hoc_sustaining_proliferative_signaling,No,No,1,No
1678,hoc_sustaining_proliferative_signaling,No,No,1,No
1679,hoc_sustaining_proliferative_signaling,No,No,1,No
1680,hoc_sustaining_proliferative_signaling,No,No,1,No
1681,hoc_sustaining_proliferative_signaling,No,No,1,No
1682,hoc_sustaining_proliferative_signaling,Yes,No,0,No
1683,hoc_sustaining_proliferative_signaling,No,No,1,No
1684,hoc_sustaining_proliferative_signaling,No,No,1,No
1685,hoc_sustaining_proliferative_signaling,No,No,1,No
1686,hoc_sustaining_proliferative_signaling,Yes,No,0,No
1687,hoc_sustaining_proliferative_signaling,Yes,Yes,1,Yes
1688,hoc_sustaining_proliferative_signaling,Yes,No,0,No
1689,hoc_sustaining_proliferative_signaling,Yes,No,0,No
1690,hoc_sustaining_proliferative_signaling,Yes,Yes,1,Yes
1691,hoc_sustaining_proliferative_signaling,No,Yes,0,Yes
1692,hoc_sustaining_proliferative_signaling,No,Yes,0,Yes
1693,hoc_sustaining_proliferative_signaling,Yes,Yes,1,Yes
1694,hoc_sustaining_proliferative_signaling,No,No,1,No
1695,hoc_sustaining_proliferative_signaling,No,No,1,No
1696,hoc_sustaining_proliferative_signaling,No,Yes,0,Yes
1697,hoc_sustaining_proliferative_signaling,No,Yes,0,Yes
1698,hoc_sustaining_proliferative_signaling,No,No,1,No
1699,hoc_sustaining_proliferative_signaling,No,No,1,No
1700,hoc_sustaining_proliferative_signaling,No,Yes,0,Yes
1701,hoc_sustaining_proliferative_signaling,No,Yes,0,Yes
1702,hoc_sustaining_proliferative_signaling,No,Yes,0,Yes
1703,hoc_sustaining_proliferative_signaling,No,No,1,No
1704,hoc_sustaining_proliferative_signaling,No,No,1,No
1705,hoc_sustaining_proliferative_signaling,Yes,No,0,No
1706,hoc_sustaining_proliferative_signaling,No,No,1,No
1707,hoc_sustaining_proliferative_signaling,Yes,No,0,No
1708,hoc_sustaining_proliferative_signaling,No,No,1,No
1709,hoc_sustaining_proliferative_signaling,Yes,No,0,No
1710,hoc_sustaining_proliferative_signaling,Yes,Yes,1,Yes
1711,hoc_sustaining_proliferative_signaling,Yes,No,0,No
1712,hoc_sustaining_proliferative_signaling,Yes,No,0,No
1713,hoc_sustaining_proliferative_signaling,Yes,Yes,1,Yes
1714,hoc_sustaining_proliferative_signaling,No,Yes,0,Yes
1715,hoc_sustaining_proliferative_signaling,Yes,No,0,No
1716,hoc_sustaining_proliferative_signaling,Yes,No,0,No
1717,hoc_sustaining_proliferative_signaling,No,No,1,No
1718,hoc_sustaining_proliferative_signaling,No,No,1,No
1719,hoc_sustaining_proliferative_signaling,Yes,Yes,1,Yes
1720,hoc_sustaining_proliferative_signaling,No,No,1,No
1721,hoc_sustaining_proliferative_signaling,No,Yes,0,Yes
1722,hoc_sustaining_proliferative_signaling,Yes,Yes,1,Yes
1723,hoc_sustaining_proliferative_signaling,Yes,No,0,No
1724,hoc_sustaining_proliferative_signaling,No,Yes,0,Yes
1725,hoc_sustaining_proliferative_signaling,No,No,1,No
1726,hoc_sustaining_proliferative_signaling,Yes,Yes,1,Yes
1727,hoc_sustaining_proliferative_signaling,No,No,1,No
1728,hoc_sustaining_proliferative_signaling,No,No,1,No
1729,hoc_sustaining_proliferative_signaling,Yes,No,0,No
1730,hoc_sustaining_proliferative_signaling,No,No,1,No
1731,hoc_sustaining_proliferative_signaling,No,No,1,No
1732,hoc_sustaining_proliferative_signaling,No,No,1,No
1733,hoc_sustaining_proliferative_signaling,Yes,No,0,No
1734,hoc_sustaining_proliferative_signaling,Yes,Yes,1,Yes
1735,hoc_sustaining_proliferative_signaling,Yes,No,0,No
1736,hoc_sustaining_proliferative_signaling,Yes,No,0,No
1737,hoc_sustaining_proliferative_signaling,No,No,1,No
1738,hoc_sustaining_proliferative_signaling,Yes,Yes,1,Yes
1739,hoc_sustaining_proliferative_signaling,Yes,Yes,1,Yes
1740,hoc_sustaining_proliferative_signaling,No,No,1,No
1741,hoc_sustaining_proliferative_signaling,Yes,No,0,No
1742,hoc_sustaining_proliferative_signaling,Yes,No,0,No
1743,hoc_sustaining_proliferative_signaling,No,Yes,0,Yes
1744,hoc_sustaining_proliferative_signaling,No,No,1,No
1745,hoc_sustaining_proliferative_signaling,No,No,1,No
1746,hoc_sustaining_proliferative_signaling,Yes,Yes,1,Yes
1747,hoc_sustaining_proliferative_signaling,Yes,No,0,No
1748,hoc_sustaining_proliferative_signaling,No,Yes,0,Yes
1749,hoc_sustaining_proliferative_signaling,No,No,1,No
1750,hoc_sustaining_proliferative_signaling,No,No,1,No
1751,hoc_sustaining_proliferative_signaling,Yes,Yes,1,Yes
1752,hoc_sustaining_proliferative_signaling,No,No,1,No
1753,hoc_sustaining_proliferative_signaling,No,No,1,No
1754,hoc_sustaining_proliferative_signaling,No,No,1,No
1755,hoc_sustaining_proliferative_signaling,Yes,Yes,1,Yes
1756,hoc_sustaining_proliferative_signaling,No,No,1,No
1757,hoc_sustaining_proliferative_signaling,No,No,1,No
1758,hoc_sustaining_proliferative_signaling,No,Yes,0,Yes
1759,hoc_sustaining_proliferative_signaling,Yes,No,0,No
1760,hoc_sustaining_proliferative_signaling,No,No,1,No
1761,hoc_sustaining_proliferative_signaling,No,Yes,0,Yes
1762,hoc_sustaining_proliferative_signaling,No,Yes,0,Yes
1763,hoc_sustaining_proliferative_signaling,Yes,No,0,No
1764,hoc_sustaining_proliferative_signaling,No,No,1,No
1765,hoc_sustaining_proliferative_signaling,Yes,No,0,No
1766,hoc_sustaining_proliferative_signaling,No,No,1,No
1767,hoc_sustaining_proliferative_signaling,Yes,No,0,No
1768,hoc_sustaining_proliferative_signaling,Yes,Yes,1,Yes
1769,hoc_sustaining_proliferative_signaling,No,No,1,No
1770,hoc_sustaining_proliferative_signaling,Yes,No,0,No
1771,hoc_sustaining_proliferative_signaling,No,No,1,No
1772,hoc_sustaining_proliferative_signaling,No,No,1,No
1773,hoc_sustaining_proliferative_signaling,No,Yes,0,Yes
1774,hoc_sustaining_proliferative_signaling,Yes,No,0,No
1775,hoc_sustaining_proliferative_signaling,No,No,1,No
1776,hoc_sustaining_proliferative_signaling,No,No,1,No
1777,hoc_sustaining_proliferative_signaling,No,No,1,No
1778,hoc_sustaining_proliferative_signaling,Yes,Yes,1,Yes
1779,hoc_sustaining_proliferative_signaling,Yes,No,0,No
1780,hoc_sustaining_proliferative_signaling,No,No,1,No
1781,hoc_sustaining_proliferative_signaling,No,Yes,0,Yes
1782,hoc_sustaining_proliferative_signaling,Yes,No,0,No
1783,hoc_sustaining_proliferative_signaling,Yes,No,0,No
1784,hoc_sustaining_proliferative_signaling,Yes,Yes,1,Yes
1785,hoc_sustaining_proliferative_signaling,No,No,1,No
1786,hoc_sustaining_proliferative_signaling,No,No,1,No
1787,hoc_sustaining_proliferative_signaling,No,No,1,No
1788,hoc_sustaining_proliferative_signaling,No,Yes,0,Yes
1789,hoc_sustaining_proliferative_signaling,No,No,1,No
1790,hoc_sustaining_proliferative_signaling,No,No,1,No
1791,hoc_sustaining_proliferative_signaling,Yes,No,0,No
1792,hoc_sustaining_proliferative_signaling,No,Yes,0,Yes
1793,hoc_sustaining_proliferative_signaling,No,No,1,No
1794,hoc_sustaining_proliferative_signaling,No,Yes,0,Yes
1795,hoc_sustaining_proliferative_signaling,Yes,No,0,No
1796,hoc_sustaining_proliferative_signaling,Yes,No,0,No
1797,hoc_sustaining_proliferative_signaling,No,Yes,0,Yes
1798,hoc_sustaining_proliferative_signaling,No,No,1,No
1799,hoc_sustaining_proliferative_signaling,No,No,1,No
1800,hoc_sustaining_proliferative_signaling,No,Yes,0,Yes
1801,hoc_sustaining_proliferative_signaling,No,No,1,No
1802,hoc_sustaining_proliferative_signaling,No,No,1,No
1803,hoc_sustaining_proliferative_signaling,No,No,1,No
1804,hoc_sustaining_proliferative_signaling,No,No,1,No
1805,hoc_sustaining_proliferative_signaling,No,No,1,No
1806,hoc_sustaining_proliferative_signaling,No,Yes,0,Yes
1807,hoc_sustaining_proliferative_signaling,No,Yes,0,Yes
1808,hoc_sustaining_proliferative_signaling,No,No,1,No
1809,hoc_sustaining_proliferative_signaling,No,Yes,0,Yes
1810,hoc_sustaining_proliferative_signaling,No,No,1,No
1811,hoc_sustaining_proliferative_signaling,No,No,1,No
1812,hoc_sustaining_proliferative_signaling,No,No,1,No
1813,hoc_sustaining_proliferative_signaling,No,No,1,No
1814,hoc_sustaining_proliferative_signaling,No,Yes,0,Yes
1815,hoc_sustaining_proliferative_signaling,No,No,1,No
1816,hoc_sustaining_proliferative_signaling,No,No,1,No
1817,hoc_sustaining_proliferative_signaling,No,No,1,No
1818,hoc_sustaining_proliferative_signaling,No,No,1,No
1819,hoc_sustaining_proliferative_signaling,No,Yes,0,Yes
1820,hoc_sustaining_proliferative_signaling,Yes,No,0,No
1821,hoc_sustaining_proliferative_signaling,No,No,1,No
1822,hoc_sustaining_proliferative_signaling,No,Yes,0,Yes
1823,hoc_sustaining_proliferative_signaling,No,No,1,No
1824,hoc_sustaining_proliferative_signaling,No,Yes,0,Yes
1825,hoc_sustaining_proliferative_signaling,No,Yes,0,Yes
1826,hoc_sustaining_proliferative_signaling,No,No,1,No
1827,hoc_sustaining_proliferative_signaling,Yes,No,0,No
1828,hoc_sustaining_proliferative_signaling,Yes,Yes,1,Yes
1829,hoc_sustaining_proliferative_signaling,Yes,Yes,1,Yes
1830,hoc_sustaining_proliferative_signaling,No,Yes,0,Yes
1831,hoc_sustaining_proliferative_signaling,No,No,1,No
1832,hoc_sustaining_proliferative_signaling,No,No,1,No
1833,hoc_sustaining_proliferative_signaling,No,No,1,No
1834,hoc_sustaining_proliferative_signaling,No,Yes,0,Yes
1835,hoc_sustaining_proliferative_signaling,Yes,Yes,1,Yes
1836,hoc_sustaining_proliferative_signaling,No,No,1,No
1837,hoc_sustaining_proliferative_signaling,No,Yes,0,Yes
1838,hoc_sustaining_proliferative_signaling,No,Yes,0,Yes
1839,hoc_sustaining_proliferative_signaling,No,Yes,0,Yes
1840,hoc_sustaining_proliferative_signaling,No,Yes,0,Yes
1841,hoc_sustaining_proliferative_signaling,No,Yes,0,Yes
1842,hoc_sustaining_proliferative_signaling,No,Yes,0,Yes
1843,hoc_sustaining_proliferative_signaling,No,Yes,0,Yes
1844,hoc_sustaining_proliferative_signaling,Yes,Yes,1,Yes
1845,hoc_sustaining_proliferative_signaling,No,Yes,0,Yes
1846,hoc_sustaining_proliferative_signaling,Yes,Yes,1,Yes
1847,hoc_sustaining_proliferative_signaling,No,Yes,0,Yes
1848,hoc_sustaining_proliferative_signaling,No,No,1,No
1849,hoc_sustaining_proliferative_signaling,No,No,1,No
1850,hoc_sustaining_proliferative_signaling,No,No,1,No
1851,hoc_sustaining_proliferative_signaling,No,Yes,0,Yes
0,hoc_tumor_promoting_inflammation,No,No,1,No
1,hoc_tumor_promoting_inflammation,No,No,1,No
2,hoc_tumor_promoting_inflammation,No,No,1,No
3,hoc_tumor_promoting_inflammation,No,No,1,No
4,hoc_tumor_promoting_inflammation,No,No,1,No
5,hoc_tumor_promoting_inflammation,No,No,1,No
6,hoc_tumor_promoting_inflammation,Yes,No,0,No
7,hoc_tumor_promoting_inflammation,No,No,1,No
8,hoc_tumor_promoting_inflammation,No,No,1,No
9,hoc_tumor_promoting_inflammation,Yes,Yes,1,Yes
10,hoc_tumor_promoting_inflammation,No,No,1,No
11,hoc_tumor_promoting_inflammation,No,No,1,No
12,hoc_tumor_promoting_inflammation,No,No,1,No
13,hoc_tumor_promoting_inflammation,No,No,1,No
14,hoc_tumor_promoting_inflammation,No,No,1,No
15,hoc_tumor_promoting_inflammation,No,No,1,No
16,hoc_tumor_promoting_inflammation,No,No,1,No
17,hoc_tumor_promoting_inflammation,No,No,1,No
18,hoc_tumor_promoting_inflammation,No,No,1,No
19,hoc_tumor_promoting_inflammation,No,No,1,No
20,hoc_tumor_promoting_inflammation,No,No,1,No
21,hoc_tumor_promoting_inflammation,No,No,1,No
22,hoc_tumor_promoting_inflammation,No,No,1,No
23,hoc_tumor_promoting_inflammation,No,No,1,No
24,hoc_tumor_promoting_inflammation,No,No,1,No
25,hoc_tumor_promoting_inflammation,Yes,No,0,No
26,hoc_tumor_promoting_inflammation,No,No,1,No
27,hoc_tumor_promoting_inflammation,No,Yes,0,Yes
28,hoc_tumor_promoting_inflammation,No,No,1,No
29,hoc_tumor_promoting_inflammation,No,No,1,No
30,hoc_tumor_promoting_inflammation,No,No,1,No
31,hoc_tumor_promoting_inflammation,No,No,1,No
32,hoc_tumor_promoting_inflammation,No,No,1,No
33,hoc_tumor_promoting_inflammation,No,No,1,No
34,hoc_tumor_promoting_inflammation,No,No,1,No
35,hoc_tumor_promoting_inflammation,Yes,No,0,No
36,hoc_tumor_promoting_inflammation,No,No,1,No
37,hoc_tumor_promoting_inflammation,No,No,1,No
38,hoc_tumor_promoting_inflammation,No,No,1,No
39,hoc_tumor_promoting_inflammation,No,No,1,No
40,hoc_tumor_promoting_inflammation,No,No,1,No
41,hoc_tumor_promoting_inflammation,No,No,1,No
42,hoc_tumor_promoting_inflammation,No,No,1,No
43,hoc_tumor_promoting_inflammation,No,No,1,No
44,hoc_tumor_promoting_inflammation,No,No,1,No
45,hoc_tumor_promoting_inflammation,No,No,1,No
46,hoc_tumor_promoting_inflammation,No,No,1,No
47,hoc_tumor_promoting_inflammation,No,No,1,No
48,hoc_tumor_promoting_inflammation,No,No,1,No
49,hoc_tumor_promoting_inflammation,No,No,1,No
50,hoc_tumor_promoting_inflammation,No,No,1,No
51,hoc_tumor_promoting_inflammation,No,No,1,No
52,hoc_tumor_promoting_inflammation,No,No,1,No
53,hoc_tumor_promoting_inflammation,No,No,1,No
54,hoc_tumor_promoting_inflammation,No,No,1,No
55,hoc_tumor_promoting_inflammation,No,No,1,No
56,hoc_tumor_promoting_inflammation,No,No,1,No
57,hoc_tumor_promoting_inflammation,No,No,1,No
58,hoc_tumor_promoting_inflammation,No,No,1,No
59,hoc_tumor_promoting_inflammation,No,No,1,No
60,hoc_tumor_promoting_inflammation,Yes,No,0,No
61,hoc_tumor_promoting_inflammation,No,No,1,No
62,hoc_tumor_promoting_inflammation,No,No,1,No
63,hoc_tumor_promoting_inflammation,No,Yes,0,Yes
64,hoc_tumor_promoting_inflammation,No,No,1,No
65,hoc_tumor_promoting_inflammation,No,No,1,No
66,hoc_tumor_promoting_inflammation,No,No,1,No
67,hoc_tumor_promoting_inflammation,No,No,1,No
68,hoc_tumor_promoting_inflammation,No,No,1,No
69,hoc_tumor_promoting_inflammation,No,No,1,No
70,hoc_tumor_promoting_inflammation,No,No,1,No
71,hoc_tumor_promoting_inflammation,No,No,1,No
72,hoc_tumor_promoting_inflammation,No,No,1,No
73,hoc_tumor_promoting_inflammation,No,No,1,No
74,hoc_tumor_promoting_inflammation,No,No,1,No
75,hoc_tumor_promoting_inflammation,No,No,1,No
76,hoc_tumor_promoting_inflammation,No,No,1,No
77,hoc_tumor_promoting_inflammation,No,No,1,No
78,hoc_tumor_promoting_inflammation,No,No,1,No
79,hoc_tumor_promoting_inflammation,No,No,1,No
80,hoc_tumor_promoting_inflammation,No,No,1,No
81,hoc_tumor_promoting_inflammation,No,No,1,No
82,hoc_tumor_promoting_inflammation,No,No,1,No
83,hoc_tumor_promoting_inflammation,No,No,1,No
84,hoc_tumor_promoting_inflammation,No,No,1,No
85,hoc_tumor_promoting_inflammation,No,No,1,No
86,hoc_tumor_promoting_inflammation,No,No,1,No
87,hoc_tumor_promoting_inflammation,No,No,1,No
88,hoc_tumor_promoting_inflammation,No,No,1,No
89,hoc_tumor_promoting_inflammation,No,No,1,No
90,hoc_tumor_promoting_inflammation,No,No,1,No
91,hoc_tumor_promoting_inflammation,No,No,1,No
92,hoc_tumor_promoting_inflammation,No,No,1,No
93,hoc_tumor_promoting_inflammation,No,No,1,No
94,hoc_tumor_promoting_inflammation,No,No,1,No
95,hoc_tumor_promoting_inflammation,No,No,1,No
96,hoc_tumor_promoting_inflammation,No,No,1,No
97,hoc_tumor_promoting_inflammation,No,No,1,No
98,hoc_tumor_promoting_inflammation,No,No,1,No
99,hoc_tumor_promoting_inflammation,No,No,1,No
100,hoc_tumor_promoting_inflammation,No,No,1,No
101,hoc_tumor_promoting_inflammation,No,No,1,No
102,hoc_tumor_promoting_inflammation,Yes,Yes,1,Yes
103,hoc_tumor_promoting_inflammation,No,No,1,No
104,hoc_tumor_promoting_inflammation,No,No,1,No
105,hoc_tumor_promoting_inflammation,No,No,1,No
106,hoc_tumor_promoting_inflammation,No,No,1,No
107,hoc_tumor_promoting_inflammation,No,No,1,No
108,hoc_tumor_promoting_inflammation,No,No,1,No
109,hoc_tumor_promoting_inflammation,No,No,1,No
110,hoc_tumor_promoting_inflammation,No,No,1,No
111,hoc_tumor_promoting_inflammation,No,No,1,No
112,hoc_tumor_promoting_inflammation,Yes,Yes,1,Yes
113,hoc_tumor_promoting_inflammation,No,No,1,No
114,hoc_tumor_promoting_inflammation,No,No,1,No
115,hoc_tumor_promoting_inflammation,No,No,1,No
116,hoc_tumor_promoting_inflammation,No,No,1,No
117,hoc_tumor_promoting_inflammation,No,No,1,No
118,hoc_tumor_promoting_inflammation,No,No,1,No
119,hoc_tumor_promoting_inflammation,No,No,1,No
120,hoc_tumor_promoting_inflammation,No,No,1,No
121,hoc_tumor_promoting_inflammation,No,No,1,No
122,hoc_tumor_promoting_inflammation,No,No,1,No
123,hoc_tumor_promoting_inflammation,No,No,1,No
124,hoc_tumor_promoting_inflammation,No,No,1,No
125,hoc_tumor_promoting_inflammation,No,No,1,No
126,hoc_tumor_promoting_inflammation,No,No,1,No
127,hoc_tumor_promoting_inflammation,No,No,1,No
128,hoc_tumor_promoting_inflammation,No,No,1,No
129,hoc_tumor_promoting_inflammation,No,No,1,No
130,hoc_tumor_promoting_inflammation,No,No,1,No
131,hoc_tumor_promoting_inflammation,No,No,1,No
132,hoc_tumor_promoting_inflammation,No,No,1,No
133,hoc_tumor_promoting_inflammation,No,No,1,No
134,hoc_tumor_promoting_inflammation,No,No,1,No
135,hoc_tumor_promoting_inflammation,No,No,1,No
136,hoc_tumor_promoting_inflammation,No,No,1,No
137,hoc_tumor_promoting_inflammation,No,No,1,No
138,hoc_tumor_promoting_inflammation,No,No,1,No
139,hoc_tumor_promoting_inflammation,No,No,1,No
140,hoc_tumor_promoting_inflammation,No,No,1,No
141,hoc_tumor_promoting_inflammation,No,No,1,No
142,hoc_tumor_promoting_inflammation,No,No,1,No
143,hoc_tumor_promoting_inflammation,No,No,1,No
144,hoc_tumor_promoting_inflammation,No,No,1,No
145,hoc_tumor_promoting_inflammation,No,No,1,No
146,hoc_tumor_promoting_inflammation,No,No,1,No
147,hoc_tumor_promoting_inflammation,No,No,1,No
148,hoc_tumor_promoting_inflammation,No,No,1,No
149,hoc_tumor_promoting_inflammation,Yes,No,0,No
150,hoc_tumor_promoting_inflammation,No,No,1,No
151,hoc_tumor_promoting_inflammation,No,No,1,No
152,hoc_tumor_promoting_inflammation,No,No,1,No
153,hoc_tumor_promoting_inflammation,No,No,1,No
154,hoc_tumor_promoting_inflammation,No,No,1,No
155,hoc_tumor_promoting_inflammation,No,No,1,No
156,hoc_tumor_promoting_inflammation,No,Yes,0,Yes
157,hoc_tumor_promoting_inflammation,No,No,1,No
158,hoc_tumor_promoting_inflammation,No,No,1,No
159,hoc_tumor_promoting_inflammation,No,No,1,No
160,hoc_tumor_promoting_inflammation,No,No,1,No
161,hoc_tumor_promoting_inflammation,No,No,1,No
162,hoc_tumor_promoting_inflammation,No,No,1,No
163,hoc_tumor_promoting_inflammation,No,No,1,No
164,hoc_tumor_promoting_inflammation,No,No,1,No
165,hoc_tumor_promoting_inflammation,No,No,1,No
166,hoc_tumor_promoting_inflammation,Yes,No,0,No
167,hoc_tumor_promoting_inflammation,Yes,No,0,No
168,hoc_tumor_promoting_inflammation,No,No,1,No
169,hoc_tumor_promoting_inflammation,No,No,1,No
170,hoc_tumor_promoting_inflammation,No,No,1,No
171,hoc_tumor_promoting_inflammation,No,No,1,No
172,hoc_tumor_promoting_inflammation,No,No,1,No
173,hoc_tumor_promoting_inflammation,No,No,1,No
174,hoc_tumor_promoting_inflammation,No,No,1,No
175,hoc_tumor_promoting_inflammation,No,No,1,No
176,hoc_tumor_promoting_inflammation,No,No,1,No
177,hoc_tumor_promoting_inflammation,No,No,1,No
178,hoc_tumor_promoting_inflammation,No,No,1,No
179,hoc_tumor_promoting_inflammation,No,No,1,No
180,hoc_tumor_promoting_inflammation,No,No,1,No
181,hoc_tumor_promoting_inflammation,No,Yes,0,Yes
182,hoc_tumor_promoting_inflammation,No,No,1,No
183,hoc_tumor_promoting_inflammation,No,No,1,No
184,hoc_tumor_promoting_inflammation,Yes,No,0,No
185,hoc_tumor_promoting_inflammation,No,No,1,No
186,hoc_tumor_promoting_inflammation,No,No,1,No
187,hoc_tumor_promoting_inflammation,No,No,1,No
188,hoc_tumor_promoting_inflammation,No,No,1,No
189,hoc_tumor_promoting_inflammation,No,No,1,No
190,hoc_tumor_promoting_inflammation,No,No,1,No
191,hoc_tumor_promoting_inflammation,No,No,1,No
192,hoc_tumor_promoting_inflammation,No,No,1,No
193,hoc_tumor_promoting_inflammation,Yes,Yes,1,Yes
194,hoc_tumor_promoting_inflammation,No,No,1,No
195,hoc_tumor_promoting_inflammation,No,No,1,No
196,hoc_tumor_promoting_inflammation,No,No,1,No
197,hoc_tumor_promoting_inflammation,No,No,1,No
198,hoc_tumor_promoting_inflammation,No,No,1,No
199,hoc_tumor_promoting_inflammation,No,No,1,No
200,hoc_tumor_promoting_inflammation,Yes,No,0,No
201,hoc_tumor_promoting_inflammation,No,No,1,No
202,hoc_tumor_promoting_inflammation,No,No,1,No
203,hoc_tumor_promoting_inflammation,No,No,1,No
204,hoc_tumor_promoting_inflammation,No,No,1,No
205,hoc_tumor_promoting_inflammation,No,No,1,No
206,hoc_tumor_promoting_inflammation,No,No,1,No
207,hoc_tumor_promoting_inflammation,No,No,1,No
208,hoc_tumor_promoting_inflammation,Yes,Yes,1,Yes
209,hoc_tumor_promoting_inflammation,No,No,1,No
210,hoc_tumor_promoting_inflammation,No,No,1,No
211,hoc_tumor_promoting_inflammation,No,No,1,No
212,hoc_tumor_promoting_inflammation,No,No,1,No
213,hoc_tumor_promoting_inflammation,No,No,1,No
214,hoc_tumor_promoting_inflammation,No,No,1,No
215,hoc_tumor_promoting_inflammation,No,No,1,No
216,hoc_tumor_promoting_inflammation,No,No,1,No
217,hoc_tumor_promoting_inflammation,No,No,1,No
218,hoc_tumor_promoting_inflammation,No,No,1,No
219,hoc_tumor_promoting_inflammation,No,No,1,No
220,hoc_tumor_promoting_inflammation,No,No,1,No
221,hoc_tumor_promoting_inflammation,No,No,1,No
222,hoc_tumor_promoting_inflammation,No,Yes,0,Yes
223,hoc_tumor_promoting_inflammation,Yes,Yes,1,Yes
224,hoc_tumor_promoting_inflammation,No,No,1,No
225,hoc_tumor_promoting_inflammation,No,No,1,No
226,hoc_tumor_promoting_inflammation,No,No,1,No
227,hoc_tumor_promoting_inflammation,No,No,1,No
228,hoc_tumor_promoting_inflammation,Yes,No,0,No
229,hoc_tumor_promoting_inflammation,No,No,1,No
230,hoc_tumor_promoting_inflammation,No,No,1,No
231,hoc_tumor_promoting_inflammation,No,No,1,No
232,hoc_tumor_promoting_inflammation,No,No,1,No
233,hoc_tumor_promoting_inflammation,No,No,1,No
234,hoc_tumor_promoting_inflammation,No,No,1,No
235,hoc_tumor_promoting_inflammation,No,No,1,No
236,hoc_tumor_promoting_inflammation,No,No,1,No
237,hoc_tumor_promoting_inflammation,No,No,1,No
238,hoc_tumor_promoting_inflammation,Yes,No,0,No
239,hoc_tumor_promoting_inflammation,No,No,1,No
240,hoc_tumor_promoting_inflammation,No,No,1,No
241,hoc_tumor_promoting_inflammation,No,No,1,No
242,hoc_tumor_promoting_inflammation,Yes,Yes,1,Yes
243,hoc_tumor_promoting_inflammation,No,No,1,No
244,hoc_tumor_promoting_inflammation,No,No,1,No
245,hoc_tumor_promoting_inflammation,Yes,No,0,No
246,hoc_tumor_promoting_inflammation,No,No,1,No
247,hoc_tumor_promoting_inflammation,No,No,1,No
248,hoc_tumor_promoting_inflammation,No,No,1,No
249,hoc_tumor_promoting_inflammation,No,No,1,No
250,hoc_tumor_promoting_inflammation,No,No,1,No
251,hoc_tumor_promoting_inflammation,No,No,1,No
252,hoc_tumor_promoting_inflammation,No,No,1,No
253,hoc_tumor_promoting_inflammation,No,No,1,No
254,hoc_tumor_promoting_inflammation,No,No,1,No
255,hoc_tumor_promoting_inflammation,No,No,1,No
256,hoc_tumor_promoting_inflammation,No,No,1,No
257,hoc_tumor_promoting_inflammation,No,No,1,No
258,hoc_tumor_promoting_inflammation,No,No,1,No
259,hoc_tumor_promoting_inflammation,No,No,1,No
260,hoc_tumor_promoting_inflammation,No,No,1,No
261,hoc_tumor_promoting_inflammation,No,No,1,No
262,hoc_tumor_promoting_inflammation,No,No,1,No
263,hoc_tumor_promoting_inflammation,Yes,Yes,1,Yes
264,hoc_tumor_promoting_inflammation,No,No,1,No
265,hoc_tumor_promoting_inflammation,No,No,1,No
266,hoc_tumor_promoting_inflammation,No,No,1,No
267,hoc_tumor_promoting_inflammation,No,No,1,No
268,hoc_tumor_promoting_inflammation,No,No,1,No
269,hoc_tumor_promoting_inflammation,Yes,No,0,No
270,hoc_tumor_promoting_inflammation,No,No,1,No
271,hoc_tumor_promoting_inflammation,No,No,1,No
272,hoc_tumor_promoting_inflammation,No,No,1,No
273,hoc_tumor_promoting_inflammation,No,No,1,No
274,hoc_tumor_promoting_inflammation,No,No,1,No
275,hoc_tumor_promoting_inflammation,No,No,1,No
276,hoc_tumor_promoting_inflammation,No,No,1,No
277,hoc_tumor_promoting_inflammation,Yes,No,0,No
278,hoc_tumor_promoting_inflammation,No,No,1,No
279,hoc_tumor_promoting_inflammation,No,No,1,No
280,hoc_tumor_promoting_inflammation,No,No,1,No
281,hoc_tumor_promoting_inflammation,Yes,No,0,No
282,hoc_tumor_promoting_inflammation,No,No,1,No
283,hoc_tumor_promoting_inflammation,No,No,1,No
284,hoc_tumor_promoting_inflammation,No,No,1,No
285,hoc_tumor_promoting_inflammation,No,No,1,No
286,hoc_tumor_promoting_inflammation,Yes,No,0,No
287,hoc_tumor_promoting_inflammation,No,No,1,No
288,hoc_tumor_promoting_inflammation,No,No,1,No
289,hoc_tumor_promoting_inflammation,Yes,No,0,No
290,hoc_tumor_promoting_inflammation,No,Yes,0,Yes
291,hoc_tumor_promoting_inflammation,No,No,1,No
292,hoc_tumor_promoting_inflammation,No,No,1,No
293,hoc_tumor_promoting_inflammation,No,No,1,No
294,hoc_tumor_promoting_inflammation,No,No,1,No
295,hoc_tumor_promoting_inflammation,No,No,1,No
296,hoc_tumor_promoting_inflammation,No,No,1,No
297,hoc_tumor_promoting_inflammation,No,No,1,No
298,hoc_tumor_promoting_inflammation,Yes,No,0,No
299,hoc_tumor_promoting_inflammation,No,No,1,No
300,hoc_tumor_promoting_inflammation,No,No,1,No
301,hoc_tumor_promoting_inflammation,No,No,1,No
302,hoc_tumor_promoting_inflammation,No,No,1,No
303,hoc_tumor_promoting_inflammation,No,No,1,No
304,hoc_tumor_promoting_inflammation,No,No,1,No
305,hoc_tumor_promoting_inflammation,No,No,1,No
306,hoc_tumor_promoting_inflammation,No,Yes,0,Yes
307,hoc_tumor_promoting_inflammation,No,No,1,No
308,hoc_tumor_promoting_inflammation,No,No,1,No
309,hoc_tumor_promoting_inflammation,No,No,1,No
310,hoc_tumor_promoting_inflammation,No,No,1,No
311,hoc_tumor_promoting_inflammation,No,No,1,No
312,hoc_tumor_promoting_inflammation,No,No,1,No
313,hoc_tumor_promoting_inflammation,No,No,1,No
314,hoc_tumor_promoting_inflammation,Yes,Yes,1,Yes
315,hoc_tumor_promoting_inflammation,No,No,1,No
316,hoc_tumor_promoting_inflammation,No,No,1,No
317,hoc_tumor_promoting_inflammation,No,No,1,No
318,hoc_tumor_promoting_inflammation,No,No,1,No
319,hoc_tumor_promoting_inflammation,No,No,1,No
320,hoc_tumor_promoting_inflammation,No,No,1,No
321,hoc_tumor_promoting_inflammation,No,No,1,No
322,hoc_tumor_promoting_inflammation,No,No,1,No
323,hoc_tumor_promoting_inflammation,No,No,1,No
324,hoc_tumor_promoting_inflammation,No,No,1,No
325,hoc_tumor_promoting_inflammation,No,No,1,No
326,hoc_tumor_promoting_inflammation,No,No,1,No
327,hoc_tumor_promoting_inflammation,No,No,1,No
328,hoc_tumor_promoting_inflammation,No,No,1,No
329,hoc_tumor_promoting_inflammation,No,No,1,No
330,hoc_tumor_promoting_inflammation,No,No,1,No
331,hoc_tumor_promoting_inflammation,No,No,1,No
332,hoc_tumor_promoting_inflammation,No,No,1,No
333,hoc_tumor_promoting_inflammation,Yes,Yes,1,Yes
334,hoc_tumor_promoting_inflammation,No,No,1,No
335,hoc_tumor_promoting_inflammation,No,No,1,No
336,hoc_tumor_promoting_inflammation,No,No,1,No
337,hoc_tumor_promoting_inflammation,No,No,1,No
338,hoc_tumor_promoting_inflammation,No,No,1,No
339,hoc_tumor_promoting_inflammation,No,No,1,No
340,hoc_tumor_promoting_inflammation,No,No,1,No
341,hoc_tumor_promoting_inflammation,No,No,1,No
342,hoc_tumor_promoting_inflammation,No,No,1,No
343,hoc_tumor_promoting_inflammation,No,No,1,No
344,hoc_tumor_promoting_inflammation,No,No,1,No
345,hoc_tumor_promoting_inflammation,No,No,1,No
346,hoc_tumor_promoting_inflammation,No,No,1,No
347,hoc_tumor_promoting_inflammation,No,No,1,No
348,hoc_tumor_promoting_inflammation,No,No,1,No
349,hoc_tumor_promoting_inflammation,Yes,No,0,No
350,hoc_tumor_promoting_inflammation,No,No,1,No
351,hoc_tumor_promoting_inflammation,No,No,1,No
352,hoc_tumor_promoting_inflammation,No,No,1,No
353,hoc_tumor_promoting_inflammation,No,No,1,No
354,hoc_tumor_promoting_inflammation,No,No,1,No
355,hoc_tumor_promoting_inflammation,No,No,1,No
356,hoc_tumor_promoting_inflammation,No,No,1,No
357,hoc_tumor_promoting_inflammation,No,No,1,No
358,hoc_tumor_promoting_inflammation,No,No,1,No
359,hoc_tumor_promoting_inflammation,No,No,1,No
360,hoc_tumor_promoting_inflammation,No,No,1,No
361,hoc_tumor_promoting_inflammation,No,No,1,No
362,hoc_tumor_promoting_inflammation,No,No,1,No
363,hoc_tumor_promoting_inflammation,No,No,1,No
364,hoc_tumor_promoting_inflammation,No,No,1,No
365,hoc_tumor_promoting_inflammation,No,No,1,No
366,hoc_tumor_promoting_inflammation,No,No,1,No
367,hoc_tumor_promoting_inflammation,No,No,1,No
368,hoc_tumor_promoting_inflammation,No,No,1,No
369,hoc_tumor_promoting_inflammation,No,No,1,No
370,hoc_tumor_promoting_inflammation,No,No,1,No
371,hoc_tumor_promoting_inflammation,No,No,1,No
372,hoc_tumor_promoting_inflammation,No,No,1,No
373,hoc_tumor_promoting_inflammation,No,No,1,No
374,hoc_tumor_promoting_inflammation,No,No,1,No
375,hoc_tumor_promoting_inflammation,No,No,1,No
376,hoc_tumor_promoting_inflammation,No,No,1,No
377,hoc_tumor_promoting_inflammation,No,No,1,No
378,hoc_tumor_promoting_inflammation,No,No,1,No
379,hoc_tumor_promoting_inflammation,No,No,1,No
380,hoc_tumor_promoting_inflammation,No,No,1,No
381,hoc_tumor_promoting_inflammation,No,No,1,No
382,hoc_tumor_promoting_inflammation,No,No,1,No
383,hoc_tumor_promoting_inflammation,No,No,1,No
384,hoc_tumor_promoting_inflammation,Yes,Yes,1,Yes
385,hoc_tumor_promoting_inflammation,No,No,1,No
386,hoc_tumor_promoting_inflammation,No,No,1,No
387,hoc_tumor_promoting_inflammation,No,No,1,No
388,hoc_tumor_promoting_inflammation,No,No,1,No
389,hoc_tumor_promoting_inflammation,No,No,1,No
390,hoc_tumor_promoting_inflammation,No,No,1,No
391,hoc_tumor_promoting_inflammation,No,No,1,No
392,hoc_tumor_promoting_inflammation,Yes,No,0,No
393,hoc_tumor_promoting_inflammation,No,No,1,No
394,hoc_tumor_promoting_inflammation,No,No,1,No
395,hoc_tumor_promoting_inflammation,No,No,1,No
396,hoc_tumor_promoting_inflammation,No,No,1,No
397,hoc_tumor_promoting_inflammation,No,No,1,No
398,hoc_tumor_promoting_inflammation,No,No,1,No
399,hoc_tumor_promoting_inflammation,No,No,1,No
400,hoc_tumor_promoting_inflammation,Yes,No,0,No
401,hoc_tumor_promoting_inflammation,No,No,1,No
402,hoc_tumor_promoting_inflammation,No,No,1,No
403,hoc_tumor_promoting_inflammation,No,No,1,No
404,hoc_tumor_promoting_inflammation,No,No,1,No
405,hoc_tumor_promoting_inflammation,No,No,1,No
406,hoc_tumor_promoting_inflammation,No,No,1,No
407,hoc_tumor_promoting_inflammation,No,No,1,No
408,hoc_tumor_promoting_inflammation,No,No,1,No
409,hoc_tumor_promoting_inflammation,No,No,1,No
410,hoc_tumor_promoting_inflammation,No,No,1,No
411,hoc_tumor_promoting_inflammation,No,No,1,No
412,hoc_tumor_promoting_inflammation,No,No,1,No
413,hoc_tumor_promoting_inflammation,No,No,1,No
414,hoc_tumor_promoting_inflammation,No,No,1,No
415,hoc_tumor_promoting_inflammation,No,No,1,No
416,hoc_tumor_promoting_inflammation,No,No,1,No
417,hoc_tumor_promoting_inflammation,No,No,1,No
418,hoc_tumor_promoting_inflammation,No,No,1,No
419,hoc_tumor_promoting_inflammation,No,No,1,No
420,hoc_tumor_promoting_inflammation,No,No,1,No
421,hoc_tumor_promoting_inflammation,No,No,1,No
422,hoc_tumor_promoting_inflammation,No,No,1,No
423,hoc_tumor_promoting_inflammation,No,No,1,No
424,hoc_tumor_promoting_inflammation,No,No,1,No
425,hoc_tumor_promoting_inflammation,Yes,Yes,1,Yes
426,hoc_tumor_promoting_inflammation,No,No,1,No
427,hoc_tumor_promoting_inflammation,No,No,1,No
428,hoc_tumor_promoting_inflammation,No,No,1,No
429,hoc_tumor_promoting_inflammation,No,No,1,No
430,hoc_tumor_promoting_inflammation,Yes,No,0,No
431,hoc_tumor_promoting_inflammation,No,No,1,No
432,hoc_tumor_promoting_inflammation,No,No,1,No
433,hoc_tumor_promoting_inflammation,No,No,1,No
434,hoc_tumor_promoting_inflammation,No,No,1,No
435,hoc_tumor_promoting_inflammation,No,No,1,No
436,hoc_tumor_promoting_inflammation,Yes,No,0,No
437,hoc_tumor_promoting_inflammation,No,No,1,No
438,hoc_tumor_promoting_inflammation,Yes,Yes,1,Yes
439,hoc_tumor_promoting_inflammation,No,No,1,No
440,hoc_tumor_promoting_inflammation,No,No,1,No
441,hoc_tumor_promoting_inflammation,Yes,Yes,1,Yes
442,hoc_tumor_promoting_inflammation,No,Yes,0,Yes
443,hoc_tumor_promoting_inflammation,No,No,1,No
444,hoc_tumor_promoting_inflammation,Yes,No,0,No
445,hoc_tumor_promoting_inflammation,No,No,1,No
446,hoc_tumor_promoting_inflammation,Yes,Yes,1,Yes
447,hoc_tumor_promoting_inflammation,No,No,1,No
448,hoc_tumor_promoting_inflammation,No,No,1,No
449,hoc_tumor_promoting_inflammation,No,No,1,No
450,hoc_tumor_promoting_inflammation,Yes,Yes,1,Yes
451,hoc_tumor_promoting_inflammation,No,No,1,No
452,hoc_tumor_promoting_inflammation,Yes,Yes,1,Yes
453,hoc_tumor_promoting_inflammation,Yes,No,0,No
454,hoc_tumor_promoting_inflammation,No,No,1,No
455,hoc_tumor_promoting_inflammation,No,No,1,No
456,hoc_tumor_promoting_inflammation,Yes,Yes,1,Yes
457,hoc_tumor_promoting_inflammation,No,No,1,No
458,hoc_tumor_promoting_inflammation,Yes,No,0,No
459,hoc_tumor_promoting_inflammation,No,No,1,No
460,hoc_tumor_promoting_inflammation,No,No,1,No
461,hoc_tumor_promoting_inflammation,No,No,1,No
462,hoc_tumor_promoting_inflammation,Yes,No,0,No
463,hoc_tumor_promoting_inflammation,No,No,1,No
464,hoc_tumor_promoting_inflammation,No,No,1,No
465,hoc_tumor_promoting_inflammation,No,No,1,No
466,hoc_tumor_promoting_inflammation,No,No,1,No
467,hoc_tumor_promoting_inflammation,Yes,Yes,1,Yes
468,hoc_tumor_promoting_inflammation,No,No,1,No
469,hoc_tumor_promoting_inflammation,No,No,1,No
470,hoc_tumor_promoting_inflammation,No,Yes,0,Yes
471,hoc_tumor_promoting_inflammation,No,No,1,No
472,hoc_tumor_promoting_inflammation,Yes,Yes,1,Yes
473,hoc_tumor_promoting_inflammation,No,No,1,No
474,hoc_tumor_promoting_inflammation,Yes,Yes,1,Yes
475,hoc_tumor_promoting_inflammation,No,No,1,No
476,hoc_tumor_promoting_inflammation,No,No,1,No
477,hoc_tumor_promoting_inflammation,Yes,Yes,1,Yes
478,hoc_tumor_promoting_inflammation,No,No,1,No
479,hoc_tumor_promoting_inflammation,Yes,No,0,No
480,hoc_tumor_promoting_inflammation,Yes,Yes,1,Yes
481,hoc_tumor_promoting_inflammation,No,No,1,No
482,hoc_tumor_promoting_inflammation,No,No,1,No
483,hoc_tumor_promoting_inflammation,No,No,1,No
484,hoc_tumor_promoting_inflammation,No,No,1,No
485,hoc_tumor_promoting_inflammation,No,No,1,No
486,hoc_tumor_promoting_inflammation,No,No,1,No
487,hoc_tumor_promoting_inflammation,No,No,1,No
488,hoc_tumor_promoting_inflammation,No,No,1,No
489,hoc_tumor_promoting_inflammation,No,No,1,No
490,hoc_tumor_promoting_inflammation,No,No,1,No
491,hoc_tumor_promoting_inflammation,No,No,1,No
492,hoc_tumor_promoting_inflammation,No,No,1,No
493,hoc_tumor_promoting_inflammation,No,No,1,No
494,hoc_tumor_promoting_inflammation,No,No,1,No
495,hoc_tumor_promoting_inflammation,No,No,1,No
496,hoc_tumor_promoting_inflammation,No,No,1,No
497,hoc_tumor_promoting_inflammation,No,No,1,No
498,hoc_tumor_promoting_inflammation,No,No,1,No
499,hoc_tumor_promoting_inflammation,No,No,1,No
500,hoc_tumor_promoting_inflammation,No,No,1,No
501,hoc_tumor_promoting_inflammation,No,No,1,No
502,hoc_tumor_promoting_inflammation,No,No,1,No
503,hoc_tumor_promoting_inflammation,No,No,1,No
504,hoc_tumor_promoting_inflammation,No,No,1,No
505,hoc_tumor_promoting_inflammation,No,No,1,No
506,hoc_tumor_promoting_inflammation,No,No,1,No
507,hoc_tumor_promoting_inflammation,No,No,1,No
508,hoc_tumor_promoting_inflammation,No,No,1,No
509,hoc_tumor_promoting_inflammation,No,No,1,No
510,hoc_tumor_promoting_inflammation,No,No,1,No
511,hoc_tumor_promoting_inflammation,No,No,1,No
512,hoc_tumor_promoting_inflammation,No,No,1,No
513,hoc_tumor_promoting_inflammation,No,No,1,No
514,hoc_tumor_promoting_inflammation,No,No,1,No
515,hoc_tumor_promoting_inflammation,No,No,1,No
516,hoc_tumor_promoting_inflammation,No,No,1,No
517,hoc_tumor_promoting_inflammation,No,No,1,No
518,hoc_tumor_promoting_inflammation,No,No,1,No
519,hoc_tumor_promoting_inflammation,No,No,1,No
520,hoc_tumor_promoting_inflammation,No,No,1,No
521,hoc_tumor_promoting_inflammation,No,No,1,No
522,hoc_tumor_promoting_inflammation,No,No,1,No
523,hoc_tumor_promoting_inflammation,No,No,1,No
524,hoc_tumor_promoting_inflammation,No,No,1,No
525,hoc_tumor_promoting_inflammation,No,No,1,No
526,hoc_tumor_promoting_inflammation,No,No,1,No
527,hoc_tumor_promoting_inflammation,No,No,1,No
528,hoc_tumor_promoting_inflammation,No,No,1,No
529,hoc_tumor_promoting_inflammation,No,No,1,No
530,hoc_tumor_promoting_inflammation,No,No,1,No
531,hoc_tumor_promoting_inflammation,Yes,No,0,No
532,hoc_tumor_promoting_inflammation,No,No,1,No
533,hoc_tumor_promoting_inflammation,Yes,Yes,1,Yes
534,hoc_tumor_promoting_inflammation,Yes,Yes,1,Yes
535,hoc_tumor_promoting_inflammation,No,No,1,No
536,hoc_tumor_promoting_inflammation,No,No,1,No
537,hoc_tumor_promoting_inflammation,Yes,Yes,1,Yes
538,hoc_tumor_promoting_inflammation,No,No,1,No
539,hoc_tumor_promoting_inflammation,Yes,No,0,No
540,hoc_tumor_promoting_inflammation,No,No,1,No
541,hoc_tumor_promoting_inflammation,No,No,1,No
542,hoc_tumor_promoting_inflammation,No,No,1,No
543,hoc_tumor_promoting_inflammation,Yes,No,0,No
544,hoc_tumor_promoting_inflammation,No,No,1,No
545,hoc_tumor_promoting_inflammation,No,No,1,No
546,hoc_tumor_promoting_inflammation,No,No,1,No
547,hoc_tumor_promoting_inflammation,No,No,1,No
548,hoc_tumor_promoting_inflammation,No,No,1,No
549,hoc_tumor_promoting_inflammation,Yes,No,0,No
550,hoc_tumor_promoting_inflammation,No,No,1,No
551,hoc_tumor_promoting_inflammation,No,No,1,No
552,hoc_tumor_promoting_inflammation,Yes,No,0,No
553,hoc_tumor_promoting_inflammation,No,No,1,No
554,hoc_tumor_promoting_inflammation,Yes,Yes,1,Yes
555,hoc_tumor_promoting_inflammation,No,No,1,No
556,hoc_tumor_promoting_inflammation,No,No,1,No
557,hoc_tumor_promoting_inflammation,No,No,1,No
558,hoc_tumor_promoting_inflammation,No,No,1,No
559,hoc_tumor_promoting_inflammation,No,No,1,No
560,hoc_tumor_promoting_inflammation,No,No,1,No
561,hoc_tumor_promoting_inflammation,No,No,1,No
562,hoc_tumor_promoting_inflammation,No,No,1,No
563,hoc_tumor_promoting_inflammation,No,No,1,No
564,hoc_tumor_promoting_inflammation,No,No,1,No
565,hoc_tumor_promoting_inflammation,No,No,1,No
566,hoc_tumor_promoting_inflammation,No,No,1,No
567,hoc_tumor_promoting_inflammation,No,No,1,No
568,hoc_tumor_promoting_inflammation,No,No,1,No
569,hoc_tumor_promoting_inflammation,No,No,1,No
570,hoc_tumor_promoting_inflammation,Yes,Yes,1,Yes
571,hoc_tumor_promoting_inflammation,Yes,Yes,1,Yes
572,hoc_tumor_promoting_inflammation,No,No,1,No
573,hoc_tumor_promoting_inflammation,No,No,1,No
574,hoc_tumor_promoting_inflammation,No,No,1,No
575,hoc_tumor_promoting_inflammation,Yes,No,0,No
576,hoc_tumor_promoting_inflammation,No,No,1,No
577,hoc_tumor_promoting_inflammation,No,No,1,No
578,hoc_tumor_promoting_inflammation,No,No,1,No
579,hoc_tumor_promoting_inflammation,No,No,1,No
580,hoc_tumor_promoting_inflammation,No,No,1,No
581,hoc_tumor_promoting_inflammation,No,No,1,No
582,hoc_tumor_promoting_inflammation,No,No,1,No
583,hoc_tumor_promoting_inflammation,Yes,Yes,1,Yes
584,hoc_tumor_promoting_inflammation,No,Yes,0,Yes
585,hoc_tumor_promoting_inflammation,No,No,1,No
586,hoc_tumor_promoting_inflammation,No,Yes,0,Yes
587,hoc_tumor_promoting_inflammation,Yes,No,0,No
588,hoc_tumor_promoting_inflammation,No,No,1,No
589,hoc_tumor_promoting_inflammation,No,No,1,No
590,hoc_tumor_promoting_inflammation,Yes,Yes,1,Yes
591,hoc_tumor_promoting_inflammation,No,No,1,No
592,hoc_tumor_promoting_inflammation,Yes,Yes,1,Yes
593,hoc_tumor_promoting_inflammation,Yes,No,0,No
594,hoc_tumor_promoting_inflammation,No,No,1,No
595,hoc_tumor_promoting_inflammation,Yes,Yes,1,Yes
596,hoc_tumor_promoting_inflammation,No,No,1,No
597,hoc_tumor_promoting_inflammation,No,No,1,No
598,hoc_tumor_promoting_inflammation,No,No,1,No
599,hoc_tumor_promoting_inflammation,No,No,1,No
600,hoc_tumor_promoting_inflammation,No,No,1,No
601,hoc_tumor_promoting_inflammation,Yes,Yes,1,Yes
602,hoc_tumor_promoting_inflammation,No,No,1,No
603,hoc_tumor_promoting_inflammation,No,No,1,No
604,hoc_tumor_promoting_inflammation,No,No,1,No
605,hoc_tumor_promoting_inflammation,No,No,1,No
606,hoc_tumor_promoting_inflammation,No,No,1,No
607,hoc_tumor_promoting_inflammation,No,No,1,No
608,hoc_tumor_promoting_inflammation,Yes,Yes,1,Yes
609,hoc_tumor_promoting_inflammation,No,No,1,No
610,hoc_tumor_promoting_inflammation,No,No,1,No
611,hoc_tumor_promoting_inflammation,No,No,1,No
612,hoc_tumor_promoting_inflammation,No,No,1,No
613,hoc_tumor_promoting_inflammation,No,No,1,No
614,hoc_tumor_promoting_inflammation,No,No,1,No
615,hoc_tumor_promoting_inflammation,Yes,Yes,1,Yes
616,hoc_tumor_promoting_inflammation,No,No,1,No
617,hoc_tumor_promoting_inflammation,Yes,Yes,1,Yes
618,hoc_tumor_promoting_inflammation,No,No,1,No
619,hoc_tumor_promoting_inflammation,No,No,1,No
620,hoc_tumor_promoting_inflammation,No,No,1,No
621,hoc_tumor_promoting_inflammation,No,No,1,No
622,hoc_tumor_promoting_inflammation,No,No,1,No
623,hoc_tumor_promoting_inflammation,No,No,1,No
624,hoc_tumor_promoting_inflammation,No,No,1,No
625,hoc_tumor_promoting_inflammation,No,No,1,No
626,hoc_tumor_promoting_inflammation,No,No,1,No
627,hoc_tumor_promoting_inflammation,No,No,1,No
628,hoc_tumor_promoting_inflammation,Yes,Yes,1,Yes
629,hoc_tumor_promoting_inflammation,No,No,1,No
630,hoc_tumor_promoting_inflammation,No,No,1,No
631,hoc_tumor_promoting_inflammation,Yes,No,0,No
632,hoc_tumor_promoting_inflammation,No,No,1,No
633,hoc_tumor_promoting_inflammation,Yes,Yes,1,Yes
634,hoc_tumor_promoting_inflammation,No,No,1,No
635,hoc_tumor_promoting_inflammation,Yes,No,0,No
636,hoc_tumor_promoting_inflammation,No,No,1,No
637,hoc_tumor_promoting_inflammation,No,No,1,No
638,hoc_tumor_promoting_inflammation,No,No,1,No
639,hoc_tumor_promoting_inflammation,Yes,No,0,No
640,hoc_tumor_promoting_inflammation,No,No,1,No
641,hoc_tumor_promoting_inflammation,No,No,1,No
642,hoc_tumor_promoting_inflammation,Yes,Yes,1,Yes
643,hoc_tumor_promoting_inflammation,No,No,1,No
644,hoc_tumor_promoting_inflammation,No,No,1,No
645,hoc_tumor_promoting_inflammation,No,No,1,No
646,hoc_tumor_promoting_inflammation,No,No,1,No
647,hoc_tumor_promoting_inflammation,Yes,Yes,1,Yes
648,hoc_tumor_promoting_inflammation,No,No,1,No
649,hoc_tumor_promoting_inflammation,No,No,1,No
650,hoc_tumor_promoting_inflammation,Yes,No,0,No
651,hoc_tumor_promoting_inflammation,No,No,1,No
652,hoc_tumor_promoting_inflammation,No,Yes,0,Yes
653,hoc_tumor_promoting_inflammation,No,No,1,No
654,hoc_tumor_promoting_inflammation,No,No,1,No
655,hoc_tumor_promoting_inflammation,Yes,No,0,No
656,hoc_tumor_promoting_inflammation,Yes,Yes,1,Yes
657,hoc_tumor_promoting_inflammation,No,No,1,No
658,hoc_tumor_promoting_inflammation,No,No,1,No
659,hoc_tumor_promoting_inflammation,No,No,1,No
660,hoc_tumor_promoting_inflammation,No,No,1,No
661,hoc_tumor_promoting_inflammation,Yes,Yes,1,Yes
662,hoc_tumor_promoting_inflammation,No,No,1,No
663,hoc_tumor_promoting_inflammation,No,No,1,No
664,hoc_tumor_promoting_inflammation,No,No,1,No
665,hoc_tumor_promoting_inflammation,No,No,1,No
666,hoc_tumor_promoting_inflammation,No,No,1,No
667,hoc_tumor_promoting_inflammation,No,No,1,No
668,hoc_tumor_promoting_inflammation,No,No,1,No
669,hoc_tumor_promoting_inflammation,Yes,Yes,1,Yes
670,hoc_tumor_promoting_inflammation,No,No,1,No
671,hoc_tumor_promoting_inflammation,Yes,Yes,1,Yes
672,hoc_tumor_promoting_inflammation,No,No,1,No
673,hoc_tumor_promoting_inflammation,No,No,1,No
674,hoc_tumor_promoting_inflammation,No,No,1,No
675,hoc_tumor_promoting_inflammation,No,No,1,No
676,hoc_tumor_promoting_inflammation,No,No,1,No
677,hoc_tumor_promoting_inflammation,No,Yes,0,Yes
678,hoc_tumor_promoting_inflammation,Yes,No,0,No
679,hoc_tumor_promoting_inflammation,No,No,1,No
680,hoc_tumor_promoting_inflammation,No,No,1,No
681,hoc_tumor_promoting_inflammation,No,No,1,No
682,hoc_tumor_promoting_inflammation,Yes,Yes,1,Yes
683,hoc_tumor_promoting_inflammation,Yes,No,0,No
684,hoc_tumor_promoting_inflammation,No,No,1,No
685,hoc_tumor_promoting_inflammation,Yes,No,0,No
686,hoc_tumor_promoting_inflammation,No,No,1,No
687,hoc_tumor_promoting_inflammation,No,No,1,No
688,hoc_tumor_promoting_inflammation,No,No,1,No
689,hoc_tumor_promoting_inflammation,Yes,Yes,1,Yes
690,hoc_tumor_promoting_inflammation,No,No,1,No
691,hoc_tumor_promoting_inflammation,No,No,1,No
692,hoc_tumor_promoting_inflammation,No,No,1,No
693,hoc_tumor_promoting_inflammation,No,No,1,No
694,hoc_tumor_promoting_inflammation,No,No,1,No
695,hoc_tumor_promoting_inflammation,Yes,No,0,No
696,hoc_tumor_promoting_inflammation,No,No,1,No
697,hoc_tumor_promoting_inflammation,No,No,1,No
698,hoc_tumor_promoting_inflammation,No,No,1,No
699,hoc_tumor_promoting_inflammation,Yes,Yes,1,Yes
700,hoc_tumor_promoting_inflammation,No,No,1,No
701,hoc_tumor_promoting_inflammation,No,No,1,No
702,hoc_tumor_promoting_inflammation,No,No,1,No
703,hoc_tumor_promoting_inflammation,No,No,1,No
704,hoc_tumor_promoting_inflammation,Yes,Yes,1,Yes
705,hoc_tumor_promoting_inflammation,No,No,1,No
706,hoc_tumor_promoting_inflammation,No,No,1,No
707,hoc_tumor_promoting_inflammation,Yes,Yes,1,Yes
708,hoc_tumor_promoting_inflammation,No,No,1,No
709,hoc_tumor_promoting_inflammation,No,No,1,No
710,hoc_tumor_promoting_inflammation,No,No,1,No
711,hoc_tumor_promoting_inflammation,Yes,Yes,1,Yes
712,hoc_tumor_promoting_inflammation,No,No,1,No
713,hoc_tumor_promoting_inflammation,Yes,No,0,No
714,hoc_tumor_promoting_inflammation,No,No,1,No
715,hoc_tumor_promoting_inflammation,Yes,No,0,No
716,hoc_tumor_promoting_inflammation,Yes,No,0,No
717,hoc_tumor_promoting_inflammation,Yes,No,0,No
718,hoc_tumor_promoting_inflammation,Yes,Yes,1,Yes
719,hoc_tumor_promoting_inflammation,No,No,1,No
720,hoc_tumor_promoting_inflammation,No,No,1,No
721,hoc_tumor_promoting_inflammation,No,No,1,No
722,hoc_tumor_promoting_inflammation,No,No,1,No
723,hoc_tumor_promoting_inflammation,No,No,1,No
724,hoc_tumor_promoting_inflammation,No,No,1,No
725,hoc_tumor_promoting_inflammation,No,No,1,No
726,hoc_tumor_promoting_inflammation,No,No,1,No
727,hoc_tumor_promoting_inflammation,No,No,1,No
728,hoc_tumor_promoting_inflammation,No,No,1,No
729,hoc_tumor_promoting_inflammation,No,No,1,No
730,hoc_tumor_promoting_inflammation,No,No,1,No
731,hoc_tumor_promoting_inflammation,No,No,1,No
732,hoc_tumor_promoting_inflammation,No,No,1,No
733,hoc_tumor_promoting_inflammation,No,No,1,No
734,hoc_tumor_promoting_inflammation,No,No,1,No
735,hoc_tumor_promoting_inflammation,No,No,1,No
736,hoc_tumor_promoting_inflammation,Yes,No,0,No
737,hoc_tumor_promoting_inflammation,No,No,1,No
738,hoc_tumor_promoting_inflammation,No,No,1,No
739,hoc_tumor_promoting_inflammation,Yes,Yes,1,Yes
740,hoc_tumor_promoting_inflammation,No,No,1,No
741,hoc_tumor_promoting_inflammation,No,No,1,No
742,hoc_tumor_promoting_inflammation,Yes,No,0,No
743,hoc_tumor_promoting_inflammation,No,No,1,No
744,hoc_tumor_promoting_inflammation,No,No,1,No
745,hoc_tumor_promoting_inflammation,No,No,1,No
746,hoc_tumor_promoting_inflammation,No,No,1,No
747,hoc_tumor_promoting_inflammation,No,No,1,No
748,hoc_tumor_promoting_inflammation,Yes,Yes,1,Yes
749,hoc_tumor_promoting_inflammation,No,No,1,No
750,hoc_tumor_promoting_inflammation,No,No,1,No
751,hoc_tumor_promoting_inflammation,No,No,1,No
752,hoc_tumor_promoting_inflammation,No,No,1,No
753,hoc_tumor_promoting_inflammation,No,No,1,No
754,hoc_tumor_promoting_inflammation,No,No,1,No
755,hoc_tumor_promoting_inflammation,No,No,1,No
756,hoc_tumor_promoting_inflammation,No,No,1,No
757,hoc_tumor_promoting_inflammation,Yes,No,0,No
758,hoc_tumor_promoting_inflammation,No,No,1,No
759,hoc_tumor_promoting_inflammation,Yes,Yes,1,Yes
760,hoc_tumor_promoting_inflammation,Yes,Yes,1,Yes
761,hoc_tumor_promoting_inflammation,No,Yes,0,Yes
762,hoc_tumor_promoting_inflammation,No,No,1,No
763,hoc_tumor_promoting_inflammation,Yes,No,0,No
764,hoc_tumor_promoting_inflammation,No,No,1,No
765,hoc_tumor_promoting_inflammation,Yes,No,0,No
766,hoc_tumor_promoting_inflammation,No,No,1,No
767,hoc_tumor_promoting_inflammation,No,No,1,No
768,hoc_tumor_promoting_inflammation,No,No,1,No
769,hoc_tumor_promoting_inflammation,No,No,1,No
770,hoc_tumor_promoting_inflammation,No,No,1,No
771,hoc_tumor_promoting_inflammation,No,No,1,No
772,hoc_tumor_promoting_inflammation,No,No,1,No
773,hoc_tumor_promoting_inflammation,No,No,1,No
774,hoc_tumor_promoting_inflammation,No,No,1,No
775,hoc_tumor_promoting_inflammation,No,No,1,No
776,hoc_tumor_promoting_inflammation,No,No,1,No
777,hoc_tumor_promoting_inflammation,No,No,1,No
778,hoc_tumor_promoting_inflammation,No,No,1,No
779,hoc_tumor_promoting_inflammation,No,No,1,No
780,hoc_tumor_promoting_inflammation,No,No,1,No
781,hoc_tumor_promoting_inflammation,No,No,1,No
782,hoc_tumor_promoting_inflammation,No,No,1,No
783,hoc_tumor_promoting_inflammation,No,No,1,No
784,hoc_tumor_promoting_inflammation,No,No,1,No
785,hoc_tumor_promoting_inflammation,No,No,1,No
786,hoc_tumor_promoting_inflammation,No,No,1,No
787,hoc_tumor_promoting_inflammation,Yes,Yes,1,Yes
788,hoc_tumor_promoting_inflammation,No,No,1,No
789,hoc_tumor_promoting_inflammation,No,No,1,No
790,hoc_tumor_promoting_inflammation,No,No,1,No
791,hoc_tumor_promoting_inflammation,No,No,1,No
792,hoc_tumor_promoting_inflammation,No,No,1,No
793,hoc_tumor_promoting_inflammation,No,No,1,No
794,hoc_tumor_promoting_inflammation,No,No,1,No
795,hoc_tumor_promoting_inflammation,No,No,1,No
796,hoc_tumor_promoting_inflammation,No,No,1,No
797,hoc_tumor_promoting_inflammation,No,No,1,No
798,hoc_tumor_promoting_inflammation,No,No,1,No
799,hoc_tumor_promoting_inflammation,Yes,Yes,1,Yes
800,hoc_tumor_promoting_inflammation,No,No,1,No
801,hoc_tumor_promoting_inflammation,No,No,1,No
802,hoc_tumor_promoting_inflammation,No,No,1,No
803,hoc_tumor_promoting_inflammation,Yes,Yes,1,Yes
804,hoc_tumor_promoting_inflammation,No,Yes,0,Yes
805,hoc_tumor_promoting_inflammation,Yes,No,0,No
806,hoc_tumor_promoting_inflammation,No,No,1,No
807,hoc_tumor_promoting_inflammation,No,No,1,No
808,hoc_tumor_promoting_inflammation,Yes,Yes,1,Yes
809,hoc_tumor_promoting_inflammation,No,No,1,No
810,hoc_tumor_promoting_inflammation,No,No,1,No
811,hoc_tumor_promoting_inflammation,No,No,1,No
812,hoc_tumor_promoting_inflammation,Yes,Yes,1,Yes
813,hoc_tumor_promoting_inflammation,No,No,1,No
814,hoc_tumor_promoting_inflammation,No,No,1,No
815,hoc_tumor_promoting_inflammation,No,No,1,No
816,hoc_tumor_promoting_inflammation,No,No,1,No
817,hoc_tumor_promoting_inflammation,No,Yes,0,Yes
818,hoc_tumor_promoting_inflammation,No,No,1,No
819,hoc_tumor_promoting_inflammation,No,No,1,No
820,hoc_tumor_promoting_inflammation,No,No,1,No
821,hoc_tumor_promoting_inflammation,No,No,1,No
822,hoc_tumor_promoting_inflammation,Yes,Yes,1,Yes
823,hoc_tumor_promoting_inflammation,No,No,1,No
824,hoc_tumor_promoting_inflammation,No,No,1,No
825,hoc_tumor_promoting_inflammation,No,No,1,No
826,hoc_tumor_promoting_inflammation,No,No,1,No
827,hoc_tumor_promoting_inflammation,Yes,No,0,No
828,hoc_tumor_promoting_inflammation,No,No,1,No
829,hoc_tumor_promoting_inflammation,No,No,1,No
830,hoc_tumor_promoting_inflammation,No,No,1,No
831,hoc_tumor_promoting_inflammation,No,No,1,No
832,hoc_tumor_promoting_inflammation,No,No,1,No
833,hoc_tumor_promoting_inflammation,No,No,1,No
834,hoc_tumor_promoting_inflammation,No,No,1,No
835,hoc_tumor_promoting_inflammation,No,No,1,No
836,hoc_tumor_promoting_inflammation,No,No,1,No
837,hoc_tumor_promoting_inflammation,No,No,1,No
838,hoc_tumor_promoting_inflammation,No,No,1,No
839,hoc_tumor_promoting_inflammation,No,No,1,No
840,hoc_tumor_promoting_inflammation,Yes,No,0,No
841,hoc_tumor_promoting_inflammation,Yes,Yes,1,Yes
842,hoc_tumor_promoting_inflammation,Yes,Yes,1,Yes
843,hoc_tumor_promoting_inflammation,No,No,1,No
844,hoc_tumor_promoting_inflammation,No,No,1,No
845,hoc_tumor_promoting_inflammation,No,No,1,No
846,hoc_tumor_promoting_inflammation,No,No,1,No
847,hoc_tumor_promoting_inflammation,No,No,1,No
848,hoc_tumor_promoting_inflammation,No,No,1,No
849,hoc_tumor_promoting_inflammation,No,No,1,No
850,hoc_tumor_promoting_inflammation,No,No,1,No
851,hoc_tumor_promoting_inflammation,No,No,1,No
852,hoc_tumor_promoting_inflammation,No,No,1,No
853,hoc_tumor_promoting_inflammation,No,No,1,No
854,hoc_tumor_promoting_inflammation,No,No,1,No
855,hoc_tumor_promoting_inflammation,No,No,1,No
856,hoc_tumor_promoting_inflammation,Yes,Yes,1,Yes
857,hoc_tumor_promoting_inflammation,No,No,1,No
858,hoc_tumor_promoting_inflammation,No,No,1,No
859,hoc_tumor_promoting_inflammation,No,Yes,0,Yes
860,hoc_tumor_promoting_inflammation,No,No,1,No
861,hoc_tumor_promoting_inflammation,No,No,1,No
862,hoc_tumor_promoting_inflammation,No,No,1,No
863,hoc_tumor_promoting_inflammation,No,No,1,No
864,hoc_tumor_promoting_inflammation,No,No,1,No
865,hoc_tumor_promoting_inflammation,No,Yes,0,Yes
866,hoc_tumor_promoting_inflammation,No,No,1,No
867,hoc_tumor_promoting_inflammation,No,No,1,No
868,hoc_tumor_promoting_inflammation,No,No,1,No
869,hoc_tumor_promoting_inflammation,No,No,1,No
870,hoc_tumor_promoting_inflammation,No,No,1,No
871,hoc_tumor_promoting_inflammation,No,No,1,No
872,hoc_tumor_promoting_inflammation,No,No,1,No
873,hoc_tumor_promoting_inflammation,No,No,1,No
874,hoc_tumor_promoting_inflammation,No,No,1,No
875,hoc_tumor_promoting_inflammation,No,No,1,No
876,hoc_tumor_promoting_inflammation,No,No,1,No
877,hoc_tumor_promoting_inflammation,Yes,Yes,1,Yes
878,hoc_tumor_promoting_inflammation,No,No,1,No
879,hoc_tumor_promoting_inflammation,No,No,1,No
880,hoc_tumor_promoting_inflammation,No,No,1,No
881,hoc_tumor_promoting_inflammation,No,No,1,No
882,hoc_tumor_promoting_inflammation,No,No,1,No
883,hoc_tumor_promoting_inflammation,No,Yes,0,Yes
884,hoc_tumor_promoting_inflammation,No,No,1,No
885,hoc_tumor_promoting_inflammation,No,No,1,No
886,hoc_tumor_promoting_inflammation,No,No,1,No
887,hoc_tumor_promoting_inflammation,No,No,1,No
888,hoc_tumor_promoting_inflammation,No,No,1,No
889,hoc_tumor_promoting_inflammation,Yes,Yes,1,Yes
890,hoc_tumor_promoting_inflammation,No,Yes,0,Yes
891,hoc_tumor_promoting_inflammation,Yes,Yes,1,Yes
892,hoc_tumor_promoting_inflammation,No,No,1,No
893,hoc_tumor_promoting_inflammation,No,No,1,No
894,hoc_tumor_promoting_inflammation,Yes,Yes,1,Yes
895,hoc_tumor_promoting_inflammation,No,No,1,No
896,hoc_tumor_promoting_inflammation,No,No,1,No
897,hoc_tumor_promoting_inflammation,No,No,1,No
898,hoc_tumor_promoting_inflammation,No,No,1,No
899,hoc_tumor_promoting_inflammation,No,No,1,No
900,hoc_tumor_promoting_inflammation,No,No,1,No
901,hoc_tumor_promoting_inflammation,No,No,1,No
902,hoc_tumor_promoting_inflammation,No,No,1,No
903,hoc_tumor_promoting_inflammation,No,No,1,No
904,hoc_tumor_promoting_inflammation,No,No,1,No
905,hoc_tumor_promoting_inflammation,No,No,1,No
906,hoc_tumor_promoting_inflammation,Yes,No,0,No
907,hoc_tumor_promoting_inflammation,No,No,1,No
908,hoc_tumor_promoting_inflammation,No,No,1,No
909,hoc_tumor_promoting_inflammation,No,No,1,No
910,hoc_tumor_promoting_inflammation,No,No,1,No
911,hoc_tumor_promoting_inflammation,No,No,1,No
912,hoc_tumor_promoting_inflammation,No,No,1,No
913,hoc_tumor_promoting_inflammation,No,No,1,No
914,hoc_tumor_promoting_inflammation,No,No,1,No
915,hoc_tumor_promoting_inflammation,No,No,1,No
916,hoc_tumor_promoting_inflammation,Yes,Yes,1,Yes
917,hoc_tumor_promoting_inflammation,No,No,1,No
918,hoc_tumor_promoting_inflammation,No,No,1,No
919,hoc_tumor_promoting_inflammation,Yes,No,0,No
920,hoc_tumor_promoting_inflammation,No,No,1,No
921,hoc_tumor_promoting_inflammation,No,No,1,No
922,hoc_tumor_promoting_inflammation,No,Yes,0,Yes
923,hoc_tumor_promoting_inflammation,Yes,No,0,No
924,hoc_tumor_promoting_inflammation,No,No,1,No
925,hoc_tumor_promoting_inflammation,No,No,1,No
926,hoc_tumor_promoting_inflammation,No,No,1,No
927,hoc_tumor_promoting_inflammation,Yes,Yes,1,Yes
928,hoc_tumor_promoting_inflammation,Yes,No,0,No
929,hoc_tumor_promoting_inflammation,No,No,1,No
930,hoc_tumor_promoting_inflammation,No,No,1,No
931,hoc_tumor_promoting_inflammation,No,No,1,No
932,hoc_tumor_promoting_inflammation,Yes,No,0,No
933,hoc_tumor_promoting_inflammation,No,No,1,No
934,hoc_tumor_promoting_inflammation,No,No,1,No
935,hoc_tumor_promoting_inflammation,No,No,1,No
936,hoc_tumor_promoting_inflammation,No,No,1,No
937,hoc_tumor_promoting_inflammation,No,No,1,No
938,hoc_tumor_promoting_inflammation,No,No,1,No
939,hoc_tumor_promoting_inflammation,No,No,1,No
940,hoc_tumor_promoting_inflammation,No,No,1,No
941,hoc_tumor_promoting_inflammation,No,No,1,No
942,hoc_tumor_promoting_inflammation,No,No,1,No
943,hoc_tumor_promoting_inflammation,Yes,No,0,No
944,hoc_tumor_promoting_inflammation,No,No,1,No
945,hoc_tumor_promoting_inflammation,No,No,1,No
946,hoc_tumor_promoting_inflammation,No,No,1,No
947,hoc_tumor_promoting_inflammation,No,No,1,No
948,hoc_tumor_promoting_inflammation,Yes,No,0,No
949,hoc_tumor_promoting_inflammation,No,No,1,No
950,hoc_tumor_promoting_inflammation,No,No,1,No
951,hoc_tumor_promoting_inflammation,No,No,1,No
952,hoc_tumor_promoting_inflammation,No,No,1,No
953,hoc_tumor_promoting_inflammation,No,No,1,No
954,hoc_tumor_promoting_inflammation,No,No,1,No
955,hoc_tumor_promoting_inflammation,No,No,1,No
956,hoc_tumor_promoting_inflammation,No,No,1,No
957,hoc_tumor_promoting_inflammation,No,No,1,No
958,hoc_tumor_promoting_inflammation,No,No,1,No
959,hoc_tumor_promoting_inflammation,No,No,1,No
960,hoc_tumor_promoting_inflammation,No,No,1,No
961,hoc_tumor_promoting_inflammation,No,No,1,No
962,hoc_tumor_promoting_inflammation,Yes,No,0,No
963,hoc_tumor_promoting_inflammation,No,No,1,No
964,hoc_tumor_promoting_inflammation,No,No,1,No
965,hoc_tumor_promoting_inflammation,No,No,1,No
966,hoc_tumor_promoting_inflammation,No,No,1,No
967,hoc_tumor_promoting_inflammation,No,No,1,No
968,hoc_tumor_promoting_inflammation,No,No,1,No
969,hoc_tumor_promoting_inflammation,No,No,1,No
970,hoc_tumor_promoting_inflammation,No,No,1,No
971,hoc_tumor_promoting_inflammation,No,No,1,No
972,hoc_tumor_promoting_inflammation,No,No,1,No
973,hoc_tumor_promoting_inflammation,No,No,1,No
974,hoc_tumor_promoting_inflammation,No,No,1,No
975,hoc_tumor_promoting_inflammation,No,No,1,No
976,hoc_tumor_promoting_inflammation,No,No,1,No
977,hoc_tumor_promoting_inflammation,Yes,Yes,1,Yes
978,hoc_tumor_promoting_inflammation,No,No,1,No
979,hoc_tumor_promoting_inflammation,No,No,1,No
980,hoc_tumor_promoting_inflammation,No,No,1,No
981,hoc_tumor_promoting_inflammation,No,No,1,No
982,hoc_tumor_promoting_inflammation,No,No,1,No
983,hoc_tumor_promoting_inflammation,No,No,1,No
984,hoc_tumor_promoting_inflammation,No,No,1,No
985,hoc_tumor_promoting_inflammation,No,No,1,No
986,hoc_tumor_promoting_inflammation,No,No,1,No
987,hoc_tumor_promoting_inflammation,No,No,1,No
988,hoc_tumor_promoting_inflammation,No,No,1,No
989,hoc_tumor_promoting_inflammation,No,No,1,No
990,hoc_tumor_promoting_inflammation,No,No,1,No
991,hoc_tumor_promoting_inflammation,Yes,No,0,No
992,hoc_tumor_promoting_inflammation,No,No,1,No
993,hoc_tumor_promoting_inflammation,No,No,1,No
994,hoc_tumor_promoting_inflammation,No,No,1,No
995,hoc_tumor_promoting_inflammation,Yes,Yes,1,Yes
996,hoc_tumor_promoting_inflammation,No,No,1,No
997,hoc_tumor_promoting_inflammation,No,No,1,No
998,hoc_tumor_promoting_inflammation,No,No,1,No
999,hoc_tumor_promoting_inflammation,No,No,1,No
1000,hoc_tumor_promoting_inflammation,No,No,1,No
1001,hoc_tumor_promoting_inflammation,No,No,1,No
1002,hoc_tumor_promoting_inflammation,No,No,1,No
1003,hoc_tumor_promoting_inflammation,No,No,1,No
1004,hoc_tumor_promoting_inflammation,No,No,1,No
1005,hoc_tumor_promoting_inflammation,No,No,1,No
1006,hoc_tumor_promoting_inflammation,No,No,1,No
1007,hoc_tumor_promoting_inflammation,No,No,1,No
1008,hoc_tumor_promoting_inflammation,No,No,1,No
1009,hoc_tumor_promoting_inflammation,Yes,Yes,1,Yes
1010,hoc_tumor_promoting_inflammation,No,No,1,No
1011,hoc_tumor_promoting_inflammation,No,No,1,No
1012,hoc_tumor_promoting_inflammation,Yes,Yes,1,Yes
1013,hoc_tumor_promoting_inflammation,No,No,1,No
1014,hoc_tumor_promoting_inflammation,No,No,1,No
1015,hoc_tumor_promoting_inflammation,No,No,1,No
1016,hoc_tumor_promoting_inflammation,No,No,1,No
1017,hoc_tumor_promoting_inflammation,No,No,1,No
1018,hoc_tumor_promoting_inflammation,No,No,1,No
1019,hoc_tumor_promoting_inflammation,Yes,No,0,No
1020,hoc_tumor_promoting_inflammation,No,No,1,No
1021,hoc_tumor_promoting_inflammation,No,No,1,No
1022,hoc_tumor_promoting_inflammation,No,No,1,No
1023,hoc_tumor_promoting_inflammation,No,No,1,No
1024,hoc_tumor_promoting_inflammation,No,No,1,No
1025,hoc_tumor_promoting_inflammation,No,No,1,No
1026,hoc_tumor_promoting_inflammation,No,No,1,No
1027,hoc_tumor_promoting_inflammation,No,No,1,No
1028,hoc_tumor_promoting_inflammation,No,No,1,No
1029,hoc_tumor_promoting_inflammation,No,Yes,0,Yes
1030,hoc_tumor_promoting_inflammation,No,No,1,No
1031,hoc_tumor_promoting_inflammation,No,No,1,No
1032,hoc_tumor_promoting_inflammation,No,No,1,No
1033,hoc_tumor_promoting_inflammation,No,No,1,No
1034,hoc_tumor_promoting_inflammation,No,No,1,No
1035,hoc_tumor_promoting_inflammation,No,No,1,No
1036,hoc_tumor_promoting_inflammation,No,No,1,No
1037,hoc_tumor_promoting_inflammation,No,No,1,No
1038,hoc_tumor_promoting_inflammation,No,No,1,No
1039,hoc_tumor_promoting_inflammation,No,No,1,No
1040,hoc_tumor_promoting_inflammation,No,No,1,No
1041,hoc_tumor_promoting_inflammation,No,No,1,No
1042,hoc_tumor_promoting_inflammation,No,No,1,No
1043,hoc_tumor_promoting_inflammation,No,No,1,No
1044,hoc_tumor_promoting_inflammation,Yes,Yes,1,Yes
1045,hoc_tumor_promoting_inflammation,No,No,1,No
1046,hoc_tumor_promoting_inflammation,No,No,1,No
1047,hoc_tumor_promoting_inflammation,No,No,1,No
1048,hoc_tumor_promoting_inflammation,No,Yes,0,Yes
1049,hoc_tumor_promoting_inflammation,No,No,1,No
1050,hoc_tumor_promoting_inflammation,No,No,1,No
1051,hoc_tumor_promoting_inflammation,No,No,1,No
1052,hoc_tumor_promoting_inflammation,No,No,1,No
1053,hoc_tumor_promoting_inflammation,No,No,1,No
1054,hoc_tumor_promoting_inflammation,No,No,1,No
1055,hoc_tumor_promoting_inflammation,No,No,1,No
1056,hoc_tumor_promoting_inflammation,No,No,1,No
1057,hoc_tumor_promoting_inflammation,No,No,1,No
1058,hoc_tumor_promoting_inflammation,No,No,1,No
1059,hoc_tumor_promoting_inflammation,No,No,1,No
1060,hoc_tumor_promoting_inflammation,No,No,1,No
1061,hoc_tumor_promoting_inflammation,No,No,1,No
1062,hoc_tumor_promoting_inflammation,No,No,1,No
1063,hoc_tumor_promoting_inflammation,No,No,1,No
1064,hoc_tumor_promoting_inflammation,No,No,1,No
1065,hoc_tumor_promoting_inflammation,Yes,No,0,No
1066,hoc_tumor_promoting_inflammation,No,No,1,No
1067,hoc_tumor_promoting_inflammation,No,No,1,No
1068,hoc_tumor_promoting_inflammation,No,No,1,No
1069,hoc_tumor_promoting_inflammation,No,No,1,No
1070,hoc_tumor_promoting_inflammation,No,No,1,No
1071,hoc_tumor_promoting_inflammation,No,No,1,No
1072,hoc_tumor_promoting_inflammation,No,No,1,No
1073,hoc_tumor_promoting_inflammation,No,No,1,No
1074,hoc_tumor_promoting_inflammation,No,No,1,No
1075,hoc_tumor_promoting_inflammation,No,No,1,No
1076,hoc_tumor_promoting_inflammation,Yes,No,0,No
1077,hoc_tumor_promoting_inflammation,No,No,1,No
1078,hoc_tumor_promoting_inflammation,No,No,1,No
1079,hoc_tumor_promoting_inflammation,No,No,1,No
1080,hoc_tumor_promoting_inflammation,No,No,1,No
1081,hoc_tumor_promoting_inflammation,Yes,No,0,No
1082,hoc_tumor_promoting_inflammation,No,No,1,No
1083,hoc_tumor_promoting_inflammation,No,No,1,No
1084,hoc_tumor_promoting_inflammation,No,No,1,No
1085,hoc_tumor_promoting_inflammation,No,No,1,No
1086,hoc_tumor_promoting_inflammation,No,No,1,No
1087,hoc_tumor_promoting_inflammation,No,No,1,No
1088,hoc_tumor_promoting_inflammation,No,No,1,No
1089,hoc_tumor_promoting_inflammation,No,No,1,No
1090,hoc_tumor_promoting_inflammation,No,No,1,No
1091,hoc_tumor_promoting_inflammation,Yes,No,0,No
1092,hoc_tumor_promoting_inflammation,No,No,1,No
1093,hoc_tumor_promoting_inflammation,No,No,1,No
1094,hoc_tumor_promoting_inflammation,Yes,Yes,1,Yes
1095,hoc_tumor_promoting_inflammation,No,No,1,No
1096,hoc_tumor_promoting_inflammation,No,No,1,No
1097,hoc_tumor_promoting_inflammation,No,No,1,No
1098,hoc_tumor_promoting_inflammation,No,No,1,No
1099,hoc_tumor_promoting_inflammation,No,No,1,No
1100,hoc_tumor_promoting_inflammation,No,No,1,No
1101,hoc_tumor_promoting_inflammation,No,No,1,No
1102,hoc_tumor_promoting_inflammation,No,No,1,No
1103,hoc_tumor_promoting_inflammation,No,No,1,No
1104,hoc_tumor_promoting_inflammation,No,No,1,No
1105,hoc_tumor_promoting_inflammation,No,No,1,No
1106,hoc_tumor_promoting_inflammation,No,No,1,No
1107,hoc_tumor_promoting_inflammation,No,No,1,No
1108,hoc_tumor_promoting_inflammation,No,Yes,0,Yes
1109,hoc_tumor_promoting_inflammation,No,No,1,No
1110,hoc_tumor_promoting_inflammation,No,No,1,No
1111,hoc_tumor_promoting_inflammation,No,No,1,No
1112,hoc_tumor_promoting_inflammation,No,No,1,No
1113,hoc_tumor_promoting_inflammation,No,No,1,No
1114,hoc_tumor_promoting_inflammation,No,No,1,No
1115,hoc_tumor_promoting_inflammation,No,No,1,No
1116,hoc_tumor_promoting_inflammation,Yes,No,0,No
1117,hoc_tumor_promoting_inflammation,No,No,1,No
1118,hoc_tumor_promoting_inflammation,No,No,1,No
1119,hoc_tumor_promoting_inflammation,No,No,1,No
1120,hoc_tumor_promoting_inflammation,Yes,Yes,1,Yes
1121,hoc_tumor_promoting_inflammation,No,No,1,No
1122,hoc_tumor_promoting_inflammation,Yes,Yes,1,Yes
1123,hoc_tumor_promoting_inflammation,No,No,1,No
1124,hoc_tumor_promoting_inflammation,No,No,1,No
1125,hoc_tumor_promoting_inflammation,No,No,1,No
1126,hoc_tumor_promoting_inflammation,No,No,1,No
1127,hoc_tumor_promoting_inflammation,No,No,1,No
1128,hoc_tumor_promoting_inflammation,No,No,1,No
1129,hoc_tumor_promoting_inflammation,No,No,1,No
1130,hoc_tumor_promoting_inflammation,No,No,1,No
1131,hoc_tumor_promoting_inflammation,No,No,1,No
1132,hoc_tumor_promoting_inflammation,No,No,1,No
1133,hoc_tumor_promoting_inflammation,No,No,1,No
1134,hoc_tumor_promoting_inflammation,No,No,1,No
1135,hoc_tumor_promoting_inflammation,No,No,1,No
1136,hoc_tumor_promoting_inflammation,No,No,1,No
1137,hoc_tumor_promoting_inflammation,No,No,1,No
1138,hoc_tumor_promoting_inflammation,No,No,1,No
1139,hoc_tumor_promoting_inflammation,No,No,1,No
1140,hoc_tumor_promoting_inflammation,No,No,1,No
1141,hoc_tumor_promoting_inflammation,No,No,1,No
1142,hoc_tumor_promoting_inflammation,No,No,1,No
1143,hoc_tumor_promoting_inflammation,No,No,1,No
1144,hoc_tumor_promoting_inflammation,No,No,1,No
1145,hoc_tumor_promoting_inflammation,No,No,1,No
1146,hoc_tumor_promoting_inflammation,No,No,1,No
1147,hoc_tumor_promoting_inflammation,No,No,1,No
1148,hoc_tumor_promoting_inflammation,Yes,Yes,1,Yes
1149,hoc_tumor_promoting_inflammation,No,No,1,No
1150,hoc_tumor_promoting_inflammation,Yes,Yes,1,Yes
1151,hoc_tumor_promoting_inflammation,No,No,1,No
1152,hoc_tumor_promoting_inflammation,No,No,1,No
1153,hoc_tumor_promoting_inflammation,No,No,1,No
1154,hoc_tumor_promoting_inflammation,No,No,1,No
1155,hoc_tumor_promoting_inflammation,No,No,1,No
1156,hoc_tumor_promoting_inflammation,No,No,1,No
1157,hoc_tumor_promoting_inflammation,No,No,1,No
1158,hoc_tumor_promoting_inflammation,No,No,1,No
1159,hoc_tumor_promoting_inflammation,Yes,No,0,No
1160,hoc_tumor_promoting_inflammation,No,No,1,No
1161,hoc_tumor_promoting_inflammation,No,No,1,No
1162,hoc_tumor_promoting_inflammation,No,No,1,No
1163,hoc_tumor_promoting_inflammation,No,No,1,No
1164,hoc_tumor_promoting_inflammation,No,No,1,No
1165,hoc_tumor_promoting_inflammation,No,No,1,No
1166,hoc_tumor_promoting_inflammation,No,No,1,No
1167,hoc_tumor_promoting_inflammation,No,No,1,No
1168,hoc_tumor_promoting_inflammation,No,No,1,No
1169,hoc_tumor_promoting_inflammation,No,No,1,No
1170,hoc_tumor_promoting_inflammation,No,No,1,No
1171,hoc_tumor_promoting_inflammation,No,No,1,No
1172,hoc_tumor_promoting_inflammation,No,No,1,No
1173,hoc_tumor_promoting_inflammation,No,No,1,No
1174,hoc_tumor_promoting_inflammation,No,No,1,No
1175,hoc_tumor_promoting_inflammation,No,No,1,No
1176,hoc_tumor_promoting_inflammation,No,No,1,No
1177,hoc_tumor_promoting_inflammation,No,No,1,No
1178,hoc_tumor_promoting_inflammation,No,No,1,No
1179,hoc_tumor_promoting_inflammation,No,No,1,No
1180,hoc_tumor_promoting_inflammation,No,No,1,No
1181,hoc_tumor_promoting_inflammation,No,No,1,No
1182,hoc_tumor_promoting_inflammation,No,No,1,No
1183,hoc_tumor_promoting_inflammation,No,No,1,No
1184,hoc_tumor_promoting_inflammation,No,No,1,No
1185,hoc_tumor_promoting_inflammation,No,No,1,No
1186,hoc_tumor_promoting_inflammation,No,No,1,No
1187,hoc_tumor_promoting_inflammation,No,No,1,No
1188,hoc_tumor_promoting_inflammation,No,No,1,No
1189,hoc_tumor_promoting_inflammation,No,No,1,No
1190,hoc_tumor_promoting_inflammation,No,No,1,No
1191,hoc_tumor_promoting_inflammation,No,No,1,No
1192,hoc_tumor_promoting_inflammation,Yes,Yes,1,Yes
1193,hoc_tumor_promoting_inflammation,No,No,1,No
1194,hoc_tumor_promoting_inflammation,No,No,1,No
1195,hoc_tumor_promoting_inflammation,No,No,1,No
1196,hoc_tumor_promoting_inflammation,No,No,1,No
1197,hoc_tumor_promoting_inflammation,No,No,1,No
1198,hoc_tumor_promoting_inflammation,No,No,1,No
1199,hoc_tumor_promoting_inflammation,No,Yes,0,Yes
1200,hoc_tumor_promoting_inflammation,No,No,1,No
1201,hoc_tumor_promoting_inflammation,No,No,1,No
1202,hoc_tumor_promoting_inflammation,No,No,1,No
1203,hoc_tumor_promoting_inflammation,No,No,1,No
1204,hoc_tumor_promoting_inflammation,No,No,1,No
1205,hoc_tumor_promoting_inflammation,No,No,1,No
1206,hoc_tumor_promoting_inflammation,No,No,1,No
1207,hoc_tumor_promoting_inflammation,No,No,1,No
1208,hoc_tumor_promoting_inflammation,No,No,1,No
1209,hoc_tumor_promoting_inflammation,No,No,1,No
1210,hoc_tumor_promoting_inflammation,No,No,1,No
1211,hoc_tumor_promoting_inflammation,No,No,1,No
1212,hoc_tumor_promoting_inflammation,No,No,1,No
1213,hoc_tumor_promoting_inflammation,No,No,1,No
1214,hoc_tumor_promoting_inflammation,No,No,1,No
1215,hoc_tumor_promoting_inflammation,No,No,1,No
1216,hoc_tumor_promoting_inflammation,No,No,1,No
1217,hoc_tumor_promoting_inflammation,No,No,1,No
1218,hoc_tumor_promoting_inflammation,No,No,1,No
1219,hoc_tumor_promoting_inflammation,No,No,1,No
1220,hoc_tumor_promoting_inflammation,No,No,1,No
1221,hoc_tumor_promoting_inflammation,Yes,Yes,1,Yes
1222,hoc_tumor_promoting_inflammation,No,No,1,No
1223,hoc_tumor_promoting_inflammation,No,No,1,No
1224,hoc_tumor_promoting_inflammation,No,No,1,No
1225,hoc_tumor_promoting_inflammation,No,No,1,No
1226,hoc_tumor_promoting_inflammation,No,No,1,No
1227,hoc_tumor_promoting_inflammation,No,No,1,No
1228,hoc_tumor_promoting_inflammation,No,Yes,0,Yes
1229,hoc_tumor_promoting_inflammation,No,Yes,0,Yes
1230,hoc_tumor_promoting_inflammation,No,No,1,No
1231,hoc_tumor_promoting_inflammation,No,No,1,No
1232,hoc_tumor_promoting_inflammation,No,No,1,No
1233,hoc_tumor_promoting_inflammation,No,No,1,No
1234,hoc_tumor_promoting_inflammation,No,No,1,No
1235,hoc_tumor_promoting_inflammation,No,No,1,No
1236,hoc_tumor_promoting_inflammation,No,No,1,No
1237,hoc_tumor_promoting_inflammation,No,No,1,No
1238,hoc_tumor_promoting_inflammation,No,No,1,No
1239,hoc_tumor_promoting_inflammation,No,No,1,No
1240,hoc_tumor_promoting_inflammation,No,No,1,No
1241,hoc_tumor_promoting_inflammation,No,No,1,No
1242,hoc_tumor_promoting_inflammation,No,No,1,No
1243,hoc_tumor_promoting_inflammation,No,No,1,No
1244,hoc_tumor_promoting_inflammation,No,No,1,No
1245,hoc_tumor_promoting_inflammation,No,No,1,No
1246,hoc_tumor_promoting_inflammation,No,No,1,No
1247,hoc_tumor_promoting_inflammation,No,No,1,No
1248,hoc_tumor_promoting_inflammation,No,No,1,No
1249,hoc_tumor_promoting_inflammation,Yes,No,0,No
1250,hoc_tumor_promoting_inflammation,No,No,1,No
1251,hoc_tumor_promoting_inflammation,No,No,1,No
1252,hoc_tumor_promoting_inflammation,No,No,1,No
1253,hoc_tumor_promoting_inflammation,No,No,1,No
1254,hoc_tumor_promoting_inflammation,No,No,1,No
1255,hoc_tumor_promoting_inflammation,No,No,1,No
1256,hoc_tumor_promoting_inflammation,No,No,1,No
1257,hoc_tumor_promoting_inflammation,No,Yes,0,Yes
1258,hoc_tumor_promoting_inflammation,No,No,1,No
1259,hoc_tumor_promoting_inflammation,No,No,1,No
1260,hoc_tumor_promoting_inflammation,No,No,1,No
1261,hoc_tumor_promoting_inflammation,No,No,1,No
1262,hoc_tumor_promoting_inflammation,No,No,1,No
1263,hoc_tumor_promoting_inflammation,No,No,1,No
1264,hoc_tumor_promoting_inflammation,No,No,1,No
1265,hoc_tumor_promoting_inflammation,No,No,1,No
1266,hoc_tumor_promoting_inflammation,No,No,1,No
1267,hoc_tumor_promoting_inflammation,No,No,1,No
1268,hoc_tumor_promoting_inflammation,No,No,1,No
1269,hoc_tumor_promoting_inflammation,No,No,1,No
1270,hoc_tumor_promoting_inflammation,No,No,1,No
1271,hoc_tumor_promoting_inflammation,No,No,1,No
1272,hoc_tumor_promoting_inflammation,No,No,1,No
1273,hoc_tumor_promoting_inflammation,No,No,1,No
1274,hoc_tumor_promoting_inflammation,No,No,1,No
1275,hoc_tumor_promoting_inflammation,No,No,1,No
1276,hoc_tumor_promoting_inflammation,No,No,1,No
1277,hoc_tumor_promoting_inflammation,Yes,Yes,1,Yes
1278,hoc_tumor_promoting_inflammation,No,No,1,No
1279,hoc_tumor_promoting_inflammation,Yes,No,0,No
1280,hoc_tumor_promoting_inflammation,No,No,1,No
1281,hoc_tumor_promoting_inflammation,No,No,1,No
1282,hoc_tumor_promoting_inflammation,No,No,1,No
1283,hoc_tumor_promoting_inflammation,No,Yes,0,Yes
1284,hoc_tumor_promoting_inflammation,No,No,1,No
1285,hoc_tumor_promoting_inflammation,No,No,1,No
1286,hoc_tumor_promoting_inflammation,No,No,1,No
1287,hoc_tumor_promoting_inflammation,No,No,1,No
1288,hoc_tumor_promoting_inflammation,No,No,1,No
1289,hoc_tumor_promoting_inflammation,No,No,1,No
1290,hoc_tumor_promoting_inflammation,No,No,1,No
1291,hoc_tumor_promoting_inflammation,Yes,Yes,1,Yes
1292,hoc_tumor_promoting_inflammation,No,No,1,No
1293,hoc_tumor_promoting_inflammation,No,Yes,0,Yes
1294,hoc_tumor_promoting_inflammation,No,No,1,No
1295,hoc_tumor_promoting_inflammation,No,No,1,No
1296,hoc_tumor_promoting_inflammation,No,No,1,No
1297,hoc_tumor_promoting_inflammation,No,No,1,No
1298,hoc_tumor_promoting_inflammation,No,No,1,No
1299,hoc_tumor_promoting_inflammation,No,No,1,No
1300,hoc_tumor_promoting_inflammation,No,No,1,No
1301,hoc_tumor_promoting_inflammation,No,No,1,No
1302,hoc_tumor_promoting_inflammation,No,No,1,No
1303,hoc_tumor_promoting_inflammation,No,No,1,No
1304,hoc_tumor_promoting_inflammation,No,No,1,No
1305,hoc_tumor_promoting_inflammation,No,No,1,No
1306,hoc_tumor_promoting_inflammation,No,No,1,No
1307,hoc_tumor_promoting_inflammation,Yes,No,0,No
1308,hoc_tumor_promoting_inflammation,No,No,1,No
1309,hoc_tumor_promoting_inflammation,No,No,1,No
1310,hoc_tumor_promoting_inflammation,No,No,1,No
1311,hoc_tumor_promoting_inflammation,No,No,1,No
1312,hoc_tumor_promoting_inflammation,No,No,1,No
1313,hoc_tumor_promoting_inflammation,No,No,1,No
1314,hoc_tumor_promoting_inflammation,No,No,1,No
1315,hoc_tumor_promoting_inflammation,No,No,1,No
1316,hoc_tumor_promoting_inflammation,No,No,1,No
1317,hoc_tumor_promoting_inflammation,No,No,1,No
1318,hoc_tumor_promoting_inflammation,No,No,1,No
1319,hoc_tumor_promoting_inflammation,No,No,1,No
1320,hoc_tumor_promoting_inflammation,No,No,1,No
1321,hoc_tumor_promoting_inflammation,No,No,1,No
1322,hoc_tumor_promoting_inflammation,No,No,1,No
1323,hoc_tumor_promoting_inflammation,No,No,1,No
1324,hoc_tumor_promoting_inflammation,No,No,1,No
1325,hoc_tumor_promoting_inflammation,No,No,1,No
1326,hoc_tumor_promoting_inflammation,No,Yes,0,Yes
1327,hoc_tumor_promoting_inflammation,No,No,1,No
1328,hoc_tumor_promoting_inflammation,No,No,1,No
1329,hoc_tumor_promoting_inflammation,No,No,1,No
1330,hoc_tumor_promoting_inflammation,No,No,1,No
1331,hoc_tumor_promoting_inflammation,No,No,1,No
1332,hoc_tumor_promoting_inflammation,No,No,1,No
1333,hoc_tumor_promoting_inflammation,No,No,1,No
1334,hoc_tumor_promoting_inflammation,No,No,1,No
1335,hoc_tumor_promoting_inflammation,No,No,1,No
1336,hoc_tumor_promoting_inflammation,No,No,1,No
1337,hoc_tumor_promoting_inflammation,No,No,1,No
1338,hoc_tumor_promoting_inflammation,No,Yes,0,Yes
1339,hoc_tumor_promoting_inflammation,No,No,1,No
1340,hoc_tumor_promoting_inflammation,No,No,1,No
1341,hoc_tumor_promoting_inflammation,No,No,1,No
1342,hoc_tumor_promoting_inflammation,No,No,1,No
1343,hoc_tumor_promoting_inflammation,No,No,1,No
1344,hoc_tumor_promoting_inflammation,No,No,1,No
1345,hoc_tumor_promoting_inflammation,No,No,1,No
1346,hoc_tumor_promoting_inflammation,No,No,1,No
1347,hoc_tumor_promoting_inflammation,No,No,1,No
1348,hoc_tumor_promoting_inflammation,No,No,1,No
1349,hoc_tumor_promoting_inflammation,Yes,No,0,No
1350,hoc_tumor_promoting_inflammation,No,No,1,No
1351,hoc_tumor_promoting_inflammation,No,No,1,No
1352,hoc_tumor_promoting_inflammation,No,No,1,No
1353,hoc_tumor_promoting_inflammation,No,Yes,0,Yes
1354,hoc_tumor_promoting_inflammation,No,No,1,No
1355,hoc_tumor_promoting_inflammation,No,No,1,No
1356,hoc_tumor_promoting_inflammation,Yes,Yes,1,Yes
1357,hoc_tumor_promoting_inflammation,Yes,No,0,No
1358,hoc_tumor_promoting_inflammation,No,No,1,No
1359,hoc_tumor_promoting_inflammation,No,No,1,No
1360,hoc_tumor_promoting_inflammation,No,No,1,No
1361,hoc_tumor_promoting_inflammation,Yes,Yes,1,Yes
1362,hoc_tumor_promoting_inflammation,No,No,1,No
1363,hoc_tumor_promoting_inflammation,No,No,1,No
1364,hoc_tumor_promoting_inflammation,Yes,No,0,No
1365,hoc_tumor_promoting_inflammation,No,No,1,No
1366,hoc_tumor_promoting_inflammation,No,No,1,No
1367,hoc_tumor_promoting_inflammation,No,No,1,No
1368,hoc_tumor_promoting_inflammation,No,No,1,No
1369,hoc_tumor_promoting_inflammation,No,No,1,No
1370,hoc_tumor_promoting_inflammation,Yes,Yes,1,Yes
1371,hoc_tumor_promoting_inflammation,No,No,1,No
1372,hoc_tumor_promoting_inflammation,No,No,1,No
1373,hoc_tumor_promoting_inflammation,No,No,1,No
1374,hoc_tumor_promoting_inflammation,No,No,1,No
1375,hoc_tumor_promoting_inflammation,No,Yes,0,Yes
1376,hoc_tumor_promoting_inflammation,No,No,1,No
1377,hoc_tumor_promoting_inflammation,No,Yes,0,Yes
1378,hoc_tumor_promoting_inflammation,Yes,No,0,No
1379,hoc_tumor_promoting_inflammation,No,Yes,0,Yes
1380,hoc_tumor_promoting_inflammation,No,No,1,No
1381,hoc_tumor_promoting_inflammation,No,Yes,0,Yes
1382,hoc_tumor_promoting_inflammation,No,No,1,No
1383,hoc_tumor_promoting_inflammation,No,No,1,No
1384,hoc_tumor_promoting_inflammation,No,No,1,No
1385,hoc_tumor_promoting_inflammation,No,Yes,0,Yes
1386,hoc_tumor_promoting_inflammation,No,No,1,No
1387,hoc_tumor_promoting_inflammation,No,No,1,No
1388,hoc_tumor_promoting_inflammation,No,No,1,No
1389,hoc_tumor_promoting_inflammation,No,Yes,0,Yes
1390,hoc_tumor_promoting_inflammation,Yes,No,0,No
1391,hoc_tumor_promoting_inflammation,No,No,1,No
1392,hoc_tumor_promoting_inflammation,No,Yes,0,Yes
1393,hoc_tumor_promoting_inflammation,No,No,1,No
1394,hoc_tumor_promoting_inflammation,No,No,1,No
1395,hoc_tumor_promoting_inflammation,No,No,1,No
1396,hoc_tumor_promoting_inflammation,No,Yes,0,Yes
1397,hoc_tumor_promoting_inflammation,No,No,1,No
1398,hoc_tumor_promoting_inflammation,No,No,1,No
1399,hoc_tumor_promoting_inflammation,No,No,1,No
1400,hoc_tumor_promoting_inflammation,No,No,1,No
1401,hoc_tumor_promoting_inflammation,No,No,1,No
1402,hoc_tumor_promoting_inflammation,No,No,1,No
1403,hoc_tumor_promoting_inflammation,Yes,Yes,1,Yes
1404,hoc_tumor_promoting_inflammation,No,No,1,No
1405,hoc_tumor_promoting_inflammation,No,No,1,No
1406,hoc_tumor_promoting_inflammation,No,No,1,No
1407,hoc_tumor_promoting_inflammation,No,No,1,No
1408,hoc_tumor_promoting_inflammation,No,No,1,No
1409,hoc_tumor_promoting_inflammation,No,No,1,No
1410,hoc_tumor_promoting_inflammation,No,No,1,No
1411,hoc_tumor_promoting_inflammation,No,No,1,No
1412,hoc_tumor_promoting_inflammation,No,No,1,No
1413,hoc_tumor_promoting_inflammation,Yes,Yes,1,Yes
1414,hoc_tumor_promoting_inflammation,No,No,1,No
1415,hoc_tumor_promoting_inflammation,No,No,1,No
1416,hoc_tumor_promoting_inflammation,No,No,1,No
1417,hoc_tumor_promoting_inflammation,Yes,No,0,No
1418,hoc_tumor_promoting_inflammation,No,No,1,No
1419,hoc_tumor_promoting_inflammation,Yes,Yes,1,Yes
1420,hoc_tumor_promoting_inflammation,No,No,1,No
1421,hoc_tumor_promoting_inflammation,No,No,1,No
1422,hoc_tumor_promoting_inflammation,No,No,1,No
1423,hoc_tumor_promoting_inflammation,No,No,1,No
1424,hoc_tumor_promoting_inflammation,No,No,1,No
1425,hoc_tumor_promoting_inflammation,No,No,1,No
1426,hoc_tumor_promoting_inflammation,No,Yes,0,Yes
1427,hoc_tumor_promoting_inflammation,No,No,1,No
1428,hoc_tumor_promoting_inflammation,No,No,1,No
1429,hoc_tumor_promoting_inflammation,Yes,Yes,1,Yes
1430,hoc_tumor_promoting_inflammation,No,No,1,No
1431,hoc_tumor_promoting_inflammation,No,Yes,0,Yes
1432,hoc_tumor_promoting_inflammation,No,No,1,No
1433,hoc_tumor_promoting_inflammation,No,No,1,No
1434,hoc_tumor_promoting_inflammation,Yes,Yes,1,Yes
1435,hoc_tumor_promoting_inflammation,No,No,1,No
1436,hoc_tumor_promoting_inflammation,No,No,1,No
1437,hoc_tumor_promoting_inflammation,No,No,1,No
1438,hoc_tumor_promoting_inflammation,No,No,1,No
1439,hoc_tumor_promoting_inflammation,No,No,1,No
1440,hoc_tumor_promoting_inflammation,No,No,1,No
1441,hoc_tumor_promoting_inflammation,No,No,1,No
1442,hoc_tumor_promoting_inflammation,No,No,1,No
1443,hoc_tumor_promoting_inflammation,No,No,1,No
1444,hoc_tumor_promoting_inflammation,No,No,1,No
1445,hoc_tumor_promoting_inflammation,No,Yes,0,Yes
1446,hoc_tumor_promoting_inflammation,No,No,1,No
1447,hoc_tumor_promoting_inflammation,No,No,1,No
1448,hoc_tumor_promoting_inflammation,No,No,1,No
1449,hoc_tumor_promoting_inflammation,No,No,1,No
1450,hoc_tumor_promoting_inflammation,No,No,1,No
1451,hoc_tumor_promoting_inflammation,No,No,1,No
1452,hoc_tumor_promoting_inflammation,No,No,1,No
1453,hoc_tumor_promoting_inflammation,No,No,1,No
1454,hoc_tumor_promoting_inflammation,No,No,1,No
1455,hoc_tumor_promoting_inflammation,No,No,1,No
1456,hoc_tumor_promoting_inflammation,Yes,No,0,No
1457,hoc_tumor_promoting_inflammation,No,No,1,No
1458,hoc_tumor_promoting_inflammation,No,No,1,No
1459,hoc_tumor_promoting_inflammation,No,No,1,No
1460,hoc_tumor_promoting_inflammation,Yes,No,0,No
1461,hoc_tumor_promoting_inflammation,No,No,1,No
1462,hoc_tumor_promoting_inflammation,Yes,No,0,No
1463,hoc_tumor_promoting_inflammation,No,No,1,No
1464,hoc_tumor_promoting_inflammation,No,No,1,No
1465,hoc_tumor_promoting_inflammation,No,No,1,No
1466,hoc_tumor_promoting_inflammation,No,No,1,No
1467,hoc_tumor_promoting_inflammation,No,No,1,No
1468,hoc_tumor_promoting_inflammation,No,No,1,No
1469,hoc_tumor_promoting_inflammation,No,No,1,No
1470,hoc_tumor_promoting_inflammation,No,No,1,No
1471,hoc_tumor_promoting_inflammation,No,No,1,No
1472,hoc_tumor_promoting_inflammation,No,No,1,No
1473,hoc_tumor_promoting_inflammation,No,No,1,No
1474,hoc_tumor_promoting_inflammation,No,No,1,No
1475,hoc_tumor_promoting_inflammation,Yes,Yes,1,Yes
1476,hoc_tumor_promoting_inflammation,No,No,1,No
1477,hoc_tumor_promoting_inflammation,No,No,1,No
1478,hoc_tumor_promoting_inflammation,No,No,1,No
1479,hoc_tumor_promoting_inflammation,No,No,1,No
1480,hoc_tumor_promoting_inflammation,Yes,No,0,No
1481,hoc_tumor_promoting_inflammation,Yes,No,0,No
1482,hoc_tumor_promoting_inflammation,No,No,1,No
1483,hoc_tumor_promoting_inflammation,No,No,1,No
1484,hoc_tumor_promoting_inflammation,Yes,No,0,No
1485,hoc_tumor_promoting_inflammation,No,No,1,No
1486,hoc_tumor_promoting_inflammation,No,No,1,No
1487,hoc_tumor_promoting_inflammation,No,No,1,No
1488,hoc_tumor_promoting_inflammation,Yes,No,0,No
1489,hoc_tumor_promoting_inflammation,No,No,1,No
1490,hoc_tumor_promoting_inflammation,No,No,1,No
1491,hoc_tumor_promoting_inflammation,No,No,1,No
1492,hoc_tumor_promoting_inflammation,No,Yes,0,Yes
1493,hoc_tumor_promoting_inflammation,Yes,No,0,No
1494,hoc_tumor_promoting_inflammation,No,No,1,No
1495,hoc_tumor_promoting_inflammation,No,No,1,No
1496,hoc_tumor_promoting_inflammation,Yes,No,0,No
1497,hoc_tumor_promoting_inflammation,No,No,1,No
1498,hoc_tumor_promoting_inflammation,No,No,1,No
1499,hoc_tumor_promoting_inflammation,No,No,1,No
1500,hoc_tumor_promoting_inflammation,No,No,1,No
1501,hoc_tumor_promoting_inflammation,No,No,1,No
1502,hoc_tumor_promoting_inflammation,No,Yes,0,Yes
1503,hoc_tumor_promoting_inflammation,No,No,1,No
1504,hoc_tumor_promoting_inflammation,No,No,1,No
1505,hoc_tumor_promoting_inflammation,No,No,1,No
1506,hoc_tumor_promoting_inflammation,Yes,No,0,No
1507,hoc_tumor_promoting_inflammation,No,No,1,No
1508,hoc_tumor_promoting_inflammation,No,No,1,No
1509,hoc_tumor_promoting_inflammation,No,Yes,0,Yes
1510,hoc_tumor_promoting_inflammation,No,No,1,No
1511,hoc_tumor_promoting_inflammation,No,No,1,No
1512,hoc_tumor_promoting_inflammation,No,No,1,No
1513,hoc_tumor_promoting_inflammation,No,No,1,No
1514,hoc_tumor_promoting_inflammation,No,No,1,No
1515,hoc_tumor_promoting_inflammation,No,No,1,No
1516,hoc_tumor_promoting_inflammation,No,No,1,No
1517,hoc_tumor_promoting_inflammation,Yes,No,0,No
1518,hoc_tumor_promoting_inflammation,No,No,1,No
1519,hoc_tumor_promoting_inflammation,No,No,1,No
1520,hoc_tumor_promoting_inflammation,No,No,1,No
1521,hoc_tumor_promoting_inflammation,Yes,Yes,1,Yes
1522,hoc_tumor_promoting_inflammation,No,No,1,No
1523,hoc_tumor_promoting_inflammation,No,No,1,No
1524,hoc_tumor_promoting_inflammation,No,No,1,No
1525,hoc_tumor_promoting_inflammation,No,No,1,No
1526,hoc_tumor_promoting_inflammation,No,No,1,No
1527,hoc_tumor_promoting_inflammation,No,No,1,No
1528,hoc_tumor_promoting_inflammation,Yes,No,0,No
1529,hoc_tumor_promoting_inflammation,No,No,1,No
1530,hoc_tumor_promoting_inflammation,No,No,1,No
1531,hoc_tumor_promoting_inflammation,No,No,1,No
1532,hoc_tumor_promoting_inflammation,No,No,1,No
1533,hoc_tumor_promoting_inflammation,No,No,1,No
1534,hoc_tumor_promoting_inflammation,No,No,1,No
1535,hoc_tumor_promoting_inflammation,Yes,No,0,No
1536,hoc_tumor_promoting_inflammation,No,No,1,No
1537,hoc_tumor_promoting_inflammation,No,No,1,No
1538,hoc_tumor_promoting_inflammation,No,No,1,No
1539,hoc_tumor_promoting_inflammation,No,No,1,No
1540,hoc_tumor_promoting_inflammation,No,No,1,No
1541,hoc_tumor_promoting_inflammation,No,No,1,No
1542,hoc_tumor_promoting_inflammation,No,No,1,No
1543,hoc_tumor_promoting_inflammation,No,No,1,No
1544,hoc_tumor_promoting_inflammation,No,No,1,No
1545,hoc_tumor_promoting_inflammation,No,No,1,No
1546,hoc_tumor_promoting_inflammation,No,No,1,No
1547,hoc_tumor_promoting_inflammation,No,No,1,No
1548,hoc_tumor_promoting_inflammation,No,No,1,No
1549,hoc_tumor_promoting_inflammation,No,No,1,No
1550,hoc_tumor_promoting_inflammation,No,No,1,No
1551,hoc_tumor_promoting_inflammation,No,No,1,No
1552,hoc_tumor_promoting_inflammation,No,No,1,No
1553,hoc_tumor_promoting_inflammation,No,No,1,No
1554,hoc_tumor_promoting_inflammation,No,No,1,No
1555,hoc_tumor_promoting_inflammation,No,No,1,No
1556,hoc_tumor_promoting_inflammation,No,No,1,No
1557,hoc_tumor_promoting_inflammation,No,No,1,No
1558,hoc_tumor_promoting_inflammation,No,No,1,No
1559,hoc_tumor_promoting_inflammation,No,No,1,No
1560,hoc_tumor_promoting_inflammation,No,Yes,0,Yes
1561,hoc_tumor_promoting_inflammation,No,Yes,0,Yes
1562,hoc_tumor_promoting_inflammation,No,No,1,No
1563,hoc_tumor_promoting_inflammation,No,No,1,No
1564,hoc_tumor_promoting_inflammation,No,No,1,No
1565,hoc_tumor_promoting_inflammation,No,No,1,No
1566,hoc_tumor_promoting_inflammation,No,No,1,No
1567,hoc_tumor_promoting_inflammation,Yes,Yes,1,Yes
1568,hoc_tumor_promoting_inflammation,No,No,1,No
1569,hoc_tumor_promoting_inflammation,No,No,1,No
1570,hoc_tumor_promoting_inflammation,Yes,No,0,No
1571,hoc_tumor_promoting_inflammation,No,No,1,No
1572,hoc_tumor_promoting_inflammation,No,No,1,No
1573,hoc_tumor_promoting_inflammation,Yes,No,0,No
1574,hoc_tumor_promoting_inflammation,No,No,1,No
1575,hoc_tumor_promoting_inflammation,No,No,1,No
1576,hoc_tumor_promoting_inflammation,No,No,1,No
1577,hoc_tumor_promoting_inflammation,No,No,1,No
1578,hoc_tumor_promoting_inflammation,Yes,Yes,1,Yes
1579,hoc_tumor_promoting_inflammation,Yes,Yes,1,Yes
1580,hoc_tumor_promoting_inflammation,No,No,1,No
1581,hoc_tumor_promoting_inflammation,Yes,Yes,1,Yes
1582,hoc_tumor_promoting_inflammation,No,No,1,No
1583,hoc_tumor_promoting_inflammation,Yes,Yes,1,Yes
1584,hoc_tumor_promoting_inflammation,No,No,1,No
1585,hoc_tumor_promoting_inflammation,Yes,No,0,No
1586,hoc_tumor_promoting_inflammation,Yes,Yes,1,Yes
1587,hoc_tumor_promoting_inflammation,No,No,1,No
1588,hoc_tumor_promoting_inflammation,No,No,1,No
1589,hoc_tumor_promoting_inflammation,Yes,No,0,No
1590,hoc_tumor_promoting_inflammation,No,No,1,No
1591,hoc_tumor_promoting_inflammation,No,No,1,No
1592,hoc_tumor_promoting_inflammation,No,No,1,No
1593,hoc_tumor_promoting_inflammation,No,No,1,No
1594,hoc_tumor_promoting_inflammation,No,No,1,No
1595,hoc_tumor_promoting_inflammation,No,No,1,No
1596,hoc_tumor_promoting_inflammation,Yes,No,0,No
1597,hoc_tumor_promoting_inflammation,No,No,1,No
1598,hoc_tumor_promoting_inflammation,No,No,1,No
1599,hoc_tumor_promoting_inflammation,No,No,1,No
1600,hoc_tumor_promoting_inflammation,No,No,1,No
1601,hoc_tumor_promoting_inflammation,No,No,1,No
1602,hoc_tumor_promoting_inflammation,No,No,1,No
1603,hoc_tumor_promoting_inflammation,No,No,1,No
1604,hoc_tumor_promoting_inflammation,No,Yes,0,Yes
1605,hoc_tumor_promoting_inflammation,No,No,1,No
1606,hoc_tumor_promoting_inflammation,No,No,1,No
1607,hoc_tumor_promoting_inflammation,No,No,1,No
1608,hoc_tumor_promoting_inflammation,Yes,Yes,1,Yes
1609,hoc_tumor_promoting_inflammation,No,No,1,No
1610,hoc_tumor_promoting_inflammation,Yes,No,0,No
1611,hoc_tumor_promoting_inflammation,No,No,1,No
1612,hoc_tumor_promoting_inflammation,No,No,1,No
1613,hoc_tumor_promoting_inflammation,Yes,No,0,No
1614,hoc_tumor_promoting_inflammation,No,No,1,No
1615,hoc_tumor_promoting_inflammation,No,No,1,No
1616,hoc_tumor_promoting_inflammation,No,No,1,No
1617,hoc_tumor_promoting_inflammation,No,No,1,No
1618,hoc_tumor_promoting_inflammation,No,No,1,No
1619,hoc_tumor_promoting_inflammation,No,No,1,No
1620,hoc_tumor_promoting_inflammation,No,No,1,No
1621,hoc_tumor_promoting_inflammation,No,Yes,0,Yes
1622,hoc_tumor_promoting_inflammation,No,No,1,No
1623,hoc_tumor_promoting_inflammation,No,No,1,No
1624,hoc_tumor_promoting_inflammation,No,No,1,No
1625,hoc_tumor_promoting_inflammation,No,No,1,No
1626,hoc_tumor_promoting_inflammation,Yes,No,0,No
1627,hoc_tumor_promoting_inflammation,Yes,Yes,1,Yes
1628,hoc_tumor_promoting_inflammation,No,No,1,No
1629,hoc_tumor_promoting_inflammation,No,No,1,No
1630,hoc_tumor_promoting_inflammation,No,No,1,No
1631,hoc_tumor_promoting_inflammation,No,No,1,No
1632,hoc_tumor_promoting_inflammation,No,No,1,No
1633,hoc_tumor_promoting_inflammation,No,No,1,No
1634,hoc_tumor_promoting_inflammation,No,No,1,No
1635,hoc_tumor_promoting_inflammation,No,No,1,No
1636,hoc_tumor_promoting_inflammation,No,No,1,No
1637,hoc_tumor_promoting_inflammation,No,No,1,No
1638,hoc_tumor_promoting_inflammation,No,No,1,No
1639,hoc_tumor_promoting_inflammation,No,No,1,No
1640,hoc_tumor_promoting_inflammation,No,No,1,No
1641,hoc_tumor_promoting_inflammation,No,No,1,No
1642,hoc_tumor_promoting_inflammation,No,No,1,No
1643,hoc_tumor_promoting_inflammation,No,No,1,No
1644,hoc_tumor_promoting_inflammation,No,No,1,No
1645,hoc_tumor_promoting_inflammation,No,No,1,No
1646,hoc_tumor_promoting_inflammation,No,No,1,No
1647,hoc_tumor_promoting_inflammation,No,No,1,No
1648,hoc_tumor_promoting_inflammation,No,No,1,No
1649,hoc_tumor_promoting_inflammation,No,No,1,No
1650,hoc_tumor_promoting_inflammation,No,No,1,No
1651,hoc_tumor_promoting_inflammation,No,No,1,No
1652,hoc_tumor_promoting_inflammation,No,No,1,No
1653,hoc_tumor_promoting_inflammation,Yes,No,0,No
1654,hoc_tumor_promoting_inflammation,No,No,1,No
1655,hoc_tumor_promoting_inflammation,No,No,1,No
1656,hoc_tumor_promoting_inflammation,No,No,1,No
1657,hoc_tumor_promoting_inflammation,No,No,1,No
1658,hoc_tumor_promoting_inflammation,No,No,1,No
1659,hoc_tumor_promoting_inflammation,No,No,1,No
1660,hoc_tumor_promoting_inflammation,No,No,1,No
1661,hoc_tumor_promoting_inflammation,No,No,1,No
1662,hoc_tumor_promoting_inflammation,No,No,1,No
1663,hoc_tumor_promoting_inflammation,No,No,1,No
1664,hoc_tumor_promoting_inflammation,No,No,1,No
1665,hoc_tumor_promoting_inflammation,No,No,1,No
1666,hoc_tumor_promoting_inflammation,No,No,1,No
1667,hoc_tumor_promoting_inflammation,Yes,No,0,No
1668,hoc_tumor_promoting_inflammation,No,No,1,No
1669,hoc_tumor_promoting_inflammation,No,No,1,No
1670,hoc_tumor_promoting_inflammation,Yes,Yes,1,Yes
1671,hoc_tumor_promoting_inflammation,No,No,1,No
1672,hoc_tumor_promoting_inflammation,No,No,1,No
1673,hoc_tumor_promoting_inflammation,No,No,1,No
1674,hoc_tumor_promoting_inflammation,No,No,1,No
1675,hoc_tumor_promoting_inflammation,Yes,No,0,No
1676,hoc_tumor_promoting_inflammation,No,No,1,No
1677,hoc_tumor_promoting_inflammation,No,No,1,No
1678,hoc_tumor_promoting_inflammation,No,No,1,No
1679,hoc_tumor_promoting_inflammation,No,No,1,No
1680,hoc_tumor_promoting_inflammation,No,No,1,No
1681,hoc_tumor_promoting_inflammation,No,No,1,No
1682,hoc_tumor_promoting_inflammation,No,No,1,No
1683,hoc_tumor_promoting_inflammation,No,No,1,No
1684,hoc_tumor_promoting_inflammation,No,No,1,No
1685,hoc_tumor_promoting_inflammation,No,No,1,No
1686,hoc_tumor_promoting_inflammation,No,No,1,No
1687,hoc_tumor_promoting_inflammation,No,No,1,No
1688,hoc_tumor_promoting_inflammation,No,No,1,No
1689,hoc_tumor_promoting_inflammation,No,No,1,No
1690,hoc_tumor_promoting_inflammation,No,No,1,No
1691,hoc_tumor_promoting_inflammation,Yes,No,0,No
1692,hoc_tumor_promoting_inflammation,Yes,Yes,1,Yes
1693,hoc_tumor_promoting_inflammation,No,Yes,0,Yes
1694,hoc_tumor_promoting_inflammation,No,Yes,0,Yes
1695,hoc_tumor_promoting_inflammation,No,No,1,No
1696,hoc_tumor_promoting_inflammation,No,Yes,0,Yes
1697,hoc_tumor_promoting_inflammation,No,No,1,No
1698,hoc_tumor_promoting_inflammation,No,No,1,No
1699,hoc_tumor_promoting_inflammation,Yes,Yes,1,Yes
1700,hoc_tumor_promoting_inflammation,Yes,Yes,1,Yes
1701,hoc_tumor_promoting_inflammation,No,Yes,0,Yes
1702,hoc_tumor_promoting_inflammation,Yes,Yes,1,Yes
1703,hoc_tumor_promoting_inflammation,No,No,1,No
1704,hoc_tumor_promoting_inflammation,No,No,1,No
1705,hoc_tumor_promoting_inflammation,No,No,1,No
1706,hoc_tumor_promoting_inflammation,No,No,1,No
1707,hoc_tumor_promoting_inflammation,No,No,1,No
1708,hoc_tumor_promoting_inflammation,No,No,1,No
1709,hoc_tumor_promoting_inflammation,Yes,No,0,No
1710,hoc_tumor_promoting_inflammation,No,No,1,No
1711,hoc_tumor_promoting_inflammation,Yes,No,0,No
1712,hoc_tumor_promoting_inflammation,No,No,1,No
1713,hoc_tumor_promoting_inflammation,No,No,1,No
1714,hoc_tumor_promoting_inflammation,No,Yes,0,Yes
1715,hoc_tumor_promoting_inflammation,No,No,1,No
1716,hoc_tumor_promoting_inflammation,No,No,1,No
1717,hoc_tumor_promoting_inflammation,No,No,1,No
1718,hoc_tumor_promoting_inflammation,No,No,1,No
1719,hoc_tumor_promoting_inflammation,No,No,1,No
1720,hoc_tumor_promoting_inflammation,No,No,1,No
1721,hoc_tumor_promoting_inflammation,No,No,1,No
1722,hoc_tumor_promoting_inflammation,No,No,1,No
1723,hoc_tumor_promoting_inflammation,No,No,1,No
1724,hoc_tumor_promoting_inflammation,Yes,Yes,1,Yes
1725,hoc_tumor_promoting_inflammation,No,No,1,No
1726,hoc_tumor_promoting_inflammation,No,No,1,No
1727,hoc_tumor_promoting_inflammation,Yes,No,0,No
1728,hoc_tumor_promoting_inflammation,No,No,1,No
1729,hoc_tumor_promoting_inflammation,No,No,1,No
1730,hoc_tumor_promoting_inflammation,No,No,1,No
1731,hoc_tumor_promoting_inflammation,No,No,1,No
1732,hoc_tumor_promoting_inflammation,No,No,1,No
1733,hoc_tumor_promoting_inflammation,No,No,1,No
1734,hoc_tumor_promoting_inflammation,No,No,1,No
1735,hoc_tumor_promoting_inflammation,No,No,1,No
1736,hoc_tumor_promoting_inflammation,No,No,1,No
1737,hoc_tumor_promoting_inflammation,Yes,No,0,No
1738,hoc_tumor_promoting_inflammation,No,No,1,No
1739,hoc_tumor_promoting_inflammation,No,No,1,No
1740,hoc_tumor_promoting_inflammation,No,No,1,No
1741,hoc_tumor_promoting_inflammation,No,No,1,No
1742,hoc_tumor_promoting_inflammation,No,No,1,No
1743,hoc_tumor_promoting_inflammation,No,No,1,No
1744,hoc_tumor_promoting_inflammation,No,No,1,No
1745,hoc_tumor_promoting_inflammation,No,No,1,No
1746,hoc_tumor_promoting_inflammation,No,No,1,No
1747,hoc_tumor_promoting_inflammation,No,No,1,No
1748,hoc_tumor_promoting_inflammation,No,No,1,No
1749,hoc_tumor_promoting_inflammation,Yes,No,0,No
1750,hoc_tumor_promoting_inflammation,Yes,No,0,No
1751,hoc_tumor_promoting_inflammation,No,No,1,No
1752,hoc_tumor_promoting_inflammation,No,No,1,No
1753,hoc_tumor_promoting_inflammation,Yes,Yes,1,Yes
1754,hoc_tumor_promoting_inflammation,No,No,1,No
1755,hoc_tumor_promoting_inflammation,No,No,1,No
1756,hoc_tumor_promoting_inflammation,Yes,Yes,1,Yes
1757,hoc_tumor_promoting_inflammation,Yes,Yes,1,Yes
1758,hoc_tumor_promoting_inflammation,Yes,Yes,1,Yes
1759,hoc_tumor_promoting_inflammation,No,No,1,No
1760,hoc_tumor_promoting_inflammation,No,No,1,No
1761,hoc_tumor_promoting_inflammation,Yes,Yes,1,Yes
1762,hoc_tumor_promoting_inflammation,No,No,1,No
1763,hoc_tumor_promoting_inflammation,No,No,1,No
1764,hoc_tumor_promoting_inflammation,No,No,1,No
1765,hoc_tumor_promoting_inflammation,No,No,1,No
1766,hoc_tumor_promoting_inflammation,No,No,1,No
1767,hoc_tumor_promoting_inflammation,No,No,1,No
1768,hoc_tumor_promoting_inflammation,No,No,1,No
1769,hoc_tumor_promoting_inflammation,No,No,1,No
1770,hoc_tumor_promoting_inflammation,No,No,1,No
1771,hoc_tumor_promoting_inflammation,No,No,1,No
1772,hoc_tumor_promoting_inflammation,No,No,1,No
1773,hoc_tumor_promoting_inflammation,No,No,1,No
1774,hoc_tumor_promoting_inflammation,No,No,1,No
1775,hoc_tumor_promoting_inflammation,No,No,1,No
1776,hoc_tumor_promoting_inflammation,Yes,No,0,No
1777,hoc_tumor_promoting_inflammation,No,No,1,No
1778,hoc_tumor_promoting_inflammation,No,No,1,No
1779,hoc_tumor_promoting_inflammation,No,No,1,No
1780,hoc_tumor_promoting_inflammation,Yes,Yes,1,Yes
1781,hoc_tumor_promoting_inflammation,No,No,1,No
1782,hoc_tumor_promoting_inflammation,No,No,1,No
1783,hoc_tumor_promoting_inflammation,Yes,No,0,No
1784,hoc_tumor_promoting_inflammation,No,No,1,No
1785,hoc_tumor_promoting_inflammation,No,No,1,No
1786,hoc_tumor_promoting_inflammation,No,No,1,No
1787,hoc_tumor_promoting_inflammation,No,No,1,No
1788,hoc_tumor_promoting_inflammation,No,No,1,No
1789,hoc_tumor_promoting_inflammation,No,No,1,No
1790,hoc_tumor_promoting_inflammation,No,No,1,No
1791,hoc_tumor_promoting_inflammation,Yes,No,0,No
1792,hoc_tumor_promoting_inflammation,No,No,1,No
1793,hoc_tumor_promoting_inflammation,No,No,1,No
1794,hoc_tumor_promoting_inflammation,No,No,1,No
1795,hoc_tumor_promoting_inflammation,No,No,1,No
1796,hoc_tumor_promoting_inflammation,No,No,1,No
1797,hoc_tumor_promoting_inflammation,No,No,1,No
1798,hoc_tumor_promoting_inflammation,No,No,1,No
1799,hoc_tumor_promoting_inflammation,No,No,1,No
1800,hoc_tumor_promoting_inflammation,Yes,No,0,No
1801,hoc_tumor_promoting_inflammation,No,No,1,No
1802,hoc_tumor_promoting_inflammation,No,No,1,No
1803,hoc_tumor_promoting_inflammation,Yes,No,0,No
1804,hoc_tumor_promoting_inflammation,No,No,1,No
1805,hoc_tumor_promoting_inflammation,No,No,1,No
1806,hoc_tumor_promoting_inflammation,No,No,1,No
1807,hoc_tumor_promoting_inflammation,Yes,Yes,1,Yes
1808,hoc_tumor_promoting_inflammation,No,No,1,No
1809,hoc_tumor_promoting_inflammation,No,No,1,No
1810,hoc_tumor_promoting_inflammation,No,No,1,No
1811,hoc_tumor_promoting_inflammation,No,No,1,No
1812,hoc_tumor_promoting_inflammation,Yes,No,0,No
1813,hoc_tumor_promoting_inflammation,Yes,Yes,1,Yes
1814,hoc_tumor_promoting_inflammation,No,No,1,No
1815,hoc_tumor_promoting_inflammation,No,No,1,No
1816,hoc_tumor_promoting_inflammation,Yes,No,0,No
1817,hoc_tumor_promoting_inflammation,No,No,1,No
1818,hoc_tumor_promoting_inflammation,No,No,1,No
1819,hoc_tumor_promoting_inflammation,No,No,1,No
1820,hoc_tumor_promoting_inflammation,No,No,1,No
1821,hoc_tumor_promoting_inflammation,No,No,1,No
1822,hoc_tumor_promoting_inflammation,No,No,1,No
1823,hoc_tumor_promoting_inflammation,No,No,1,No
1824,hoc_tumor_promoting_inflammation,No,No,1,No
1825,hoc_tumor_promoting_inflammation,No,No,1,No
1826,hoc_tumor_promoting_inflammation,No,No,1,No
1827,hoc_tumor_promoting_inflammation,No,No,1,No
1828,hoc_tumor_promoting_inflammation,No,No,1,No
1829,hoc_tumor_promoting_inflammation,No,No,1,No
1830,hoc_tumor_promoting_inflammation,No,No,1,No
1831,hoc_tumor_promoting_inflammation,No,No,1,No
1832,hoc_tumor_promoting_inflammation,No,No,1,No
1833,hoc_tumor_promoting_inflammation,No,No,1,No
1834,hoc_tumor_promoting_inflammation,No,No,1,No
1835,hoc_tumor_promoting_inflammation,No,No,1,No
1836,hoc_tumor_promoting_inflammation,No,No,1,No
1837,hoc_tumor_promoting_inflammation,Yes,No,0,No
1838,hoc_tumor_promoting_inflammation,No,No,1,No
1839,hoc_tumor_promoting_inflammation,No,No,1,No
1840,hoc_tumor_promoting_inflammation,No,No,1,No
1841,hoc_tumor_promoting_inflammation,No,No,1,No
1842,hoc_tumor_promoting_inflammation,No,No,1,No
1843,hoc_tumor_promoting_inflammation,No,No,1,No
1844,hoc_tumor_promoting_inflammation,No,No,1,No
1845,hoc_tumor_promoting_inflammation,No,No,1,No
1846,hoc_tumor_promoting_inflammation,Yes,No,0,No
1847,hoc_tumor_promoting_inflammation,No,No,1,No
1848,hoc_tumor_promoting_inflammation,No,No,1,No
1849,hoc_tumor_promoting_inflammation,No,No,1,No
1850,hoc_tumor_promoting_inflammation,No,No,1,No
1851,hoc_tumor_promoting_inflammation,Yes,Yes,1,Yes
